latitude,longitude,elevation,utc_offset_seconds,timezone,timezone_abbreviation
-26.88928,-56.873596,167.0,0,GMT,GMT

time,temperature_2m (°C),relative_humidity_2m (%),dew_point_2m (°C),rain (mm),surface_pressure (hPa),wind_speed_10m (km/h),direct_radiation (W/m²)
2025-01-01T00:00,27.6,54,17.5,0.00,987.6,2.1,0.0
2025-01-01T01:00,27.6,52,16.8,0.00,987.6,1.3,0.0
2025-01-01T02:00,27.5,51,16.4,0.00,988.3,1.3,0.0
2025-01-01T03:00,26.6,54,16.5,0.00,988.3,2.0,0.0
2025-01-01T04:00,26.0,54,16.0,0.00,988.3,3.2,0.0
2025-01-01T05:00,26.5,50,15.4,0.00,987.8,1.7,0.0
2025-01-01T06:00,24.1,57,15.2,0.00,987.4,8.3,0.0
2025-01-01T07:00,23.1,65,16.1,0.00,987.3,6.0,0.0
2025-01-01T08:00,23.0,66,16.4,0.00,987.6,7.0,0.0
2025-01-01T09:00,22.1,75,17.5,0.00,988.0,6.8,0.0
2025-01-01T10:00,23.5,78,19.3,0.00,988.5,6.9,44.0
2025-01-01T11:00,25.8,75,21.1,0.00,989.5,6.7,211.0
2025-01-01T12:00,28.0,69,21.9,0.00,990.2,7.5,424.0
2025-01-01T13:00,31.0,63,23.1,0.00,989.9,9.3,625.0
2025-01-01T14:00,32.8,50,21.1,0.00,989.5,13.6,771.0
2025-01-01T15:00,34.2,38,17.9,0.00,989.5,16.0,785.0
2025-01-01T16:00,34.6,37,17.6,0.00,989.5,16.4,894.0
2025-01-01T17:00,34.5,38,18.0,0.00,989.0,12.2,573.0
2025-01-01T18:00,34.9,37,18.0,0.00,988.4,9.8,491.0
2025-01-01T19:00,35.2,36,18.0,0.00,987.4,8.4,502.0
2025-01-01T20:00,34.1,41,19.0,0.00,986.5,7.3,113.0
2025-01-01T21:00,33.5,43,19.2,0.00,986.4,10.1,264.0
2025-01-01T22:00,31.0,49,19.0,0.00,986.9,10.8,118.0
2025-01-01T23:00,29.6,48,17.5,0.00,987.1,10.5,14.0
2025-01-02T00:00,28.9,50,17.3,0.00,987.8,10.5,0.0
2025-01-02T01:00,28.1,53,17.8,0.00,988.6,14.5,0.0
2025-01-02T02:00,27.1,59,18.5,0.00,989.4,14.1,0.0
2025-01-02T03:00,27.0,59,18.2,0.00,989.5,20.7,0.0
2025-01-02T04:00,25.2,69,19.0,0.10,990.2,8.9,0.0
2025-01-02T05:00,24.5,77,20.1,0.60,989.9,6.3,0.0
2025-01-02T06:00,23.6,87,21.5,1.50,989.6,1.7,0.0
2025-01-02T07:00,23.2,95,22.4,0.00,989.3,2.8,0.0
2025-01-02T08:00,23.1,94,22.0,0.00,989.3,5.2,0.0
2025-01-02T09:00,22.9,95,22.0,0.00,989.7,7.7,0.0
2025-01-02T10:00,23.1,95,22.4,0.00,990.1,7.0,36.0
2025-01-02T11:00,24.5,88,22.4,0.00,990.7,5.1,190.0
2025-01-02T12:00,26.0,78,22.0,0.00,991.3,6.2,407.0
2025-01-02T13:00,29.4,67,22.5,0.00,990.7,2.6,607.0
2025-01-02T14:00,30.8,62,22.8,0.00,990.9,3.8,774.0
2025-01-02T15:00,32.0,57,22.4,0.00,990.6,7.0,874.0
2025-01-02T16:00,32.8,53,22.0,0.00,990.1,9.7,922.0
2025-01-02T17:00,32.8,49,20.8,0.00,989.5,11.2,782.0
2025-01-02T18:00,32.8,48,20.2,0.00,988.9,12.6,739.0
2025-01-02T19:00,32.8,46,19.5,0.00,988.0,13.9,629.0
2025-01-02T20:00,32.3,46,19.1,0.00,987.3,15.4,502.0
2025-01-02T21:00,31.7,50,20.0,0.00,986.8,12.0,327.0
2025-01-02T22:00,30.1,58,20.8,0.00,987.1,8.0,145.0
2025-01-02T23:00,28.0,63,20.4,0.00,987.4,6.3,16.0
2025-01-03T00:00,27.0,66,20.1,0.00,988.2,6.1,0.0
2025-01-03T01:00,26.1,67,19.5,0.00,989.0,6.1,0.0
2025-01-03T02:00,26.0,66,19.0,0.00,989.6,7.0,0.0
2025-01-03T03:00,25.6,66,18.8,0.00,989.8,6.9,0.0
2025-01-03T04:00,24.9,69,18.8,0.00,989.3,6.9,0.0
2025-01-03T05:00,24.4,71,18.7,0.00,988.7,6.8,0.0
2025-01-03T06:00,23.9,72,18.5,0.00,988.8,6.3,0.0
2025-01-03T07:00,23.5,73,18.4,0.00,988.8,6.9,0.0
2025-01-03T08:00,23.4,74,18.4,0.00,989.0,8.2,0.0
2025-01-03T09:00,23.4,74,18.4,0.00,989.2,9.8,0.0
2025-01-03T10:00,24.5,73,19.3,0.00,989.8,10.8,41.0
2025-01-03T11:00,26.8,71,21.0,0.00,990.6,10.7,206.0
2025-01-03T12:00,28.0,59,19.3,0.00,991.2,10.6,418.0
2025-01-03T13:00,29.8,51,18.6,0.00,991.2,8.5,621.0
2025-01-03T14:00,31.5,42,17.2,0.00,991.5,8.7,790.0
2025-01-03T15:00,32.7,36,15.5,0.00,991.3,8.9,908.0
2025-01-03T16:00,33.5,34,15.4,0.00,991.1,8.9,962.0
2025-01-03T17:00,34.1,32,15.2,0.00,990.6,9.5,953.0
2025-01-03T18:00,34.3,32,15.2,0.00,989.8,14.1,879.0
2025-01-03T19:00,33.9,32,15.1,0.00,988.8,15.8,728.0
2025-01-03T20:00,33.3,34,15.4,0.00,988.1,14.7,569.0
2025-01-03T21:00,31.9,42,17.2,0.00,987.6,13.6,360.0
2025-01-03T22:00,29.7,47,17.1,0.00,987.5,12.2,154.0
2025-01-03T23:00,28.4,44,15.1,0.00,987.9,13.2,17.0
2025-01-04T00:00,27.8,42,13.6,0.00,988.8,12.7,0.0
2025-01-04T01:00,26.4,47,14.1,0.00,990.1,14.8,0.0
2025-01-04T02:00,25.2,46,12.9,0.00,990.7,10.3,0.0
2025-01-04T03:00,25.4,42,11.7,0.00,990.8,9.4,0.0
2025-01-04T04:00,24.6,43,11.4,0.00,991.1,9.8,0.0
2025-01-04T05:00,23.9,50,12.9,0.00,990.9,8.7,0.0
2025-01-04T06:00,22.6,61,14.6,0.00,990.9,7.7,0.0
2025-01-04T07:00,21.8,66,15.1,0.00,990.9,6.5,0.0
2025-01-04T08:00,21.0,69,15.1,0.00,991.1,6.5,0.0
2025-01-04T09:00,20.9,67,14.4,0.00,991.3,7.6,0.0
2025-01-04T10:00,21.9,65,15.0,0.00,992.2,10.3,41.0
2025-01-04T11:00,24.0,63,16.5,0.00,992.8,11.0,207.0
2025-01-04T12:00,26.0,55,16.3,0.00,993.1,10.3,425.0
2025-01-04T13:00,28.0,45,14.9,0.00,993.8,8.9,632.0
2025-01-04T14:00,29.0,41,14.2,0.00,993.8,11.3,799.0
2025-01-04T15:00,29.7,40,14.5,0.00,993.5,10.9,916.0
2025-01-04T16:00,30.5,38,14.4,0.00,993.0,11.8,973.0
2025-01-04T17:00,31.1,36,14.2,0.00,992.5,15.0,965.0
2025-01-04T18:00,31.2,35,14.1,0.00,991.8,16.3,891.0
2025-01-04T19:00,31.2,34,13.6,0.00,990.7,16.5,759.0
2025-01-04T20:00,30.5,36,13.7,0.00,990.0,18.2,579.0
2025-01-04T21:00,29.5,40,14.6,0.00,989.2,15.8,368.0
2025-01-04T22:00,27.6,45,14.6,0.00,989.0,13.6,159.0
2025-01-04T23:00,26.3,43,12.6,0.00,989.2,15.0,18.0
2025-01-05T00:00,25.0,47,12.8,0.00,989.9,11.7,0.0
2025-01-05T01:00,23.5,54,13.8,0.00,990.9,8.9,0.0
2025-01-05T02:00,22.4,60,14.2,0.00,991.3,7.4,0.0
2025-01-05T03:00,21.8,63,14.4,0.00,991.6,8.0,0.0
2025-01-05T04:00,20.9,67,14.6,0.00,991.4,6.3,0.0
2025-01-05T05:00,20.6,67,14.3,0.00,991.3,6.2,0.0
2025-01-05T06:00,20.4,67,14.1,0.00,991.1,5.4,0.0
2025-01-05T07:00,20.0,68,13.9,0.00,990.8,5.7,0.0
2025-01-05T08:00,19.4,71,13.9,0.00,990.9,7.0,0.0
2025-01-05T09:00,18.8,75,14.1,0.00,991.1,6.3,0.0
2025-01-05T10:00,20.6,73,15.6,0.00,991.9,4.9,42.0
2025-01-05T11:00,23.2,69,17.4,0.00,992.5,4.3,212.0
2025-01-05T12:00,25.3,60,17.1,0.00,992.9,4.5,431.0
2025-01-05T13:00,27.2,49,15.5,0.00,993.4,4.6,643.0
2025-01-05T14:00,28.5,41,13.9,0.00,993.7,1.8,815.0
2025-01-05T15:00,29.3,39,14.0,0.00,993.4,2.7,933.0
2025-01-05T16:00,30.1,38,14.3,0.00,993.0,6.3,991.0
2025-01-05T17:00,30.6,37,14.4,0.00,992.3,8.1,981.0
2025-01-05T18:00,30.9,37,14.6,0.00,991.5,8.2,905.0
2025-01-05T19:00,31.0,37,14.6,0.00,990.6,8.1,768.0
2025-01-05T20:00,31.0,37,14.5,0.00,989.9,7.8,583.0
2025-01-05T21:00,30.4,43,16.4,0.00,989.3,7.1,366.0
2025-01-05T22:00,28.1,59,19.4,0.00,989.1,5.1,156.0
2025-01-05T23:00,25.2,59,16.7,0.00,989.2,6.6,16.0
2025-01-06T00:00,24.2,55,14.6,0.00,989.8,7.3,0.0
2025-01-06T01:00,24.0,55,14.5,0.00,990.4,5.9,0.0
2025-01-06T02:00,23.6,51,12.9,0.00,991.0,9.6,0.0
2025-01-06T03:00,23.5,53,13.6,0.00,991.4,11.6,0.0
2025-01-06T04:00,22.5,61,14.7,0.00,990.9,8.4,0.0
2025-01-06T05:00,21.8,67,15.3,0.00,990.4,7.5,0.0
2025-01-06T06:00,21.4,70,15.8,0.00,990.3,7.5,0.0
2025-01-06T07:00,21.3,72,16.1,0.00,990.4,8.6,0.0
2025-01-06T08:00,21.0,75,16.5,0.00,990.4,9.4,0.0
2025-01-06T09:00,20.5,76,16.1,0.00,990.6,10.1,0.0
2025-01-06T10:00,21.2,74,16.4,0.00,991.4,11.5,37.0
2025-01-06T11:00,23.1,69,17.2,0.00,992.2,10.6,202.0
2025-01-06T12:00,25.1,62,17.2,0.00,992.7,10.6,417.0
2025-01-06T13:00,27.2,54,17.2,0.00,993.0,9.8,613.0
2025-01-06T14:00,28.9,45,15.8,0.00,992.9,10.7,733.0
2025-01-06T15:00,29.9,41,15.2,0.00,992.7,8.9,851.0
2025-01-06T16:00,30.5,40,15.2,0.00,992.3,8.4,868.0
2025-01-06T17:00,31.0,39,15.3,0.00,992.0,9.3,793.0
2025-01-06T18:00,31.2,37,14.8,0.00,991.3,11.4,799.0
2025-01-06T19:00,31.0,35,13.6,0.00,990.4,13.8,758.0
2025-01-06T20:00,30.4,39,14.7,0.00,989.6,12.3,582.0
2025-01-06T21:00,29.7,46,16.8,0.00,988.8,9.0,369.0
2025-01-06T22:00,27.9,53,17.4,0.00,988.4,8.4,158.0
2025-01-06T23:00,26.1,50,14.9,0.00,988.8,9.6,18.0
2025-01-07T00:00,24.5,54,14.7,0.00,989.7,7.4,0.0
2025-01-07T01:00,24.6,51,13.6,0.00,990.3,9.3,0.0
2025-01-07T02:00,23.8,53,13.6,0.00,990.8,9.9,0.0
2025-01-07T03:00,23.1,54,13.2,0.00,991.1,9.4,0.0
2025-01-07T04:00,22.4,57,13.5,0.00,990.8,9.4,0.0
2025-01-07T05:00,21.8,66,15.1,0.00,990.7,10.6,0.0
2025-01-07T06:00,21.7,69,15.7,0.00,990.5,11.7,0.0
2025-01-07T07:00,21.2,68,15.2,0.00,990.1,11.8,0.0
2025-01-07T08:00,20.7,67,14.4,0.00,989.8,11.4,0.0
2025-01-07T09:00,20.2,68,14.0,0.00,990.0,11.3,0.0
2025-01-07T10:00,20.8,69,15.0,0.00,990.6,12.0,36.0
2025-01-07T11:00,23.0,68,16.6,0.00,991.3,11.1,179.0
2025-01-07T12:00,25.0,62,17.2,0.00,991.8,10.9,412.0
2025-01-07T13:00,27.0,58,18.0,0.00,992.2,11.5,621.0
2025-01-07T14:00,28.6,50,17.2,0.00,992.4,10.9,793.0
2025-01-07T15:00,29.8,43,15.8,0.00,992.5,11.1,914.0
2025-01-07T16:00,30.5,40,15.2,0.00,992.3,11.1,972.0
2025-01-07T17:00,31.0,37,14.4,0.00,991.9,12.4,966.0
2025-01-07T18:00,31.1,34,13.2,0.00,991.3,14.0,893.0
2025-01-07T19:00,31.0,33,12.6,0.00,990.3,13.4,761.0
2025-01-07T20:00,30.6,34,13.0,0.00,989.6,11.9,582.0
2025-01-07T21:00,29.9,40,14.9,0.00,989.1,9.8,371.0
2025-01-07T22:00,27.9,48,15.8,0.00,989.1,8.7,159.0
2025-01-07T23:00,26.3,45,13.4,0.00,989.3,8.4,18.0
2025-01-08T00:00,25.2,49,13.9,0.00,989.8,6.1,0.0
2025-01-08T01:00,24.9,46,12.6,0.00,990.5,7.9,0.0
2025-01-08T02:00,23.6,51,12.9,0.00,990.9,8.2,0.0
2025-01-08T03:00,23.1,56,13.9,0.00,991.0,9.4,0.0
2025-01-08T04:00,23.3,59,14.9,0.00,990.6,12.4,0.0
2025-01-08T05:00,23.0,58,14.4,0.00,990.3,13.7,0.0
2025-01-08T06:00,22.6,62,14.9,0.00,989.9,12.8,0.0
2025-01-08T07:00,21.9,64,14.7,0.00,989.9,12.8,0.0
2025-01-08T08:00,21.2,65,14.4,0.00,989.9,12.1,0.0
2025-01-08T09:00,20.7,67,14.4,0.00,990.1,11.5,0.0
2025-01-08T10:00,21.2,70,15.6,0.00,990.6,12.4,36.0
2025-01-08T11:00,23.4,69,17.5,0.00,991.4,12.3,200.0
2025-01-08T12:00,25.3,64,18.0,0.00,991.8,13.0,415.0
2025-01-08T13:00,27.1,61,19.1,0.00,991.8,11.6,621.0
2025-01-08T14:00,28.9,55,19.0,0.00,991.8,9.5,793.0
2025-01-08T15:00,30.3,47,17.9,0.00,991.6,9.7,913.0
2025-01-08T16:00,31.1,44,17.5,0.00,991.4,10.6,971.0
2025-01-08T17:00,31.5,42,16.9,0.00,990.9,11.3,963.0
2025-01-08T18:00,31.6,38,15.7,0.00,989.9,12.1,892.0
2025-01-08T19:00,31.6,35,14.4,0.00,989.2,12.2,761.0
2025-01-08T20:00,31.4,37,15.1,0.00,988.4,11.1,584.0
2025-01-08T21:00,30.6,47,17.9,0.00,987.7,7.5,370.0
2025-01-08T22:00,28.9,57,19.4,0.00,987.2,5.9,158.0
2025-01-08T23:00,26.4,56,16.8,0.00,987.5,7.3,18.0
2025-01-09T00:00,25.3,54,15.3,0.00,988.2,9.2,0.0
2025-01-09T01:00,24.0,56,14.6,0.00,988.7,8.5,0.0
2025-01-09T02:00,23.9,55,14.1,0.00,988.9,12.0,0.0
2025-01-09T03:00,23.7,54,13.9,0.00,988.9,12.0,0.0
2025-01-09T04:00,23.2,54,13.3,0.00,988.8,12.6,0.0
2025-01-09T05:00,22.6,56,13.5,0.00,988.5,11.6,0.0
2025-01-09T06:00,22.2,63,14.8,0.00,988.0,11.3,0.0
2025-01-09T07:00,21.8,70,16.0,0.00,987.7,10.6,0.0
2025-01-09T08:00,21.3,76,16.8,0.00,987.8,10.4,0.0
2025-01-09T09:00,21.0,80,17.5,0.00,988.3,10.1,0.0
2025-01-09T10:00,22.0,81,18.6,0.00,988.7,11.0,35.0
2025-01-09T11:00,24.2,78,20.2,0.00,989.5,9.5,197.0
2025-01-09T12:00,26.2,71,20.5,0.00,989.8,10.9,412.0
2025-01-09T13:00,27.8,66,20.8,0.00,989.5,10.3,618.0
2025-01-09T14:00,29.4,60,20.8,0.00,989.4,8.8,789.0
2025-01-09T15:00,30.7,54,20.4,0.00,989.3,8.1,909.0
2025-01-09T16:00,31.8,47,19.2,0.00,989.0,7.7,954.0
2025-01-09T17:00,32.5,43,18.1,0.00,988.5,7.4,892.0
2025-01-09T18:00,32.8,40,17.4,0.00,987.9,7.8,840.0
2025-01-09T19:00,32.8,37,16.4,0.00,987.3,6.7,708.0
2025-01-09T20:00,32.5,37,16.0,0.00,986.7,5.0,493.0
2025-01-09T21:00,31.5,47,18.8,0.00,986.3,7.3,295.0
2025-01-09T22:00,29.4,52,18.6,0.00,986.4,7.5,140.0
2025-01-09T23:00,27.6,51,16.7,0.00,986.6,4.6,16.0
2025-01-10T00:00,26.5,54,16.4,0.00,987.1,5.7,0.0
2025-01-10T01:00,26.8,51,15.9,0.00,987.7,12.5,0.0
2025-01-10T02:00,26.3,50,15.1,0.00,988.0,12.1,0.0
2025-01-10T03:00,25.7,51,14.7,0.00,988.0,13.7,0.0
2025-01-10T04:00,26.0,50,14.8,0.00,987.9,13.2,0.0
2025-01-10T05:00,25.6,52,15.1,0.00,987.8,10.8,0.0
2025-01-10T06:00,24.9,56,15.4,0.00,987.6,9.6,0.0
2025-01-10T07:00,24.0,59,15.6,0.00,987.4,9.7,0.0
2025-01-10T08:00,23.3,63,15.8,0.00,987.7,9.0,0.0
2025-01-10T09:00,23.6,63,16.2,0.00,988.1,9.3,0.0
2025-01-10T10:00,23.6,69,17.5,0.00,988.7,9.5,21.0
2025-01-10T11:00,25.4,69,19.2,0.00,989.5,9.2,137.0
2025-01-10T12:00,26.6,65,19.5,0.00,989.9,9.0,91.0
2025-01-10T13:00,29.0,61,20.6,0.00,990.0,8.4,545.0
2025-01-10T14:00,30.7,54,20.2,0.00,989.9,7.5,772.0
2025-01-10T15:00,32.1,42,17.6,0.00,989.9,7.5,841.0
2025-01-10T16:00,32.8,39,16.9,0.00,989.5,8.4,856.0
2025-01-10T17:00,33.5,36,16.5,0.00,989.2,11.1,938.0
2025-01-10T18:00,33.5,35,16.1,0.00,988.5,13.0,843.0
2025-01-10T19:00,33.4,34,15.4,0.00,987.6,14.9,686.0
2025-01-10T20:00,32.7,36,15.5,0.00,987.0,16.3,542.0
2025-01-10T21:00,31.8,41,16.9,0.00,986.7,12.8,353.0
2025-01-10T22:00,29.6,47,17.0,0.00,986.8,11.9,91.0
2025-01-10T23:00,29.1,42,14.9,0.00,987.2,14.5,3.0
2025-01-11T00:00,28.6,42,14.4,0.00,988.1,17.3,0.0
2025-01-11T01:00,28.4,43,14.8,0.00,988.7,15.3,0.0
2025-01-11T02:00,27.4,48,15.4,0.00,989.4,12.7,0.0
2025-01-11T03:00,25.6,55,15.8,0.00,989.2,10.3,0.0
2025-01-11T04:00,24.6,60,16.3,0.00,989.1,8.2,0.0
2025-01-11T05:00,23.8,65,16.7,0.00,988.8,7.9,0.0
2025-01-11T06:00,23.3,67,16.9,0.00,988.4,8.8,0.0
2025-01-11T07:00,23.0,72,17.6,0.00,988.0,8.3,0.0
2025-01-11T08:00,22.5,79,18.7,0.00,988.2,8.7,0.0
2025-01-11T09:00,22.2,85,19.6,0.00,988.6,9.6,0.0
2025-01-11T10:00,23.0,86,20.5,0.00,989.5,12.7,30.0
2025-01-11T11:00,24.5,83,21.5,0.00,990.3,13.8,185.0
2025-01-11T12:00,26.0,77,21.5,0.00,991.0,14.4,398.0
2025-01-11T13:00,27.7,70,21.8,0.00,991.1,13.9,603.0
2025-01-11T14:00,29.1,61,20.7,0.00,991.3,15.8,776.0
2025-01-11T15:00,30.1,51,18.8,0.00,991.2,17.1,850.0
2025-01-11T16:00,30.6,47,18.0,0.00,990.9,16.0,848.0
2025-01-11T17:00,31.2,44,17.4,0.00,990.7,15.1,897.0
2025-01-11T18:00,31.5,42,17.0,0.00,990.1,15.2,855.0
2025-01-11T19:00,31.7,41,16.8,0.00,989.2,15.1,707.0
2025-01-11T20:00,31.5,40,16.4,0.00,988.6,15.7,548.0
2025-01-11T21:00,31.0,43,16.9,0.00,988.3,13.9,328.0
2025-01-11T22:00,29.1,49,17.3,0.00,988.6,11.8,132.0
2025-01-11T23:00,27.5,50,16.0,0.00,989.3,10.8,18.0
2025-01-12T00:00,27.4,44,14.1,0.00,990.4,13.8,0.0
2025-01-12T01:00,26.9,42,13.0,0.00,990.8,14.9,0.0
2025-01-12T02:00,26.5,45,13.5,0.00,991.6,15.0,0.0
2025-01-12T03:00,25.5,52,14.9,0.00,991.8,13.2,0.0
2025-01-12T04:00,24.9,58,16.1,0.00,991.6,15.0,0.0
2025-01-12T05:00,24.2,60,16.0,0.00,991.0,13.5,0.0
2025-01-12T06:00,23.5,64,16.4,0.00,990.8,12.8,0.0
2025-01-12T07:00,22.9,68,16.7,0.00,990.8,12.5,0.0
2025-01-12T08:00,22.4,71,16.9,0.00,991.3,14.8,0.0
2025-01-12T09:00,22.1,72,17.0,0.00,991.6,15.8,0.0
2025-01-12T10:00,22.3,74,17.5,0.00,992.1,16.4,30.0
2025-01-12T11:00,23.5,70,17.7,0.00,992.7,18.5,186.0
2025-01-12T12:00,24.6,66,17.9,0.00,992.8,18.9,400.0
2025-01-12T13:00,26.2,64,18.8,0.00,992.4,17.1,606.0
2025-01-12T14:00,27.7,60,19.1,0.00,992.0,17.0,781.0
2025-01-12T15:00,29.0,54,18.8,0.00,991.5,18.1,906.0
2025-01-12T16:00,29.9,49,18.0,0.00,991.0,18.7,969.0
2025-01-12T17:00,30.5,46,17.6,0.00,990.5,18.1,972.0
2025-01-12T18:00,30.9,45,17.6,0.00,989.8,16.4,882.0
2025-01-12T19:00,31.1,44,17.3,0.00,988.8,15.4,759.0
2025-01-12T20:00,31.0,42,16.8,0.00,988.1,14.2,581.0
2025-01-12T21:00,30.4,44,16.9,0.00,987.9,11.8,368.0
2025-01-12T22:00,28.6,50,17.1,0.00,987.7,9.2,154.0
2025-01-12T23:00,27.0,48,15.2,0.00,987.9,8.5,18.0
2025-01-13T00:00,26.3,49,14.6,0.00,988.4,8.7,0.0
2025-01-13T01:00,26.1,46,13.8,0.00,988.8,10.8,0.0
2025-01-13T02:00,25.9,49,14.4,0.00,989.1,12.3,0.0
2025-01-13T03:00,26.0,53,15.6,0.00,989.4,16.2,0.0
2025-01-13T04:00,25.2,56,15.7,0.00,988.9,13.8,0.0
2025-01-13T05:00,24.2,62,16.5,0.00,988.4,12.3,0.0
2025-01-13T06:00,23.5,67,17.0,0.00,988.2,12.2,0.0
2025-01-13T07:00,23.1,69,17.1,0.00,988.0,12.7,0.0
2025-01-13T08:00,22.6,72,17.2,0.00,988.1,13.4,0.0
2025-01-13T09:00,22.3,71,16.7,0.00,988.4,14.3,0.0
2025-01-13T10:00,22.5,70,16.8,0.00,989.0,15.6,28.0
2025-01-13T11:00,24.0,67,17.5,0.00,989.7,14.6,181.0
2025-01-13T12:00,26.0,63,18.3,0.00,990.2,14.4,391.0
2025-01-13T13:00,28.2,62,20.4,0.00,989.6,12.7,590.0
2025-01-13T14:00,30.0,60,21.4,0.00,989.4,9.5,767.0
2025-01-13T15:00,31.0,56,21.1,0.10,989.2,7.0,859.0
2025-01-13T16:00,31.0,55,21.0,0.00,988.8,5.5,420.0
2025-01-13T17:00,31.8,54,21.3,0.00,988.6,3.2,660.0
2025-01-13T18:00,32.4,50,20.8,0.00,987.7,1.2,686.0
2025-01-13T19:00,31.1,53,20.4,0.00,987.2,7.7,532.0
2025-01-13T20:00,29.0,61,20.9,0.50,986.7,10.4,303.0
2025-01-13T21:00,28.9,63,21.0,0.00,986.7,8.3,165.0
2025-01-13T22:00,28.2,67,21.5,0.00,986.7,5.8,109.0
2025-01-13T23:00,27.0,73,21.8,0.00,986.9,2.7,16.0
2025-01-14T00:00,26.5,75,21.5,0.00,987.6,2.9,0.0
2025-01-14T01:00,26.1,73,20.9,0.00,987.3,5.8,0.0
2025-01-14T02:00,26.2,69,20.1,0.00,987.7,11.8,0.0
2025-01-14T03:00,25.6,72,20.1,0.00,987.7,10.3,0.0
2025-01-14T04:00,24.6,76,20.0,0.00,987.3,6.6,0.0
2025-01-14T05:00,24.0,80,20.4,0.00,986.9,6.3,0.0
2025-01-14T06:00,23.6,83,20.6,0.10,987.2,5.7,0.0
2025-01-14T07:00,23.5,85,20.8,0.00,986.9,5.5,0.0
2025-01-14T08:00,23.0,87,20.7,0.00,986.8,7.1,0.0
2025-01-14T09:00,22.5,90,20.8,0.00,987.1,5.4,0.0
2025-01-14T10:00,23.6,88,21.5,0.00,987.8,10.4,26.0
2025-01-14T11:00,25.2,82,22.0,0.00,988.4,8.9,173.0
2025-01-14T12:00,26.9,74,21.8,0.00,988.9,8.7,366.0
2025-01-14T13:00,28.1,71,22.4,0.00,988.5,9.0,497.0
2025-01-14T14:00,29.5,64,22.0,0.00,988.2,9.1,599.0
2025-01-14T15:00,29.7,63,22.0,0.00,987.9,3.0,427.0
2025-01-14T16:00,29.1,66,22.1,0.10,987.9,1.8,623.0
2025-01-14T17:00,30.1,63,22.4,0.00,987.1,9.5,631.0
2025-01-14T18:00,25.5,84,22.5,11.90,988.0,19.3,706.0
2025-01-14T19:00,25.8,81,22.2,2.30,987.2,9.3,132.0
2025-01-14T20:00,25.8,80,22.0,0.00,987.1,8.0,9.0
2025-01-14T21:00,24.9,88,22.6,0.40,986.7,7.1,0.0
2025-01-14T22:00,24.8,88,22.5,0.20,986.2,2.5,26.0
2025-01-14T23:00,23.7,93,22.5,0.00,986.7,6.4,16.0
2025-01-15T00:00,23.3,97,22.8,0.00,987.8,12.3,0.0
2025-01-15T01:00,22.6,88,20.5,0.00,988.4,15.8,0.0
2025-01-15T02:00,22.1,89,20.1,0.00,988.5,14.9,0.0
2025-01-15T03:00,21.5,88,19.5,0.00,988.6,14.4,0.0
2025-01-15T04:00,20.9,90,19.2,0.00,988.4,14.1,0.0
2025-01-15T05:00,20.5,91,19.0,0.00,987.9,13.6,0.0
2025-01-15T06:00,20.2,90,18.5,0.00,987.7,13.5,0.0
2025-01-15T07:00,19.9,90,18.2,0.00,987.7,13.5,0.0
2025-01-15T08:00,19.8,90,18.0,0.00,987.8,13.2,0.0
2025-01-15T09:00,19.6,90,17.9,0.00,988.1,12.1,0.0
2025-01-15T10:00,20.1,89,18.4,0.00,988.9,11.2,26.0
2025-01-15T11:00,21.9,84,19.0,0.00,990.0,11.6,169.0
2025-01-15T12:00,23.9,79,20.0,0.00,990.0,12.0,383.0
2025-01-15T13:00,25.7,74,20.7,0.00,989.8,7.5,583.0
2025-01-15T14:00,27.4,69,21.1,0.00,989.9,5.7,761.0
2025-01-15T15:00,28.8,63,20.9,0.00,989.9,4.0,876.0
2025-01-15T16:00,30.0,57,20.5,0.00,989.4,3.1,947.0
2025-01-15T17:00,30.8,54,20.4,0.00,989.2,1.0,928.0
2025-01-15T18:00,30.9,54,20.5,0.00,988.6,2.4,741.0
2025-01-15T19:00,30.8,52,19.9,0.00,987.9,6.1,651.0
2025-01-15T20:00,30.7,51,19.4,0.00,987.4,8.0,506.0
2025-01-15T21:00,29.6,56,19.9,0.00,987.4,15.0,329.0
2025-01-15T22:00,28.2,64,20.8,0.00,987.5,11.6,140.0
2025-01-15T23:00,27.3,63,19.8,0.00,987.7,12.1,16.0
2025-01-16T00:00,25.9,73,20.6,0.00,988.5,13.4,0.0
2025-01-16T01:00,25.1,72,19.8,0.00,989.2,14.9,0.0
2025-01-16T02:00,23.9,78,19.8,0.00,989.6,11.5,0.0
2025-01-16T03:00,23.1,81,19.7,0.00,989.6,8.7,0.0
2025-01-16T04:00,22.5,83,19.5,0.00,989.3,7.9,0.0
2025-01-16T05:00,21.9,86,19.4,0.00,989.1,9.7,0.0
2025-01-16T06:00,21.4,88,19.3,0.00,989.0,10.1,0.0
2025-01-16T07:00,21.1,88,19.1,0.00,989.0,8.9,0.0
2025-01-16T08:00,20.9,89,19.0,0.00,988.8,7.4,0.0
2025-01-16T09:00,20.8,89,18.9,0.00,989.0,7.7,0.0
2025-01-16T10:00,21.8,86,19.3,0.00,989.4,9.8,25.0
2025-01-16T11:00,24.0,80,20.3,0.00,990.3,8.8,174.0
2025-01-16T12:00,26.1,73,20.9,0.00,991.0,9.8,382.0
2025-01-16T13:00,28.6,68,22.1,0.00,990.7,8.3,588.0
2025-01-16T14:00,30.5,62,22.5,0.00,990.6,8.3,760.0
2025-01-16T15:00,31.8,55,21.5,0.00,990.7,8.9,857.0
2025-01-16T16:00,32.7,52,21.4,0.00,990.4,8.0,896.0
2025-01-16T17:00,33.3,49,21.2,0.00,989.8,6.3,891.0
2025-01-16T18:00,33.3,48,20.7,0.00,989.1,2.3,808.0
2025-01-16T19:00,33.1,48,20.6,0.00,988.3,1.2,683.0
2025-01-16T20:00,33.0,47,20.1,0.00,987.5,0.4,492.0
2025-01-16T21:00,32.7,46,19.5,0.00,987.0,0.5,321.0
2025-01-16T22:00,31.5,60,22.6,0.00,987.1,2.0,142.0
2025-01-16T23:00,29.0,66,22.0,0.00,987.6,6.2,15.0
2025-01-17T00:00,28.4,63,20.6,0.00,988.7,9.7,0.0
2025-01-17T01:00,28.5,61,20.3,0.00,988.6,10.7,0.0
2025-01-17T02:00,27.9,66,20.9,0.00,989.1,11.1,0.0
2025-01-17T03:00,27.3,69,21.1,0.00,989.4,12.0,0.0
2025-01-17T04:00,26.8,71,21.1,0.00,989.3,11.7,0.0
2025-01-17T05:00,26.1,74,21.2,0.00,989.0,9.9,0.0
2025-01-17T06:00,25.7,76,21.2,0.00,988.8,10.1,0.0
2025-01-17T07:00,25.3,78,21.1,0.00,988.7,8.6,0.0
2025-01-17T08:00,24.8,79,21.0,0.00,988.6,7.4,0.0
2025-01-17T09:00,24.5,80,20.8,0.00,988.9,7.8,0.0
2025-01-17T10:00,25.1,79,21.2,0.00,989.3,8.3,23.0
2025-01-17T11:00,27.2,74,22.3,0.00,989.9,7.0,169.0
2025-01-17T12:00,29.4,66,22.5,0.00,990.6,7.8,378.0
2025-01-17T13:00,31.0,62,22.8,0.00,990.7,8.0,577.0
2025-01-17T14:00,32.8,56,23.0,0.00,990.7,6.0,735.0
2025-01-17T15:00,34.0,51,22.5,0.00,990.5,6.2,857.0
2025-01-17T16:00,34.7,48,21.9,0.00,989.7,7.9,847.0
2025-01-17T17:00,31.0,63,23.2,1.00,989.6,16.4,719.0
2025-01-17T18:00,32.2,55,21.9,0.10,988.9,4.6,346.0
2025-01-17T19:00,32.3,52,21.4,0.20,988.8,11.8,481.0
2025-01-17T20:00,31.0,58,21.8,0.00,988.4,9.5,312.0
2025-01-17T21:00,31.6,56,21.7,0.00,987.9,7.0,240.0
2025-01-17T22:00,30.5,63,22.7,0.00,987.8,7.0,124.0
2025-01-17T23:00,29.0,64,21.5,0.00,988.2,6.5,16.0
2025-01-18T00:00,28.2,65,21.0,0.00,988.8,7.3,0.0
2025-01-18T01:00,27.8,65,20.6,0.00,988.9,7.7,0.0
2025-01-18T02:00,26.8,68,20.5,0.00,989.3,7.1,0.0
2025-01-18T03:00,26.2,70,20.5,0.00,989.2,8.0,0.0
2025-01-18T04:00,25.5,75,20.8,0.00,989.4,6.8,0.0
2025-01-18T05:00,25.0,79,21.2,0.00,989.2,6.7,0.0
2025-01-18T06:00,24.6,84,21.6,0.00,989.2,6.1,0.0
2025-01-18T07:00,24.1,87,21.8,0.00,989.2,6.0,0.0
2025-01-18T08:00,24.1,87,21.9,0.00,989.2,6.4,0.0
2025-01-18T09:00,23.7,89,21.9,0.00,989.1,5.3,0.0
2025-01-18T10:00,24.6,88,22.5,0.00,990.1,8.4,23.0
2025-01-18T11:00,27.0,81,23.5,0.00,990.7,6.4,169.0
2025-01-18T12:00,29.1,72,23.6,0.00,991.2,7.6,379.0
2025-01-18T13:00,31.2,64,23.5,0.00,991.6,7.6,584.0
2025-01-18T14:00,32.8,55,22.7,0.00,991.7,5.3,757.0
2025-01-18T15:00,33.8,49,21.7,0.00,991.3,4.4,820.0
2025-01-18T16:00,34.7,46,21.2,0.00,990.8,3.7,888.0
2025-01-18T17:00,35.2,43,20.6,0.00,990.1,2.9,846.0
2025-01-18T18:00,35.5,40,19.9,0.00,989.2,3.2,728.0
2025-01-18T19:00,35.5,40,19.9,0.00,988.4,4.7,685.0
2025-01-18T20:00,35.5,40,19.9,0.00,987.8,5.9,518.0
2025-01-18T21:00,34.5,46,21.3,0.00,987.3,7.8,325.0
2025-01-18T22:00,32.5,53,21.7,0.00,987.2,9.8,142.0
2025-01-18T23:00,31.0,46,18.0,0.00,987.6,10.6,16.0
2025-01-19T00:00,29.3,50,17.6,0.00,988.4,7.1,0.0
2025-01-19T01:00,29.2,49,17.4,0.00,989.2,7.1,0.0
2025-01-19T02:00,28.6,50,17.2,0.00,989.8,7.7,0.0
2025-01-19T03:00,29.0,47,16.6,0.00,989.7,10.5,0.0
2025-01-19T04:00,28.1,51,17.0,0.00,989.5,10.4,0.0
2025-01-19T05:00,27.3,55,17.5,0.00,989.1,10.9,0.0
2025-01-19T06:00,26.8,59,18.1,0.00,988.9,12.3,0.0
2025-01-19T07:00,26.5,58,17.6,0.00,988.5,12.5,0.0
2025-01-19T08:00,25.9,59,17.4,0.00,988.6,11.0,0.0
2025-01-19T09:00,25.2,63,17.7,0.00,988.7,10.5,0.0
2025-01-19T10:00,25.4,69,19.4,0.00,989.0,11.4,21.0
2025-01-19T11:00,27.2,71,21.5,0.00,989.7,9.6,165.0
2025-01-19T12:00,29.4,67,22.6,0.00,990.2,10.1,371.0
2025-01-19T13:00,31.9,60,23.2,0.00,990.1,12.1,578.0
2025-01-19T14:00,33.5,55,23.2,0.00,990.2,14.7,706.0
2025-01-19T15:00,34.8,47,22.0,0.00,990.0,15.8,779.0
2025-01-19T16:00,33.7,51,22.2,0.30,989.6,8.2,646.0
2025-01-19T17:00,32.6,57,22.9,1.80,988.8,3.8,864.0
2025-01-19T18:00,25.8,88,23.6,15.50,990.0,9.4,21.0
2025-01-19T19:00,26.0,92,24.5,1.10,988.7,3.9,10.0
2025-01-19T20:00,28.1,79,24.2,0.10,988.3,4.5,364.0
2025-01-19T21:00,28.9,76,24.1,0.00,988.3,7.1,336.0
2025-01-19T22:00,28.3,80,24.5,0.00,988.1,8.3,79.0
2025-01-19T23:00,27.0,83,23.9,0.00,988.3,5.3,15.0
2025-01-20T00:00,26.6,82,23.4,0.00,988.8,5.7,0.0
2025-01-20T01:00,25.6,79,21.6,0.00,989.5,11.2,0.0
2025-01-20T02:00,24.8,76,20.3,0.00,990.6,25.1,0.0
2025-01-20T03:00,23.0,80,19.5,0.00,991.3,20.6,0.0
2025-01-20T04:00,22.5,81,19.0,0.00,990.8,18.3,0.0
2025-01-20T05:00,21.9,82,18.7,0.00,990.3,16.1,0.0
2025-01-20T06:00,21.4,83,18.5,0.00,990.0,14.2,0.0
2025-01-20T07:00,20.9,84,18.1,0.00,989.7,13.5,0.0
2025-01-20T08:00,20.5,85,17.9,0.00,990.0,12.4,0.0
2025-01-20T09:00,19.9,88,17.8,0.00,989.9,11.4,0.0
2025-01-20T10:00,20.0,89,18.2,0.00,990.2,12.5,21.0
2025-01-20T11:00,21.8,86,19.3,0.00,990.7,14.6,170.0
2025-01-20T12:00,23.9,77,19.5,0.00,990.8,19.2,358.0
2025-01-20T13:00,24.5,73,19.2,0.10,991.2,16.1,193.0
2025-01-20T14:00,26.2,65,19.1,0.00,991.2,14.6,534.0
2025-01-20T15:00,27.2,59,18.6,0.00,991.0,15.0,690.0
2025-01-20T16:00,28.1,55,18.2,0.00,990.6,16.8,771.0
2025-01-20T17:00,28.8,52,17.9,0.00,989.7,17.7,869.0
2025-01-20T18:00,28.9,50,17.5,0.00,989.1,19.0,738.0
2025-01-20T19:00,28.5,49,16.7,0.00,988.3,18.9,613.0
2025-01-20T20:00,28.0,51,17.0,0.00,987.8,20.1,443.0
2025-01-20T21:00,27.4,53,16.9,0.00,987.4,16.8,126.0
2025-01-20T22:00,26.3,58,17.5,0.00,987.4,10.9,153.0
2025-01-20T23:00,24.8,64,17.5,0.00,987.8,6.9,15.0
2025-01-21T00:00,23.8,69,17.7,0.00,988.6,5.9,0.0
2025-01-21T01:00,23.5,69,17.5,0.00,989.0,6.3,0.0
2025-01-21T02:00,23.2,70,17.5,0.00,989.7,6.7,0.0
2025-01-21T03:00,23.0,71,17.5,0.00,989.8,8.3,0.0
2025-01-21T04:00,22.9,72,17.5,0.00,989.5,8.5,0.0
2025-01-21T05:00,23.0,72,17.6,0.00,989.2,8.6,0.0
2025-01-21T06:00,22.0,77,17.8,0.00,989.0,8.2,0.0
2025-01-21T07:00,21.5,79,17.8,0.00,989.2,8.4,0.0
2025-01-21T08:00,21.0,81,17.6,0.00,989.5,8.0,0.0
2025-01-21T09:00,20.5,82,17.5,0.00,989.6,6.6,0.0
2025-01-21T10:00,21.3,81,18.0,0.00,990.5,7.2,20.0
2025-01-21T11:00,23.6,76,19.2,0.00,991.1,5.3,168.0
2025-01-21T12:00,25.6,69,19.5,0.00,991.7,3.6,382.0
2025-01-21T13:00,26.8,61,18.6,0.00,992.4,2.7,594.0
2025-01-21T14:00,27.8,56,18.2,0.00,992.6,5.8,774.0
2025-01-21T15:00,28.6,54,18.4,0.00,992.5,7.2,905.0
2025-01-21T16:00,29.2,53,18.6,0.00,992.1,7.6,958.0
2025-01-21T17:00,30.0,51,18.9,0.00,991.6,6.9,922.0
2025-01-21T18:00,30.5,48,18.4,0.00,991.0,4.7,859.0
2025-01-21T19:00,30.7,47,18.0,0.00,990.2,4.2,711.0
2025-01-21T20:00,30.6,46,17.5,0.00,989.4,6.7,519.0
2025-01-21T21:00,29.9,47,17.2,0.00,988.8,6.1,343.0
2025-01-21T22:00,27.8,70,21.9,0.00,988.7,1.9,158.0
2025-01-21T23:00,25.9,68,19.5,0.00,989.2,1.7,17.0
2025-01-22T00:00,24.9,70,19.0,0.00,990.3,5.2,0.0
2025-01-22T01:00,25.0,64,17.6,0.00,991.2,4.8,0.0
2025-01-22T02:00,25.0,62,17.2,0.00,991.9,4.5,0.0
2025-01-22T03:00,24.8,61,16.7,0.00,992.1,6.1,0.0
2025-01-22T04:00,24.5,60,16.3,0.00,991.6,7.1,0.0
2025-01-22T05:00,24.6,60,16.4,0.00,991.4,6.1,0.0
2025-01-22T06:00,24.4,59,15.8,0.00,991.0,6.0,0.0
2025-01-22T07:00,23.1,63,15.6,0.00,991.3,7.2,0.0
2025-01-22T08:00,22.7,70,16.9,0.00,991.7,5.3,0.0
2025-01-22T09:00,21.6,72,16.4,0.00,992.1,6.0,0.0
2025-01-22T10:00,22.4,73,17.2,0.00,992.7,6.1,20.0
2025-01-22T11:00,24.9,67,18.3,0.00,993.4,7.0,165.0
2025-01-22T12:00,27.2,62,19.2,0.00,994.0,6.7,379.0
2025-01-22T13:00,29.8,54,19.4,0.00,994.6,6.3,590.0
2025-01-22T14:00,31.8,45,18.2,0.00,994.6,8.0,768.0
2025-01-22T15:00,32.9,40,17.7,0.00,994.3,6.0,897.0
2025-01-22T16:00,33.7,38,17.2,0.00,993.8,3.4,964.0
2025-01-22T17:00,34.2,36,17.0,0.00,993.1,3.8,961.0
2025-01-22T18:00,34.5,35,16.9,0.00,992.4,3.3,893.0
2025-01-22T19:00,34.5,35,16.8,0.00,991.4,3.1,764.0
2025-01-22T20:00,34.0,37,17.1,0.00,990.4,8.1,584.0
2025-01-22T21:00,33.2,43,18.9,0.00,989.6,6.1,373.0
2025-01-22T22:00,31.0,55,21.0,0.00,989.8,5.5,160.0
2025-01-22T23:00,29.0,54,18.6,0.00,990.7,10.6,17.0
2025-01-23T00:00,27.3,59,18.7,0.00,991.5,6.5,0.0
2025-01-23T01:00,27.5,48,15.4,0.00,991.8,7.5,0.0
2025-01-23T02:00,27.1,51,16.0,0.00,992.3,4.9,0.0
2025-01-23T03:00,26.7,50,15.6,0.00,992.5,5.8,0.0
2025-01-23T04:00,26.2,49,14.7,0.00,992.0,8.8,0.0
2025-01-23T05:00,25.2,59,16.5,0.00,991.7,7.3,0.0
2025-01-23T06:00,24.5,64,17.2,0.00,991.3,6.0,0.0
2025-01-23T07:00,25.2,60,17.0,0.00,991.7,10.0,0.0
2025-01-23T08:00,24.5,74,19.6,1.30,992.8,20.5,0.0
2025-01-23T09:00,24.3,80,20.5,0.00,992.6,9.4,0.0
2025-01-23T10:00,23.8,85,21.1,0.00,993.1,11.1,0.0
2025-01-23T11:00,24.2,86,21.8,0.00,993.6,10.1,6.0
2025-01-23T12:00,25.5,83,22.5,0.00,994.4,12.0,44.0
2025-01-23T13:00,26.9,78,22.8,2.00,994.7,18.2,212.0
2025-01-23T14:00,29.2,70,23.1,0.10,995.0,9.4,623.0
2025-01-23T15:00,31.2,65,23.8,0.00,994.5,12.4,681.0
2025-01-23T16:00,31.6,63,23.9,0.20,993.9,14.4,815.0
2025-01-23T17:00,31.3,64,23.8,0.10,993.7,15.9,437.0
2025-01-23T18:00,29.2,72,23.6,0.40,992.9,5.1,66.0
2025-01-23T19:00,29.4,73,24.0,0.00,992.6,2.3,175.0
2025-01-23T20:00,29.6,69,23.4,0.00,991.7,12.9,58.0
2025-01-23T21:00,27.2,82,23.9,0.40,991.8,14.2,20.0
2025-01-23T22:00,26.2,86,23.8,0.20,991.7,11.3,75.0
2025-01-23T23:00,25.6,90,23.9,0.00,992.1,13.6,4.0
2025-01-24T00:00,25.1,92,23.8,0.00,993.0,13.6,0.0
2025-01-24T01:00,24.9,85,22.2,0.00,993.4,16.7,0.0
2025-01-24T02:00,24.9,85,22.1,0.00,993.3,20.2,0.0
2025-01-24T03:00,24.4,85,21.8,0.00,993.1,17.1,0.0
2025-01-24T04:00,24.3,87,22.0,0.10,992.7,16.7,0.0
2025-01-24T05:00,24.5,82,21.2,0.00,992.0,16.9,0.0
2025-01-24T06:00,24.0,84,21.0,0.30,992.0,18.5,0.0
2025-01-24T07:00,22.9,94,21.8,8.40,992.5,7.8,0.0
2025-01-24T08:00,22.8,94,21.8,0.70,992.5,15.0,0.0
2025-01-24T09:00,22.4,97,22.0,0.60,992.3,14.1,0.0
2025-01-24T10:00,22.6,96,22.0,0.10,992.5,16.5,0.0
2025-01-24T11:00,23.2,94,22.2,0.30,993.4,14.2,23.0
2025-01-24T12:00,24.0,91,22.5,4.20,993.6,17.5,104.0
2025-01-24T13:00,27.3,75,22.5,0.00,993.6,24.1,526.0
2025-01-24T14:00,29.1,70,23.0,0.00,993.3,20.8,607.0
2025-01-24T15:00,30.6,65,23.4,0.00,993.1,19.8,667.0
2025-01-24T16:00,30.8,69,24.4,1.10,992.6,17.3,819.0
2025-01-24T17:00,32.0,63,24.1,0.10,991.9,18.2,684.0
2025-01-24T18:00,32.8,57,23.3,0.00,990.4,19.7,729.0
2025-01-24T19:00,33.6,51,22.1,0.00,989.9,18.1,534.0
2025-01-24T20:00,26.2,85,23.6,6.00,991.1,23.7,352.0
2025-01-24T21:00,25.6,92,24.2,0.20,990.4,7.2,28.0
2025-01-24T22:00,26.4,88,24.2,0.00,990.1,4.3,119.0
2025-01-24T23:00,25.7,92,24.3,0.00,990.4,7.2,6.0
2025-01-25T00:00,25.5,91,23.9,0.00,991.0,9.3,0.0
2025-01-25T01:00,25.1,87,22.8,0.00,991.4,12.1,0.0
2025-01-25T02:00,24.6,86,22.1,0.00,992.2,14.2,0.0
2025-01-25T03:00,24.2,94,23.1,0.70,993.0,11.7,0.0
2025-01-25T04:00,23.6,96,23.0,4.20,993.3,11.9,0.0
2025-01-25T05:00,23.8,97,23.3,4.80,992.8,8.5,0.0
2025-01-25T06:00,23.6,98,23.2,0.90,991.8,9.2,0.0
2025-01-25T07:00,23.5,96,22.9,0.60,991.6,9.5,0.0
2025-01-25T08:00,22.8,98,22.5,1.80,992.0,15.2,0.0
2025-01-25T09:00,22.8,99,22.6,4.80,992.2,9.2,0.0
2025-01-25T10:00,23.0,99,22.8,0.20,992.8,15.2,3.0
2025-01-25T11:00,23.6,98,23.2,0.60,994.1,8.6,28.0
2025-01-25T12:00,23.8,97,23.4,0.30,994.7,10.9,19.0
2025-01-25T13:00,25.8,86,23.4,0.00,995.0,6.9,18.0
2025-01-25T14:00,27.0,78,22.9,0.10,995.1,9.3,185.0
2025-01-25T15:00,27.6,76,22.9,0.00,995.2,8.5,165.0
2025-01-25T16:00,28.3,72,22.7,0.00,994.8,9.4,181.0
2025-01-25T17:00,28.3,70,22.2,0.00,994.4,12.2,50.0
2025-01-25T18:00,28.3,69,22.1,0.00,993.7,14.2,16.0
2025-01-25T19:00,28.8,69,22.6,0.00,993.0,13.5,61.0
2025-01-25T20:00,28.6,69,22.3,0.00,992.4,13.0,95.0
2025-01-25T21:00,28.8,69,22.5,0.00,991.7,9.4,111.0
2025-01-25T22:00,27.9,74,22.9,0.00,991.3,8.8,99.0
2025-01-25T23:00,25.9,81,22.5,0.00,991.5,5.5,13.0
2025-01-26T00:00,25.1,83,22.1,0.00,992.2,5.7,0.0
2025-01-26T01:00,23.5,87,21.2,0.00,992.4,5.8,0.0
2025-01-26T02:00,23.1,89,21.1,0.00,993.2,5.5,0.0
2025-01-26T03:00,23.0,89,21.1,0.00,993.4,5.0,0.0
2025-01-26T04:00,22.9,89,20.9,0.00,992.9,5.5,0.0
2025-01-26T05:00,22.8,89,20.8,0.00,992.6,4.9,0.0
2025-01-26T06:00,22.5,90,20.8,0.00,992.7,6.0,0.0
2025-01-26T07:00,22.6,91,21.0,0.00,992.8,6.7,0.0
2025-01-26T08:00,22.0,93,20.9,0.00,993.1,5.3,0.0
2025-01-26T09:00,21.8,95,20.9,0.00,993.6,4.9,0.0
2025-01-26T10:00,22.7,94,21.6,0.00,994.4,7.7,14.0
2025-01-26T11:00,24.6,90,22.9,0.00,995.0,6.7,128.0
2025-01-26T12:00,26.5,84,23.6,0.00,995.6,6.5,352.0
2025-01-26T13:00,28.1,75,23.4,0.00,995.3,13.0,567.0
2025-01-26T14:00,29.3,69,23.0,0.00,995.4,12.8,711.0
2025-01-26T15:00,30.3,64,22.7,0.00,995.0,11.3,833.0
2025-01-26T16:00,31.0,59,22.2,0.00,994.2,9.3,832.0
2025-01-26T17:00,31.5,56,21.8,0.00,993.5,8.2,798.0
2025-01-26T18:00,31.8,54,21.4,0.00,992.6,6.4,790.0
2025-01-26T19:00,32.1,52,21.1,0.00,991.8,6.6,716.0
2025-01-26T20:00,31.5,54,21.0,0.00,990.5,11.2,523.0
2025-01-26T21:00,30.8,60,22.1,0.00,989.6,10.3,356.0
2025-01-26T22:00,28.9,68,22.3,0.00,989.5,8.7,140.0
2025-01-26T23:00,26.9,71,21.1,0.00,989.9,7.2,15.0
2025-01-27T00:00,26.0,71,20.2,0.00,990.2,7.0,0.0
2025-01-27T01:00,25.8,69,19.7,0.00,990.6,7.7,0.0
2025-01-27T02:00,26.2,66,19.4,0.00,991.3,10.9,0.0
2025-01-27T03:00,25.6,67,19.0,0.00,990.5,15.7,0.0
2025-01-27T04:00,25.5,66,18.6,0.00,989.9,14.1,0.0
2025-01-27T05:00,24.8,70,18.9,0.00,989.9,11.4,0.0
2025-01-27T06:00,24.2,73,19.0,0.00,989.4,10.7,0.0
2025-01-27T07:00,23.9,75,19.1,0.00,989.4,11.0,0.0
2025-01-27T08:00,23.5,77,19.2,0.00,988.9,9.4,0.0
2025-01-27T09:00,23.2,79,19.4,0.00,988.8,10.1,0.0
2025-01-27T10:00,23.3,82,20.0,0.00,989.6,9.2,12.0
2025-01-27T11:00,24.9,81,21.5,0.00,990.8,7.0,107.0
2025-01-27T12:00,26.0,79,22.0,0.00,991.3,7.6,107.0
2025-01-27T13:00,26.5,79,22.5,0.80,991.6,9.8,326.0
2025-01-27T14:00,26.8,82,23.5,0.10,991.7,4.0,179.0
2025-01-27T15:00,27.0,84,24.1,1.00,991.5,2.1,100.0
2025-01-27T16:00,25.6,92,24.1,2.80,991.2,8.6,92.0
2025-01-27T17:00,25.5,94,24.5,0.50,990.7,8.7,7.0
2025-01-27T18:00,24.2,99,24.0,5.70,989.9,11.1,39.0
2025-01-27T19:00,25.2,94,24.1,4.80,989.2,9.0,79.0
2025-01-27T20:00,26.1,87,23.9,0.10,988.9,15.8,257.0
2025-01-27T21:00,25.2,91,23.7,0.10,988.2,11.9,38.0
2025-01-27T22:00,25.1,92,23.7,0.00,988.4,7.8,43.0
2025-01-27T23:00,24.7,95,23.9,0.00,989.2,10.6,4.0
2025-01-28T00:00,24.0,97,23.5,0.00,989.7,12.3,0.0
2025-01-28T01:00,24.1,89,22.3,0.00,990.2,7.4,0.0
2025-01-28T02:00,23.9,95,23.0,0.00,990.8,7.9,0.0
2025-01-28T03:00,23.5,98,23.1,0.00,990.9,8.4,0.0
2025-01-28T04:00,23.1,98,22.9,0.00,990.6,8.3,0.0
2025-01-28T05:00,22.9,98,22.5,0.00,990.4,9.6,0.0
2025-01-28T06:00,22.6,98,22.2,0.00,990.0,9.7,0.0
2025-01-28T07:00,22.4,98,22.0,0.00,989.6,9.2,0.0
2025-01-28T08:00,22.2,98,22.0,0.00,989.8,8.6,0.0
2025-01-28T09:00,22.1,98,21.9,0.00,990.3,8.9,0.0
2025-01-28T10:00,22.6,98,22.3,0.00,991.2,10.0,13.0
2025-01-28T11:00,24.4,92,23.0,0.00,991.9,11.1,134.0
2025-01-28T12:00,26.0,87,23.6,0.00,992.3,8.4,274.0
2025-01-28T13:00,27.8,79,23.7,0.00,992.4,11.7,546.0
2025-01-28T14:00,29.0,75,24.2,0.00,992.8,11.3,725.0
2025-01-28T15:00,29.9,70,23.9,0.00,992.7,12.2,718.0
2025-01-28T16:00,31.0,64,23.3,0.00,992.1,7.1,888.0
2025-01-28T17:00,31.4,58,22.0,0.60,991.9,11.1,759.0
2025-01-28T18:00,30.4,61,22.1,0.00,991.2,6.3,390.0
2025-01-28T19:00,30.4,64,23.0,0.00,989.9,13.0,408.0
2025-01-28T20:00,30.5,66,23.5,0.00,989.2,8.5,475.0
2025-01-28T21:00,30.3,68,23.7,0.00,988.8,7.4,300.0
2025-01-28T22:00,29.4,73,24.1,0.00,989.3,7.1,126.0
2025-01-28T23:00,27.9,74,22.9,0.00,990.0,12.0,8.0
2025-01-29T00:00,26.8,78,22.5,0.00,990.7,8.4,0.0
2025-01-29T01:00,26.0,85,23.2,0.00,990.4,9.5,0.0
2025-01-29T02:00,26.4,80,22.7,0.00,990.5,11.1,0.0
2025-01-29T03:00,26.2,75,21.5,0.00,991.0,10.5,0.0
2025-01-29T04:00,25.4,79,21.5,0.00,990.9,8.5,0.0
2025-01-29T05:00,24.6,83,21.5,0.00,990.7,7.5,0.0
2025-01-29T06:00,24.5,82,21.4,0.00,990.4,8.5,0.0
2025-01-29T07:00,24.0,84,21.1,0.00,990.2,6.6,0.0
2025-01-29T08:00,23.4,87,21.1,0.00,990.6,5.3,0.0
2025-01-29T09:00,23.4,87,21.1,0.00,991.1,5.0,0.0
2025-01-29T10:00,24.0,86,21.6,0.00,991.8,6.3,2.0
2025-01-29T11:00,25.9,84,23.0,0.00,992.4,7.6,116.0
2025-01-29T12:00,27.8,77,23.3,0.00,992.9,7.8,269.0
2025-01-29T13:00,25.0,83,22.0,13.70,994.2,18.3,444.0
2025-01-29T14:00,24.0,92,22.5,4.40,994.8,7.1,36.0
2025-01-29T15:00,25.2,85,22.5,3.00,993.3,9.9,137.0
2025-01-29T16:00,25.8,89,23.9,0.70,993.5,8.1,24.0
2025-01-29T17:00,29.1,74,24.0,0.10,993.2,11.3,785.0
2025-01-29T18:00,28.5,74,23.4,3.20,992.5,9.3,229.0
2025-01-29T19:00,24.4,90,22.6,9.20,991.5,4.7,27.0
2025-01-29T20:00,25.9,84,23.0,0.10,990.7,3.0,169.0
2025-01-29T21:00,26.6,83,23.5,0.00,990.6,5.6,319.0
2025-01-29T22:00,26.1,85,23.5,0.00,990.7,6.6,112.0
2025-01-29T23:00,25.0,91,23.5,0.00,991.1,8.5,11.0
2025-01-30T00:00,24.5,93,23.2,0.00,991.4,9.8,0.0
2025-01-30T01:00,24.4,74,19.5,0.00,991.7,15.3,0.0
2025-01-30T02:00,24.4,74,19.5,0.00,992.1,15.8,0.0
2025-01-30T03:00,23.8,78,19.6,0.00,992.0,14.2,0.0
2025-01-30T04:00,23.1,80,19.5,0.00,991.6,11.1,0.0
2025-01-30T05:00,22.6,82,19.4,0.00,991.3,10.2,0.0
2025-01-30T06:00,22.3,84,19.5,0.00,991.1,9.0,0.0
2025-01-30T07:00,22.0,85,19.4,0.00,991.0,7.1,0.0
2025-01-30T08:00,21.9,85,19.2,0.00,990.9,6.3,0.0
2025-01-30T09:00,21.6,87,19.2,0.00,991.2,6.5,0.0
2025-01-30T10:00,22.0,88,19.9,0.00,991.8,9.1,11.0
2025-01-30T11:00,23.9,87,21.5,0.00,992.4,8.7,139.0
2025-01-30T12:00,25.5,82,22.2,0.00,992.9,8.8,342.0
2025-01-30T13:00,26.8,76,22.2,0.00,993.0,7.9,528.0
2025-01-30T14:00,28.1,72,22.6,0.00,993.0,6.4,722.0
2025-01-30T15:00,29.0,69,22.7,0.10,992.4,6.0,851.0
2025-01-30T16:00,29.7,66,22.6,0.00,992.0,6.1,886.0
2025-01-30T17:00,29.9,66,22.8,0.10,991.5,6.3,866.0
2025-01-30T18:00,30.0,66,23.0,0.10,990.7,6.4,799.0
2025-01-30T19:00,29.8,64,22.1,0.20,989.3,11.9,678.0
2025-01-30T20:00,29.5,65,22.3,1.00,988.7,7.2,351.0
2025-01-30T21:00,27.9,71,22.0,0.10,988.8,12.4,319.0
2025-01-30T22:00,27.2,78,23.0,0.00,989.2,4.9,73.0
2025-01-30T23:00,26.1,82,22.7,0.00,989.5,5.2,12.0
2025-01-31T00:00,26.0,78,22.0,0.00,990.1,11.7,0.0
2025-01-31T01:00,25.5,77,21.1,0.00,990.2,10.2,0.0
2025-01-31T02:00,24.9,75,20.1,0.00,990.3,10.3,0.0
2025-01-31T03:00,24.0,77,19.9,0.00,990.0,8.4,0.0
2025-01-31T04:00,23.6,81,20.0,0.00,989.4,7.3,0.0
2025-01-31T05:00,23.2,84,20.3,0.00,988.7,6.8,0.0
2025-01-31T06:00,22.9,87,20.6,0.00,988.4,6.9,0.0
2025-01-31T07:00,22.5,90,20.8,0.00,988.2,7.9,0.0
2025-01-31T08:00,22.1,92,20.8,0.00,988.4,6.8,0.0
2025-01-31T09:00,21.8,94,20.8,0.00,988.5,6.9,0.0
2025-01-31T10:00,22.2,94,21.2,0.00,989.1,8.9,11.0
2025-01-31T11:00,24.0,91,22.4,0.00,989.6,8.0,139.0
2025-01-31T12:00,25.6,83,22.6,0.00,990.2,8.3,347.0
2025-01-31T13:00,27.2,77,23.0,0.00,990.0,7.5,559.0
2025-01-31T14:00,28.4,73,23.1,0.00,989.8,7.1,695.0
2025-01-31T15:00,29.0,72,23.3,0.10,989.6,7.2,689.0
2025-01-31T16:00,29.6,68,23.0,0.10,988.9,8.3,772.0
2025-01-31T17:00,29.9,66,22.9,0.00,988.5,10.2,784.0
2025-01-31T18:00,29.9,65,22.6,0.10,988.1,11.6,777.0
2025-01-31T19:00,29.8,65,22.4,0.10,987.0,12.1,560.0
2025-01-31T20:00,29.6,60,21.0,0.00,986.5,12.8,463.0
2025-01-31T21:00,29.1,62,21.2,0.00,986.0,12.1,308.0
2025-01-31T22:00,27.8,66,20.9,0.00,986.2,9.7,138.0
2025-01-31T23:00,26.2,67,19.6,0.00,986.6,10.5,13.0
2025-02-01T00:00,25.5,68,19.2,0.00,987.3,10.8,0.0
2025-02-01T01:00,25.6,67,19.0,0.00,987.5,12.1,0.0
2025-02-01T02:00,25.0,72,19.6,0.00,988.2,10.8,0.0
2025-02-01T03:00,24.5,74,19.6,0.00,988.1,8.8,0.0
2025-02-01T04:00,24.1,75,19.5,0.00,988.1,8.8,0.0
2025-02-01T05:00,23.9,77,19.5,0.00,987.6,9.7,0.0
2025-02-01T06:00,23.3,80,19.6,0.00,987.5,9.3,0.0
2025-02-01T07:00,22.8,82,19.6,0.00,987.3,8.9,0.0
2025-02-01T08:00,22.4,84,19.6,0.00,987.3,9.7,0.0
2025-02-01T09:00,22.0,87,19.8,0.00,987.4,9.8,0.0
2025-02-01T10:00,22.3,89,20.4,0.00,988.0,10.1,11.0
2025-02-01T11:00,24.3,85,21.7,0.00,988.6,9.4,142.0
2025-02-01T12:00,26.1,78,22.1,0.00,989.2,9.5,354.0
2025-02-01T13:00,27.9,74,22.8,0.00,989.2,8.3,562.0
2025-02-01T14:00,29.2,64,21.8,0.10,989.0,4.6,724.0
2025-02-01T15:00,29.9,59,21.0,0.00,988.6,4.1,670.0
2025-02-01T16:00,30.5,55,20.6,0.00,988.2,3.8,805.0
2025-02-01T17:00,31.0,52,20.1,0.00,987.8,4.3,805.0
2025-02-01T18:00,31.2,51,20.0,0.00,987.2,6.3,783.0
2025-02-01T19:00,31.1,52,20.0,0.00,986.3,10.1,644.0
2025-02-01T20:00,30.8,53,20.2,0.00,985.5,11.2,498.0
2025-02-01T21:00,30.2,57,20.9,0.00,985.0,8.9,326.0
2025-02-01T22:00,28.9,64,21.4,0.00,985.1,7.2,137.0
2025-02-01T23:00,27.0,64,19.6,0.00,985.6,8.1,13.0
2025-02-02T00:00,25.7,69,19.6,0.00,986.3,6.0,0.0
2025-02-02T01:00,25.5,68,19.0,0.00,986.5,8.6,0.0
2025-02-02T02:00,25.3,63,17.8,0.00,986.9,9.9,0.0
2025-02-02T03:00,24.8,69,18.7,0.00,987.2,9.3,0.0
2025-02-02T04:00,24.2,76,19.6,0.00,987.0,7.5,0.0
2025-02-02T05:00,23.8,79,19.9,0.00,986.6,8.0,0.0
2025-02-02T06:00,23.6,81,20.1,0.00,986.3,8.6,0.0
2025-02-02T07:00,23.3,84,20.5,0.00,986.1,8.9,0.0
2025-02-02T08:00,23.0,85,20.5,0.00,986.2,9.4,0.0
2025-02-02T09:00,22.8,85,20.1,0.00,986.5,9.4,0.0
2025-02-02T10:00,23.0,83,20.1,0.00,987.0,9.7,11.0
2025-02-02T11:00,24.9,81,21.3,0.00,987.9,8.8,140.0
2025-02-02T12:00,27.1,74,22.1,0.00,988.7,7.4,350.0
2025-02-02T13:00,29.6,68,23.0,0.00,988.4,7.8,562.0
2025-02-02T14:00,31.5,60,22.8,0.00,988.4,8.1,743.0
2025-02-02T15:00,32.8,48,20.4,0.00,988.3,6.9,752.0
2025-02-02T16:00,33.3,45,19.9,0.00,988.0,4.9,803.0
2025-02-02T17:00,33.8,42,19.2,0.00,987.4,3.1,802.0
2025-02-02T18:00,34.1,40,18.6,0.00,986.5,1.7,752.0
2025-02-02T19:00,34.2,39,18.2,0.00,985.5,1.1,667.0
2025-02-02T20:00,34.0,39,18.0,0.00,984.7,2.3,512.0
2025-02-02T21:00,33.0,46,19.8,0.00,984.4,5.6,339.0
2025-02-02T22:00,30.1,62,22.0,0.00,984.0,5.0,141.0
2025-02-02T23:00,29.2,54,18.9,0.00,984.6,14.8,12.0
2025-02-03T00:00,28.6,55,18.9,0.00,985.2,13.8,0.0
2025-02-03T01:00,28.4,54,18.2,0.00,985.6,10.9,0.0
2025-02-03T02:00,27.5,54,17.4,0.00,985.8,9.8,0.0
2025-02-03T03:00,26.5,63,18.9,0.00,986.2,9.2,0.0
2025-02-03T04:00,25.9,68,19.5,0.00,985.7,7.4,0.0
2025-02-03T05:00,25.6,70,19.7,0.00,985.9,10.2,0.0
2025-02-03T06:00,25.1,71,19.5,0.00,985.9,10.5,0.0
2025-02-03T07:00,24.7,72,19.2,0.00,985.9,10.2,0.0
2025-02-03T08:00,24.4,73,19.2,0.00,986.1,10.4,0.0
2025-02-03T09:00,24.0,75,19.2,0.00,986.3,10.6,0.0
2025-02-03T10:00,24.0,77,19.8,0.00,986.9,10.7,10.0
2025-02-03T11:00,25.8,77,21.4,0.00,987.8,11.6,135.0
2025-02-03T12:00,28.0,70,22.0,0.00,988.5,10.9,343.0
2025-02-03T13:00,30.2,63,22.5,0.00,989.0,13.4,551.0
2025-02-03T14:00,32.1,57,22.4,0.00,988.8,13.4,732.0
2025-02-03T15:00,33.6,46,20.5,0.00,988.7,14.2,858.0
2025-02-03T16:00,34.2,43,20.0,0.00,988.2,11.6,828.0
2025-02-03T17:00,34.7,41,19.5,0.00,988.0,7.8,814.0
2025-02-03T18:00,34.8,40,19.0,0.00,987.2,4.0,709.0
2025-02-03T19:00,34.8,39,18.8,0.00,986.5,2.4,658.0
2025-02-03T20:00,34.6,39,18.5,0.00,985.8,1.8,514.0
2025-02-03T21:00,34.3,40,18.6,0.00,985.6,1.1,329.0
2025-02-03T22:00,31.5,71,25.6,0.00,985.5,2.8,130.0
2025-02-03T23:00,29.8,60,21.0,0.00,986.1,10.6,11.0
2025-02-04T00:00,29.1,57,19.8,0.00,986.9,13.1,0.0
2025-02-04T01:00,29.4,56,19.9,0.00,987.2,12.2,0.0
2025-02-04T02:00,28.8,60,20.4,0.00,987.7,12.9,0.0
2025-02-04T03:00,28.2,62,20.1,0.00,987.5,11.5,0.0
2025-02-04T04:00,27.6,65,20.5,0.00,987.5,13.2,0.0
2025-02-04T05:00,27.1,66,20.4,0.00,987.2,12.0,0.0
2025-02-04T06:00,26.5,69,20.4,0.00,986.9,11.9,0.0
2025-02-04T07:00,25.9,72,20.4,0.00,986.4,11.5,0.0
2025-02-04T08:00,25.4,75,20.5,0.00,986.7,10.7,0.0
2025-02-04T09:00,24.9,77,20.6,0.00,987.1,10.6,0.0
2025-02-04T10:00,25.0,78,21.0,0.00,987.7,11.1,9.0
2025-02-04T11:00,26.5,77,22.2,0.00,988.4,10.8,132.0
2025-02-04T12:00,28.3,70,22.4,0.00,989.4,10.4,338.0
2025-02-04T13:00,30.6,66,23.5,0.00,989.5,12.2,546.0
2025-02-04T14:00,32.5,58,23.4,0.00,989.7,11.4,724.0
2025-02-04T15:00,34.0,51,22.5,0.00,989.5,12.4,855.0
2025-02-04T16:00,34.7,49,22.4,0.00,989.3,10.1,863.0
2025-02-04T17:00,34.9,49,22.5,0.00,988.8,7.2,778.0
2025-02-04T18:00,35.0,48,22.4,0.00,988.1,4.9,727.0
2025-02-04T19:00,35.0,45,21.4,0.00,987.0,2.7,635.0
2025-02-04T20:00,34.8,44,20.7,0.00,986.4,1.8,462.0
2025-02-04T21:00,34.5,47,21.5,0.00,986.1,3.9,303.0
2025-02-04T22:00,32.2,61,23.5,0.00,986.2,5.2,120.0
2025-02-04T23:00,30.6,59,21.9,0.00,986.8,6.0,10.0
2025-02-05T00:00,30.6,57,21.0,0.00,987.6,12.2,0.0
2025-02-05T01:00,29.5,64,21.8,0.00,987.8,7.8,0.0
2025-02-05T02:00,29.2,60,20.8,0.00,988.4,13.6,0.0
2025-02-05T03:00,29.0,60,20.5,0.00,988.8,13.1,0.0
2025-02-05T04:00,28.5,61,20.4,0.00,988.7,12.8,0.0
2025-02-05T05:00,28.0,65,20.7,0.00,988.3,10.4,0.0
2025-02-05T06:00,27.2,69,21.0,0.00,988.1,10.2,0.0
2025-02-05T07:00,26.7,72,21.3,0.00,987.8,10.0,0.0
2025-02-05T08:00,26.2,76,21.6,0.00,987.8,10.2,0.0
2025-02-05T09:00,25.9,78,21.8,0.00,987.9,9.3,0.0
2025-02-05T10:00,25.8,80,22.1,0.00,988.5,11.0,8.0
2025-02-05T11:00,27.2,79,23.2,0.00,989.3,11.3,127.0
2025-02-05T12:00,29.1,73,23.7,0.00,989.6,11.1,332.0
2025-02-05T13:00,31.2,65,23.8,0.00,988.9,13.4,543.0
2025-02-05T14:00,32.9,57,23.2,0.00,988.7,14.2,724.0
2025-02-05T15:00,34.2,50,22.1,0.00,988.3,15.0,851.0
2025-02-05T16:00,34.7,46,21.5,0.00,987.6,14.1,851.0
2025-02-05T17:00,35.0,46,21.6,0.00,987.1,10.8,758.0
2025-02-05T18:00,35.3,45,21.8,0.00,986.2,10.0,793.0
2025-02-05T19:00,35.3,46,22.0,0.00,985.6,8.2,667.0
2025-02-05T20:00,35.1,47,22.0,0.00,985.1,7.4,505.0
2025-02-05T21:00,34.5,51,22.9,0.00,984.6,5.6,314.0
2025-02-05T22:00,32.8,69,26.3,0.00,984.7,2.8,120.0
2025-02-05T23:00,31.1,68,24.6,0.00,985.5,1.0,9.0
2025-02-06T00:00,30.1,72,24.5,0.00,986.6,1.6,0.0
2025-02-06T01:00,30.6,57,21.2,0.00,986.8,7.6,0.0
2025-02-06T02:00,30.1,57,20.7,0.00,988.0,19.2,0.0
2025-02-06T03:00,28.5,64,21.2,0.00,988.4,16.1,0.0
2025-02-06T04:00,27.6,70,21.6,0.00,988.3,15.1,0.0
2025-02-06T05:00,26.9,74,21.8,0.00,988.3,15.2,0.0
2025-02-06T06:00,26.7,75,22.0,0.00,988.0,16.9,0.0
2025-02-06T07:00,26.5,76,22.0,0.00,987.8,16.1,0.0
2025-02-06T08:00,26.2,78,22.2,0.00,987.9,15.6,0.0
2025-02-06T09:00,26.0,80,22.3,0.00,988.5,15.7,0.0
2025-02-06T10:00,26.0,82,22.7,0.00,989.7,16.4,6.0
2025-02-06T11:00,27.1,80,23.4,0.00,990.3,14.0,120.0
2025-02-06T12:00,28.8,73,23.5,0.00,991.1,15.1,296.0
2025-02-06T13:00,30.7,67,23.8,0.00,991.5,16.2,451.0
2025-02-06T14:00,32.0,63,24.1,0.00,991.7,16.4,663.0
2025-02-06T15:00,33.0,60,24.2,0.00,991.7,15.0,781.0
2025-02-06T16:00,29.9,73,24.6,2.70,992.1,10.5,689.0
2025-02-06T17:00,29.0,78,24.8,0.10,991.6,2.8,126.0
2025-02-06T18:00,31.1,72,25.4,0.20,990.2,4.6,336.0
2025-02-06T19:00,31.8,69,25.4,0.00,989.5,7.2,235.0
2025-02-06T20:00,31.4,71,25.5,0.00,989.1,9.4,188.0
2025-02-06T21:00,30.0,77,25.5,0.00,988.8,9.8,128.0
2025-02-06T22:00,28.9,79,24.8,0.00,989.2,12.4,39.0
2025-02-06T23:00,27.9,82,24.5,0.00,990.0,15.7,5.0
2025-02-07T00:00,27.1,87,24.7,0.00,990.9,12.9,0.0
2025-02-07T01:00,25.8,82,22.4,0.10,991.5,24.4,0.0
2025-02-07T02:00,25.4,83,22.4,0.00,991.6,15.4,0.0
2025-02-07T03:00,25.5,82,22.2,0.00,991.9,15.9,0.0
2025-02-07T04:00,25.4,82,22.2,0.00,992.3,16.8,0.0
2025-02-07T05:00,25.3,81,21.9,0.00,992.1,15.4,0.0
2025-02-07T06:00,25.1,81,21.8,0.00,991.9,12.3,0.0
2025-02-07T07:00,24.9,84,22.0,0.00,991.7,9.9,0.0
2025-02-07T08:00,24.5,87,22.2,0.00,991.9,7.6,0.0
2025-02-07T09:00,24.0,90,22.3,0.00,992.4,5.9,0.0
2025-02-07T10:00,24.1,91,22.5,0.00,993.3,6.2,7.0
2025-02-07T11:00,25.9,84,23.0,0.00,994.0,5.1,123.0
2025-02-07T12:00,27.5,77,23.1,0.00,994.6,3.9,329.0
2025-02-07T13:00,28.9,70,22.9,0.00,995.4,7.3,526.0
2025-02-07T14:00,30.5,64,23.0,0.00,995.5,4.7,710.0
2025-02-07T15:00,31.8,60,23.0,0.00,995.2,2.8,828.0
2025-02-07T16:00,32.6,58,23.1,0.00,994.9,0.7,746.0
2025-02-07T17:00,33.5,55,23.1,0.00,994.4,1.9,849.0
2025-02-07T18:00,33.7,54,23.0,0.00,993.4,4.3,690.0
2025-02-07T19:00,33.8,53,23.0,0.00,992.4,5.6,663.0
2025-02-07T20:00,33.7,52,22.4,0.00,991.6,9.4,473.0
2025-02-07T21:00,32.7,53,21.8,0.00,991.3,13.9,276.0
2025-02-07T22:00,31.2,56,21.4,0.00,991.8,13.8,119.0
2025-02-07T23:00,30.2,54,19.9,0.00,992.4,11.2,9.0
2025-02-08T00:00,29.5,57,20.2,0.00,993.1,12.0,0.0
2025-02-08T01:00,29.8,58,20.5,0.00,994.0,11.1,0.0
2025-02-08T02:00,28.1,63,20.5,0.00,994.6,14.0,0.0
2025-02-08T03:00,26.8,70,21.0,0.00,994.6,12.4,0.0
2025-02-08T04:00,26.2,74,21.3,0.00,994.2,9.4,0.0
2025-02-08T05:00,25.8,77,21.5,0.00,993.8,7.8,0.0
2025-02-08T06:00,25.2,80,21.5,0.00,993.7,7.3,0.0
2025-02-08T07:00,24.8,82,21.5,0.00,993.4,6.6,0.0
2025-02-08T08:00,24.1,85,21.4,0.00,993.6,5.4,0.0
2025-02-08T09:00,23.8,86,21.3,0.00,993.7,6.3,0.0
2025-02-08T10:00,24.0,86,21.4,0.00,994.4,9.7,7.0
2025-02-08T11:00,25.6,81,22.0,0.00,994.7,9.2,123.0
2025-02-08T12:00,27.5,72,22.0,0.00,995.3,9.8,332.0
2025-02-08T13:00,29.1,66,22.1,0.00,995.5,8.3,539.0
2025-02-08T14:00,30.5,61,22.1,0.00,995.5,6.8,718.0
2025-02-08T15:00,31.8,56,22.0,0.00,995.0,6.0,850.0
2025-02-08T16:00,32.9,52,21.8,0.00,994.5,5.0,914.0
2025-02-08T17:00,33.7,49,21.6,0.00,994.1,4.4,872.0
2025-02-08T18:00,34.1,48,21.7,0.00,993.2,5.2,816.0
2025-02-08T19:00,34.0,48,21.5,0.00,992.4,6.0,662.0
2025-02-08T20:00,34.5,46,21.1,0.00,991.6,7.2,514.0
2025-02-08T21:00,31.1,59,22.2,0.30,992.1,17.1,285.0
2025-02-08T22:00,29.0,67,22.1,0.10,992.3,12.3,47.0
2025-02-08T23:00,28.6,66,21.5,0.00,992.9,11.3,7.0
2025-02-09T00:00,28.4,67,21.6,0.00,993.5,10.9,0.0
2025-02-09T01:00,29.2,63,21.4,0.00,993.9,10.4,0.0
2025-02-09T02:00,28.0,68,21.7,0.00,994.2,7.6,0.0
2025-02-09T03:00,27.6,70,21.8,0.00,994.6,8.5,0.0
2025-02-09T04:00,27.0,73,21.8,0.00,994.4,7.5,0.0
2025-02-09T05:00,26.5,76,21.8,0.00,994.2,8.0,0.0
2025-02-09T06:00,26.0,78,21.9,0.00,994.2,7.3,0.0
2025-02-09T07:00,25.3,82,22.0,0.00,994.1,5.6,0.0
2025-02-09T08:00,24.9,84,22.1,0.00,994.5,5.3,0.0
2025-02-09T09:00,24.5,86,22.1,0.00,995.0,5.1,0.0
2025-02-09T10:00,24.8,86,22.4,0.00,995.8,5.7,6.0
2025-02-09T11:00,26.7,80,22.9,0.00,996.7,5.1,118.0
2025-02-09T12:00,28.6,71,22.9,0.00,997.2,4.3,321.0
2025-02-09T13:00,30.9,62,22.9,0.00,996.9,7.0,524.0
2025-02-09T14:00,32.3,55,22.2,0.00,996.6,8.6,709.0
2025-02-09T15:00,33.5,50,21.6,0.00,996.1,7.4,832.0
2025-02-09T16:00,34.2,49,22.0,0.00,996.0,5.8,879.0
2025-02-09T17:00,34.6,48,22.1,0.00,995.2,5.9,855.0
2025-02-09T18:00,34.8,48,22.0,0.00,994.4,6.4,760.0
2025-02-09T19:00,34.8,46,21.5,0.00,993.6,5.0,617.0
2025-02-09T20:00,32.3,55,22.0,0.20,993.2,7.6,467.0
2025-02-09T21:00,31.9,55,21.8,0.00,992.6,4.0,179.0
2025-02-09T22:00,28.2,71,22.5,0.30,993.5,18.1,87.0
2025-02-09T23:00,27.2,73,22.0,0.00,993.1,7.1,4.0
2025-02-10T00:00,27.5,72,21.9,0.00,993.4,8.2,0.0
2025-02-10T01:00,28.4,62,20.3,0.00,993.4,7.2,0.0
2025-02-10T02:00,27.8,63,20.1,0.00,993.6,7.9,0.0
2025-02-10T03:00,27.0,69,20.9,0.00,993.5,7.7,0.0
2025-02-10T04:00,26.5,75,21.6,0.00,993.2,9.3,0.0
2025-02-10T05:00,26.0,77,21.8,0.00,992.7,8.9,0.0
2025-02-10T06:00,25.6,80,21.9,0.00,992.3,7.7,0.0
2025-02-10T07:00,25.4,81,21.9,0.00,992.3,8.4,0.0
2025-02-10T08:00,25.0,82,21.8,0.00,992.3,7.9,0.0
2025-02-10T09:00,24.6,84,21.8,0.00,992.3,6.8,0.0
2025-02-10T10:00,24.8,84,21.9,0.00,992.8,7.7,6.0
2025-02-10T11:00,26.7,79,22.8,0.00,993.6,8.2,118.0
2025-02-10T12:00,28.9,69,22.8,0.00,994.0,8.1,323.0
2025-02-10T13:00,31.5,62,23.2,0.00,993.5,9.7,533.0
2025-02-10T14:00,33.3,51,21.9,0.00,993.3,11.5,713.0
2025-02-10T15:00,34.6,43,20.3,0.00,992.7,13.2,840.0
2025-02-10T16:00,35.4,40,19.7,0.00,991.9,14.9,897.0
2025-02-10T17:00,35.5,40,20.0,0.00,991.1,13.2,820.0
2025-02-10T18:00,36.0,39,20.0,0.00,990.2,12.2,764.0
2025-02-10T19:00,36.0,38,19.6,0.00,989.2,13.5,676.0
2025-02-10T20:00,35.5,39,19.4,0.00,988.4,13.9,502.0
2025-02-10T21:00,34.8,43,20.4,0.00,987.8,9.3,309.0
2025-02-10T22:00,32.7,57,23.0,0.00,987.4,5.0,123.0
2025-02-10T23:00,31.2,58,21.9,0.00,987.3,4.5,8.0
2025-02-11T00:00,30.1,56,20.3,0.00,988.3,8.0,0.0
2025-02-11T01:00,30.6,51,19.3,0.00,988.3,9.9,0.0
2025-02-11T02:00,30.0,51,18.6,0.00,988.4,11.6,0.0
2025-02-11T03:00,29.4,54,19.0,0.00,988.5,12.0,0.0
2025-02-11T04:00,28.6,59,19.8,0.00,988.6,11.8,0.0
2025-02-11T05:00,28.0,64,20.5,0.00,988.4,11.9,0.0
2025-02-11T06:00,27.6,67,20.8,0.00,988.2,13.4,0.0
2025-02-11T07:00,27.2,69,21.0,0.00,988.1,13.8,0.0
2025-02-11T08:00,26.7,71,21.0,0.00,988.3,11.6,0.0
2025-02-11T09:00,26.3,73,21.1,0.00,988.7,12.5,0.0
2025-02-11T10:00,26.2,74,21.3,0.00,989.2,13.2,6.0
2025-02-11T11:00,27.6,72,22.0,0.00,990.0,13.8,116.0
2025-02-11T12:00,29.5,63,21.8,0.00,990.5,14.3,320.0
2025-02-11T13:00,32.0,54,21.5,0.00,990.2,14.6,532.0
2025-02-11T14:00,33.8,48,21.4,0.00,990.3,16.4,710.0
2025-02-11T15:00,35.0,42,20.1,0.00,989.9,19.4,782.0
2025-02-11T16:00,35.8,40,20.0,0.00,989.5,19.7,867.0
2025-02-11T17:00,35.3,40,19.5,0.00,989.1,17.2,878.0
2025-02-11T18:00,35.3,41,20.1,0.00,988.5,15.1,734.0
2025-02-11T19:00,32.4,52,21.3,0.20,988.3,22.3,451.0
2025-02-11T20:00,31.8,58,22.4,0.00,987.7,12.2,201.0
2025-02-11T21:00,32.4,52,21.2,0.00,986.6,11.8,184.0
2025-02-11T22:00,31.2,57,21.8,0.00,986.5,7.3,102.0
2025-02-11T23:00,29.5,61,21.2,0.00,986.9,6.2,7.0
2025-02-12T00:00,28.9,63,21.1,0.00,987.7,7.5,0.0
2025-02-12T01:00,31.1,44,17.5,0.00,987.5,10.2,0.0
2025-02-12T02:00,29.7,53,19.2,0.00,988.2,8.7,0.0
2025-02-12T03:00,28.3,61,20.0,0.00,988.5,6.6,0.0
2025-02-12T04:00,28.5,59,19.8,0.00,988.7,9.5,0.0
2025-02-12T05:00,27.8,62,19.8,0.00,988.5,9.1,0.0
2025-02-12T06:00,27.2,65,20.0,0.00,988.4,11.0,0.0
2025-02-12T07:00,26.9,66,20.0,0.00,988.2,12.1,0.0
2025-02-12T08:00,26.7,66,19.9,0.00,988.2,14.5,0.0
2025-02-12T09:00,26.6,65,19.6,0.00,988.4,15.8,0.0
2025-02-12T10:00,26.5,67,19.8,0.00,989.1,15.1,5.0
2025-02-12T11:00,27.7,66,20.7,0.00,990.1,12.1,115.0
2025-02-12T12:00,29.5,60,20.9,0.00,990.9,14.0,318.0
2025-02-12T13:00,31.1,55,21.0,0.00,991.3,16.9,439.0
2025-02-12T14:00,32.5,53,21.6,0.00,991.4,18.5,670.0
2025-02-12T15:00,33.7,50,21.8,0.00,991.1,16.8,812.0
2025-02-12T16:00,34.5,47,21.5,0.00,990.7,16.1,893.0
2025-02-12T17:00,34.9,45,21.1,0.00,990.1,16.5,801.0
2025-02-12T18:00,34.5,45,20.9,0.00,989.4,14.6,678.0
2025-02-12T19:00,34.2,45,20.4,0.00,988.2,11.3,564.0
2025-02-12T20:00,34.2,43,19.9,0.00,987.7,10.5,448.0
2025-02-12T21:00,33.6,45,19.9,0.00,987.7,8.1,290.0
2025-02-12T22:00,31.9,53,21.2,0.00,988.3,7.1,100.0
2025-02-12T23:00,30.6,54,20.2,0.00,989.3,9.4,6.0
2025-02-13T00:00,28.9,61,20.8,0.00,989.9,5.2,0.0
2025-02-13T01:00,25.9,80,22.1,0.00,991.3,16.1,0.0
2025-02-13T02:00,25.1,86,22.6,0.00,991.9,17.1,0.0
2025-02-13T03:00,24.9,88,22.8,0.00,991.8,15.3,0.0
2025-02-13T04:00,24.8,85,22.1,0.00,991.6,13.5,0.0
2025-02-13T05:00,24.8,83,21.6,0.00,991.4,10.3,0.0
2025-02-13T06:00,24.9,81,21.4,0.00,991.2,12.4,0.0
2025-02-13T07:00,25.1,80,21.5,0.00,991.1,11.1,0.0
2025-02-13T08:00,25.1,81,21.8,0.00,991.3,11.9,0.0
2025-02-13T09:00,24.8,84,22.0,0.00,991.5,12.1,0.0
2025-02-13T10:00,24.9,85,22.2,0.00,991.8,12.6,4.0
2025-02-13T11:00,26.4,81,22.8,0.00,992.8,12.3,92.0
2025-02-13T12:00,28.0,74,22.9,0.10,993.9,5.1,283.0
2025-02-13T13:00,29.9,68,23.3,0.20,994.5,8.6,377.0
2025-02-13T14:00,30.1,67,23.4,0.40,994.4,7.2,235.0
2025-02-13T15:00,27.9,76,23.3,9.10,995.2,21.1,628.0
2025-02-13T16:00,25.7,86,23.2,1.90,995.0,5.4,17.0
2025-02-13T17:00,27.5,83,24.4,0.70,994.5,8.0,121.0
2025-02-13T18:00,28.8,75,24.0,0.60,993.8,8.7,311.0
2025-02-13T19:00,29.2,72,23.5,1.00,992.2,8.6,363.0
2025-02-13T20:00,29.8,69,23.6,0.00,991.5,4.7,323.0
2025-02-13T21:00,28.9,74,23.8,0.00,990.9,10.8,167.0
2025-02-13T22:00,27.5,83,24.3,0.00,991.0,11.1,67.0
2025-02-13T23:00,26.8,86,24.2,0.00,991.2,8.3,4.0
2025-02-14T00:00,26.4,87,24.0,0.00,992.1,9.4,0.0
2025-02-14T01:00,26.2,83,23.0,0.00,992.9,9.9,0.0
2025-02-14T02:00,25.7,86,23.1,0.00,993.1,8.5,0.0
2025-02-14T03:00,25.2,88,23.0,0.00,993.2,7.4,0.0
2025-02-14T04:00,24.9,89,23.0,0.00,992.7,8.5,0.0
2025-02-14T05:00,24.5,91,23.0,0.00,992.5,8.5,0.0
2025-02-14T06:00,24.3,91,22.8,0.00,992.0,8.0,0.0
2025-02-14T07:00,23.9,92,22.5,0.00,991.8,6.6,0.0
2025-02-14T08:00,23.5,93,22.3,0.00,991.7,5.7,0.0
2025-02-14T09:00,23.2,93,22.0,0.00,991.8,5.3,0.0
2025-02-14T10:00,23.4,92,22.0,0.00,992.2,6.2,4.0
2025-02-14T11:00,25.2,83,22.1,0.00,992.9,6.7,106.0
2025-02-14T12:00,26.9,75,22.0,0.00,993.1,6.1,307.0
2025-02-14T13:00,28.7,68,22.2,0.00,993.2,7.6,516.0
2025-02-14T14:00,30.2,64,22.7,0.00,993.0,7.7,695.0
2025-02-14T15:00,31.6,59,22.6,0.00,992.5,8.2,825.0
2025-02-14T16:00,32.8,56,22.8,0.00,991.8,8.9,887.0
2025-02-14T17:00,33.3,54,22.6,0.00,991.1,8.9,856.0
2025-02-14T18:00,33.5,52,22.5,0.00,990.1,8.1,700.0
2025-02-14T19:00,33.4,52,22.2,0.00,989.0,7.8,606.0
2025-02-14T20:00,33.2,51,21.6,0.00,988.2,4.1,463.0
2025-02-14T21:00,32.5,52,21.4,0.00,987.4,4.1,304.0
2025-02-14T22:00,31.6,61,23.2,0.00,987.1,1.9,107.0
2025-02-14T23:00,29.7,66,22.8,0.00,987.3,3.8,6.0
2025-02-15T00:00,29.1,66,22.1,0.00,988.1,10.0,0.0
2025-02-15T01:00,29.0,65,21.9,0.00,988.1,6.9,0.0
2025-02-15T02:00,28.5,68,22.0,0.00,988.7,9.7,0.0
2025-02-15T03:00,28.0,72,22.5,0.00,988.6,8.5,0.0
2025-02-15T04:00,27.4,76,22.8,0.00,988.6,8.5,0.0
2025-02-15T05:00,27.0,76,22.5,0.00,988.5,8.8,0.0
2025-02-15T06:00,26.1,77,21.9,0.60,988.7,5.4,0.0
2025-02-15T07:00,25.2,85,22.5,1.90,988.7,8.4,0.0
2025-02-15T08:00,24.8,88,22.8,0.10,988.3,12.1,0.0
2025-02-15T09:00,24.1,91,22.5,0.00,988.4,14.1,0.0
2025-02-15T10:00,23.9,92,22.5,0.00,988.5,16.7,3.0
2025-02-15T11:00,25.2,89,23.2,0.00,989.1,13.9,99.0
2025-02-15T12:00,27.5,78,23.3,0.00,990.0,12.4,298.0
2025-02-15T13:00,31.6,57,22.1,0.00,990.0,18.8,427.0
2025-02-15T14:00,33.3,50,21.5,0.00,989.9,19.0,686.0
2025-02-15T15:00,34.6,46,21.5,0.00,989.2,18.9,797.0
2025-02-15T16:00,34.7,46,21.4,0.00,988.8,15.4,808.0
2025-02-15T17:00,35.2,43,20.8,0.00,987.9,12.7,290.0
2025-02-15T18:00,34.0,45,20.5,0.40,987.1,14.3,48.0
2025-02-15T19:00,34.6,44,20.5,0.20,986.6,8.2,336.0
2025-02-15T20:00,30.1,60,21.4,0.40,986.7,9.4,304.0
2025-02-15T21:00,28.9,66,22.0,0.40,986.8,3.7,44.0
2025-02-15T22:00,28.0,73,22.8,0.00,986.3,9.2,25.0
2025-02-15T23:00,27.1,78,22.9,0.00,986.6,11.3,5.0
2025-02-16T00:00,26.8,78,22.7,0.00,987.6,13.0,0.0
2025-02-16T01:00,28.0,69,21.9,0.00,987.2,12.9,0.0
2025-02-16T02:00,27.8,75,23.0,0.00,988.0,14.7,0.0
2025-02-16T03:00,27.6,77,23.3,0.00,988.2,16.4,0.0
2025-02-16T04:00,27.4,77,22.9,0.00,988.2,16.3,0.0
2025-02-16T05:00,27.0,77,22.6,0.00,987.8,15.2,0.0
2025-02-16T06:00,26.6,78,22.5,0.00,988.1,14.9,0.0
2025-02-16T07:00,26.5,78,22.2,0.00,987.7,14.3,0.0
2025-02-16T08:00,26.5,77,22.1,0.00,987.5,15.0,0.0
2025-02-16T09:00,26.5,76,22.0,0.00,987.4,15.0,0.0
2025-02-16T10:00,26.7,75,21.9,0.00,987.7,16.0,2.0
2025-02-16T11:00,28.1,71,22.4,0.00,988.4,15.2,68.0
2025-02-16T12:00,30.0,64,22.5,0.00,989.0,17.0,199.0
2025-02-16T13:00,32.2,55,22.2,0.00,989.1,21.1,456.0
2025-02-16T14:00,33.7,50,21.9,0.00,989.1,24.8,633.0
2025-02-16T15:00,34.8,46,21.3,0.00,988.8,26.2,777.0
2025-02-16T16:00,35.3,44,21.2,0.00,988.1,25.2,834.0
2025-02-16T17:00,36.0,42,21.0,0.00,987.4,24.6,871.0
2025-02-16T18:00,36.4,41,21.0,0.00,986.4,25.5,749.0
2025-02-16T19:00,36.5,38,20.0,0.00,985.3,24.2,688.0
2025-02-16T20:00,36.0,40,20.1,0.00,984.6,22.6,488.0
2025-02-16T21:00,35.3,43,20.9,0.00,984.7,16.3,287.0
2025-02-16T22:00,33.6,49,21.4,0.20,985.5,8.4,103.0
2025-02-16T23:00,31.5,57,21.9,0.00,986.6,5.1,4.0
2025-02-17T00:00,27.5,77,23.1,0.90,989.1,29.5,0.0
2025-02-17T01:00,27.1,77,22.9,0.00,986.7,9.2,0.0
2025-02-17T02:00,26.9,80,23.0,0.00,987.9,10.1,0.0
2025-02-17T03:00,27.0,78,22.8,0.20,988.6,16.0,0.0
2025-02-17T04:00,25.0,89,23.2,3.20,989.4,13.0,0.0
2025-02-17T05:00,25.0,91,23.4,0.00,988.9,15.7,0.0
2025-02-17T06:00,25.0,89,23.0,0.00,988.1,12.9,0.0
2025-02-17T07:00,24.9,89,22.9,0.00,988.1,14.3,0.0
2025-02-17T08:00,24.9,88,22.8,0.00,988.0,14.8,0.0
2025-02-17T09:00,25.0,87,22.7,0.00,988.8,11.5,0.0
2025-02-17T10:00,25.0,86,22.5,0.00,989.0,13.7,0.0
2025-02-17T11:00,25.5,84,22.6,0.00,989.6,13.3,6.0
2025-02-17T12:00,27.4,78,23.3,0.00,989.9,13.5,58.0
2025-02-17T13:00,32.0,56,22.0,0.00,990.9,9.9,382.0
2025-02-17T14:00,28.6,73,23.4,0.70,991.5,11.3,301.0
2025-02-17T15:00,30.3,67,23.5,0.10,991.8,9.6,505.0
2025-02-17T16:00,30.3,70,24.2,0.40,991.3,4.0,528.0
2025-02-17T17:00,28.8,75,23.9,4.00,990.9,6.3,198.0
2025-02-17T18:00,30.0,71,24.1,0.00,990.7,1.0,203.0
2025-02-17T19:00,30.7,67,24.0,0.00,990.0,2.6,293.0
2025-02-17T20:00,30.0,70,24.0,0.00,989.5,6.4,54.0
2025-02-17T21:00,29.5,69,23.1,0.60,989.4,10.2,106.0
2025-02-17T22:00,27.6,81,24.0,0.20,990.4,15.3,4.0
2025-02-17T23:00,24.9,93,23.6,0.50,990.7,11.0,0.0
2025-02-18T00:00,25.1,93,23.9,0.20,991.7,11.3,0.0
2025-02-18T01:00,22.0,92,20.6,0.00,993.6,17.9,0.0
2025-02-18T02:00,22.0,92,20.6,0.20,993.4,20.6,0.0
2025-02-18T03:00,21.7,93,20.5,0.00,994.2,14.2,0.0
2025-02-18T04:00,21.5,94,20.4,0.00,994.3,9.0,0.0
2025-02-18T05:00,21.6,93,20.5,0.00,993.9,5.0,0.0
2025-02-18T06:00,21.6,95,20.7,0.20,994.1,9.7,0.0
2025-02-18T07:00,21.6,94,20.6,0.00,993.8,8.9,0.0
2025-02-18T08:00,21.5,95,20.7,0.00,994.3,3.3,0.0
2025-02-18T09:00,21.4,97,20.9,0.00,994.8,5.8,0.0
2025-02-18T10:00,21.8,98,21.4,0.00,994.8,11.5,0.0
2025-02-18T11:00,22.4,94,21.4,0.00,995.5,11.3,1.0
2025-02-18T12:00,23.5,87,21.3,0.00,995.9,11.6,81.0
2025-02-18T13:00,23.8,81,20.4,0.00,996.5,9.6,119.0
2025-02-18T14:00,24.9,76,20.5,0.00,996.7,10.6,114.0
2025-02-18T15:00,26.1,70,20.3,0.00,996.4,12.1,87.0
2025-02-18T16:00,28.1,62,20.2,0.00,996.0,10.9,711.0
2025-02-18T17:00,28.0,61,19.9,0.00,995.6,10.7,187.0
2025-02-18T18:00,28.1,60,19.6,0.00,994.6,9.5,115.0
2025-02-18T19:00,27.6,64,20.1,0.00,993.9,11.9,113.0
2025-02-18T20:00,27.4,64,19.9,0.00,992.9,13.8,286.0
2025-02-18T21:00,26.9,67,20.3,0.00,992.1,9.5,128.0
2025-02-18T22:00,25.6,73,20.4,0.00,991.7,7.2,10.0
2025-02-18T23:00,24.7,77,20.4,0.00,992.0,5.2,0.0
2025-02-19T00:00,24.6,75,20.0,0.00,992.6,5.6,0.0
2025-02-19T01:00,23.5,82,20.2,0.00,993.4,5.5,0.0
2025-02-19T02:00,23.7,79,19.8,0.00,993.8,7.3,0.0
2025-02-19T03:00,23.5,78,19.5,0.00,993.6,8.2,0.0
2025-02-19T04:00,22.6,83,19.6,0.00,993.1,6.1,0.0
2025-02-19T05:00,22.0,87,19.6,0.00,992.6,5.8,0.0
2025-02-19T06:00,21.5,88,19.5,0.00,992.0,7.2,0.0
2025-02-19T07:00,21.7,85,19.1,0.00,992.0,9.7,0.0
2025-02-19T08:00,21.5,85,18.9,0.00,992.0,8.9,0.0
2025-02-19T09:00,21.0,88,18.8,0.00,992.3,7.8,0.0
2025-02-19T10:00,20.9,89,18.9,0.00,992.7,7.9,3.0
2025-02-19T11:00,22.6,86,20.1,0.00,993.7,7.5,94.0
2025-02-19T12:00,24.6,78,20.6,0.00,994.2,8.4,303.0
2025-02-19T13:00,26.2,72,20.8,0.00,994.4,8.3,448.0
2025-02-19T14:00,27.8,68,21.2,0.00,994.4,8.4,602.0
2025-02-19T15:00,28.9,64,21.2,0.00,994.2,8.3,693.0
2025-02-19T16:00,29.6,60,21.1,0.00,993.7,8.4,794.0
2025-02-19T17:00,29.9,59,21.0,0.00,993.2,8.6,728.0
2025-02-19T18:00,29.8,58,20.8,0.10,992.4,6.5,497.0
2025-02-19T19:00,30.1,56,20.5,0.10,991.4,2.5,515.0
2025-02-19T20:00,30.0,56,20.2,0.00,990.7,3.1,303.0
2025-02-19T21:00,28.7,63,21.0,0.10,990.6,7.2,260.0
2025-02-19T22:00,26.5,79,22.5,0.10,990.9,7.8,69.0
2025-02-19T23:00,25.4,85,22.6,0.00,991.1,6.3,3.0
2025-02-20T00:00,24.9,87,22.6,0.00,992.1,7.0,0.0
2025-02-20T01:00,25.0,83,21.9,0.00,991.9,4.6,0.0
2025-02-20T02:00,25.1,80,21.4,0.00,992.6,7.3,0.0
2025-02-20T03:00,24.6,83,21.5,0.00,992.6,6.3,0.0
2025-02-20T04:00,24.2,86,21.8,0.00,992.4,8.1,0.0
2025-02-20T05:00,23.9,89,21.9,0.00,992.6,6.2,0.0
2025-02-20T06:00,23.4,92,22.0,0.00,992.4,5.1,0.0
2025-02-20T07:00,23.0,94,22.0,0.00,992.3,6.0,0.0
2025-02-20T08:00,22.8,95,22.0,0.00,991.9,4.1,0.0
2025-02-20T09:00,22.8,95,22.0,0.00,992.0,5.9,0.0
2025-02-20T10:00,23.0,94,21.9,0.00,992.6,8.4,1.0
2025-02-20T11:00,24.5,89,22.6,0.00,993.7,9.1,60.0
2025-02-20T12:00,26.2,83,23.1,0.00,994.5,10.7,216.0
2025-02-20T13:00,28.1,75,23.4,0.00,994.9,12.3,272.0
2025-02-20T14:00,29.3,69,23.0,0.00,995.1,16.4,508.0
2025-02-20T15:00,30.0,68,23.4,0.10,995.0,14.9,642.0
2025-02-20T16:00,30.5,68,23.9,0.00,994.9,13.5,496.0
2025-02-20T17:00,30.2,66,23.1,0.10,994.6,12.4,440.0
2025-02-20T18:00,30.6,62,22.6,0.10,994.1,11.0,415.0
2025-02-20T19:00,30.8,60,22.2,0.00,993.2,7.6,324.0
2025-02-20T20:00,30.9,59,21.9,0.00,992.5,6.0,345.0
2025-02-20T21:00,30.2,60,21.7,0.00,992.4,5.4,183.0
2025-02-20T22:00,28.9,72,23.2,0.00,992.4,4.4,100.0
2025-02-20T23:00,27.5,74,22.4,0.00,993.0,5.8,3.0
2025-02-21T00:00,27.1,76,22.6,0.00,993.8,10.3,0.0
2025-02-21T01:00,27.5,66,20.6,0.00,993.8,6.5,0.0
2025-02-21T02:00,26.7,76,22.1,0.00,994.5,8.3,0.0
2025-02-21T03:00,26.0,84,23.0,0.00,994.6,11.6,0.0
2025-02-21T04:00,25.8,83,22.6,0.00,994.3,11.3,0.0
2025-02-21T05:00,25.5,84,22.5,0.00,994.0,10.5,0.0
2025-02-21T06:00,25.4,84,22.4,0.00,993.8,10.3,0.0
2025-02-21T07:00,25.1,85,22.5,0.00,993.8,9.6,0.0
2025-02-21T08:00,25.0,86,22.5,0.00,994.2,9.2,0.0
2025-02-21T09:00,24.7,87,22.4,0.00,994.7,8.1,0.0
2025-02-21T10:00,24.6,88,22.5,0.00,995.3,7.7,2.0
2025-02-21T11:00,26.5,82,23.1,0.00,996.0,8.0,89.0
2025-02-21T12:00,28.5,73,23.2,0.00,996.6,9.2,268.0
2025-02-21T13:00,30.2,66,23.1,0.00,996.9,9.6,212.0
2025-02-21T14:00,31.0,62,22.9,0.00,997.2,9.6,64.0
2025-02-21T15:00,32.5,55,22.4,0.00,996.8,11.5,323.0
2025-02-21T16:00,33.4,51,22.0,0.00,996.4,10.9,848.0
2025-02-21T17:00,32.2,53,21.4,0.70,996.3,13.3,734.0
2025-02-21T18:00,31.5,58,22.0,0.00,995.4,11.7,336.0
2025-02-21T19:00,32.3,56,22.5,0.00,995.1,9.1,444.0
2025-02-21T20:00,30.5,63,22.6,0.20,995.0,5.2,241.0
2025-02-21T21:00,30.3,64,22.9,0.00,995.1,4.3,86.0
2025-02-21T22:00,29.5,69,23.2,0.00,994.9,7.0,50.0
2025-02-21T23:00,28.0,76,23.4,0.00,995.0,10.1,1.0
2025-02-22T00:00,27.1,82,23.8,0.00,995.4,13.4,0.0
2025-02-22T01:00,28.5,63,20.7,0.00,995.5,15.1,0.0
2025-02-22T02:00,28.0,68,21.6,0.00,995.9,13.0,0.0
2025-02-22T03:00,27.6,72,22.1,0.00,995.9,12.5,0.0
2025-02-22T04:00,27.3,73,22.1,0.00,995.5,12.6,0.0
2025-02-22T05:00,26.8,75,22.0,0.00,995.2,10.9,0.0
2025-02-22T06:00,26.2,78,22.1,0.00,995.2,8.6,0.0
2025-02-22T07:00,25.8,80,22.1,0.00,995.3,8.9,0.0
2025-02-22T08:00,25.5,81,22.0,0.00,995.4,9.5,0.0
2025-02-22T09:00,25.2,82,22.0,0.00,995.4,10.2,0.0
2025-02-22T10:00,25.0,83,22.0,0.00,996.2,8.7,2.0
2025-02-22T11:00,26.7,78,22.5,0.00,996.9,7.4,95.0
2025-02-22T12:00,29.0,67,22.3,0.00,997.1,8.7,293.0
2025-02-22T13:00,31.5,59,22.7,0.00,996.7,10.7,502.0
2025-02-22T14:00,33.5,50,21.5,0.00,996.9,11.6,681.0
2025-02-22T15:00,34.6,44,20.5,0.00,996.6,10.7,770.0
2025-02-22T16:00,35.2,41,19.9,0.00,995.6,8.7,757.0
2025-02-22T17:00,36.0,38,19.5,0.00,995.1,6.6,764.0
2025-02-22T18:00,35.8,38,19.5,0.00,994.6,6.5,708.0
2025-02-22T19:00,35.9,38,19.2,0.00,994.0,4.0,311.0
2025-02-22T20:00,32.7,50,21.0,0.40,994.5,15.2,185.0
2025-02-22T21:00,31.8,52,20.6,0.00,993.4,7.3,16.0
2025-02-22T22:00,30.6,61,22.2,0.00,992.5,4.0,4.0
2025-02-22T23:00,30.1,60,21.4,0.00,992.5,8.8,0.0
2025-02-23T00:00,29.2,63,21.5,0.00,993.3,8.5,0.0
2025-02-23T01:00,28.1,67,21.5,0.00,993.2,13.0,0.0
2025-02-23T02:00,27.5,68,21.0,0.00,993.6,11.9,0.0
2025-02-23T03:00,26.8,70,20.8,0.00,993.7,11.4,0.0
2025-02-23T04:00,26.6,71,20.9,0.00,993.5,10.7,0.0
2025-02-23T05:00,26.4,72,20.9,0.00,993.4,11.8,0.0
2025-02-23T06:00,25.8,74,20.9,0.00,993.3,11.7,0.0
2025-02-23T07:00,25.7,75,20.9,0.00,993.5,10.6,0.0
2025-02-23T08:00,25.6,75,20.8,0.00,993.5,11.2,0.0
2025-02-23T09:00,25.4,75,20.6,0.00,993.4,10.2,0.0
2025-02-23T10:00,25.4,76,20.8,0.00,993.8,9.8,2.0
2025-02-23T11:00,27.2,70,21.4,0.00,994.3,9.3,84.0
2025-02-23T12:00,29.5,63,21.6,0.00,994.7,10.5,224.0
2025-02-23T13:00,30.8,59,21.9,0.00,994.7,12.0,440.0
2025-02-23T14:00,33.0,52,21.9,0.00,994.7,11.9,683.0
2025-02-23T15:00,34.7,46,21.2,0.00,994.1,13.0,813.0
2025-02-23T16:00,35.7,42,20.8,0.00,993.3,11.9,874.0
2025-02-23T17:00,36.5,40,20.8,0.00,992.4,9.2,846.0
2025-02-23T18:00,36.5,40,20.6,0.00,991.7,6.3,728.0
2025-02-23T19:00,35.8,41,20.3,0.00,991.3,5.3,501.0
2025-02-23T20:00,34.7,41,19.5,0.10,990.3,7.3,269.0
2025-02-23T21:00,34.3,40,18.9,0.00,990.1,9.0,226.0
2025-02-23T22:00,31.5,54,21.0,0.00,991.1,9.4,64.0
2025-02-23T23:00,30.1,59,21.2,0.00,991.7,11.3,2.0
2025-02-24T00:00,29.4,62,21.2,0.00,991.9,12.1,0.0
2025-02-24T01:00,28.8,64,21.2,0.00,991.4,11.2,0.0
2025-02-24T02:00,28.0,66,21.0,0.00,991.7,11.7,0.0
2025-02-24T03:00,27.4,69,21.2,0.00,991.6,13.0,0.0
2025-02-24T04:00,26.7,73,21.5,0.00,991.6,11.0,0.0
2025-02-24T05:00,26.0,77,21.7,0.00,991.3,11.5,0.0
2025-02-24T06:00,25.5,81,21.9,0.00,991.1,11.3,0.0
2025-02-24T07:00,25.0,83,22.0,0.00,991.8,9.4,0.0
2025-02-24T08:00,24.8,84,22.0,0.00,992.2,9.6,0.0
2025-02-24T09:00,24.5,85,21.9,0.00,992.6,8.8,0.0
2025-02-24T10:00,24.4,86,21.8,0.00,992.9,9.6,2.0
2025-02-24T11:00,26.0,79,22.0,0.00,993.1,12.0,92.0
2025-02-24T12:00,28.2,69,22.0,0.00,993.3,14.4,290.0
2025-02-24T13:00,30.2,64,22.6,0.00,993.2,14.7,499.0
2025-02-24T14:00,32.2,56,22.4,0.00,993.1,16.3,678.0
2025-02-24T15:00,33.8,48,21.4,0.00,992.6,18.7,803.0
2025-02-24T16:00,34.8,45,21.2,0.00,991.9,18.8,831.0
2025-02-24T17:00,35.5,43,21.0,0.00,991.2,18.0,833.0
2025-02-24T18:00,35.7,42,20.8,0.00,990.4,16.6,748.0
2025-02-24T19:00,35.5,41,20.2,0.00,989.9,14.8,645.0
2025-02-24T20:00,35.0,42,20.1,0.00,989.3,12.5,438.0
2025-02-24T21:00,34.2,44,20.2,0.00,989.3,11.4,271.0
2025-02-24T22:00,32.7,50,21.0,0.00,989.6,7.3,83.0
2025-02-24T23:00,31.5,54,21.0,0.00,990.3,7.8,2.0
2025-02-25T00:00,30.6,57,21.2,0.00,991.3,12.0,0.0
2025-02-25T01:00,30.9,56,21.0,0.00,991.9,8.5,0.0
2025-02-25T02:00,30.2,60,21.5,0.00,992.4,11.6,0.0
2025-02-25T03:00,29.8,63,22.0,0.00,992.5,12.7,0.0
2025-02-25T04:00,29.0,65,21.9,0.00,992.1,12.1,0.0
2025-02-25T05:00,28.4,67,21.6,0.00,991.8,11.6,0.0
2025-02-25T06:00,27.9,67,21.3,0.00,991.6,11.2,0.0
2025-02-25T07:00,27.5,68,21.0,0.00,991.7,11.9,0.0
2025-02-25T08:00,26.9,70,21.0,0.00,992.1,10.4,0.0
2025-02-25T09:00,26.4,72,21.0,0.00,992.3,10.9,0.0
2025-02-25T10:00,26.0,74,21.1,0.00,992.4,11.7,2.0
2025-02-25T11:00,27.5,71,21.8,0.00,993.3,12.4,91.0
2025-02-25T12:00,29.5,63,21.8,0.00,994.1,14.8,287.0
2025-02-25T13:00,31.9,56,21.9,0.00,994.5,16.9,496.0
2025-02-25T14:00,33.7,48,21.1,0.00,994.4,17.9,672.0
2025-02-25T15:00,34.9,42,20.1,0.00,993.9,18.2,783.0
2025-02-25T16:00,35.6,40,20.0,0.00,993.2,18.5,856.0
2025-02-25T17:00,36.2,39,19.9,0.00,992.6,18.2,860.0
2025-02-25T18:00,36.3,38,19.8,0.00,991.4,16.6,800.0
2025-02-25T19:00,36.3,39,20.1,0.00,990.2,14.5,657.0
2025-02-25T20:00,35.6,40,19.8,0.00,989.6,13.7,438.0
2025-02-25T21:00,34.7,42,19.9,0.00,989.7,14.4,233.0
2025-02-25T22:00,33.0,47,20.3,0.00,990.0,11.0,74.0
2025-02-25T23:00,31.6,53,21.0,0.00,991.1,11.5,2.0
2025-02-26T00:00,31.1,56,21.4,0.00,992.3,12.3,0.0
2025-02-26T01:00,30.7,56,20.9,0.00,992.0,14.1,0.0
2025-02-26T02:00,29.8,61,21.4,0.00,992.5,14.4,0.0
2025-02-26T03:00,29.0,62,21.0,0.00,992.9,14.8,0.0
2025-02-26T04:00,28.3,63,20.7,0.00,993.2,15.0,0.0
2025-02-26T05:00,27.6,66,20.6,0.00,992.8,13.8,0.0
2025-02-26T06:00,27.0,68,20.8,0.00,992.6,12.8,0.0
2025-02-26T07:00,26.6,71,20.9,0.00,992.5,12.6,0.0
2025-02-26T08:00,26.1,73,21.0,0.00,992.4,12.6,0.0
2025-02-26T09:00,25.9,75,21.0,0.00,993.0,11.8,0.0
2025-02-26T10:00,25.6,77,21.2,0.00,993.6,11.0,1.0
2025-02-26T11:00,27.0,72,21.5,0.00,994.2,13.5,88.0
2025-02-26T12:00,28.5,66,21.5,0.00,994.6,16.8,284.0
2025-02-26T13:00,30.5,58,21.4,0.00,995.0,16.7,474.0
2025-02-26T14:00,32.2,52,21.2,0.00,994.9,16.9,666.0
2025-02-26T15:00,33.5,48,21.0,0.00,994.7,15.0,800.0
2025-02-26T16:00,34.2,47,21.2,0.00,994.2,12.4,832.0
2025-02-26T17:00,34.8,45,21.2,0.00,993.4,10.9,791.0
2025-02-26T18:00,35.0,44,21.1,0.00,992.2,9.0,727.0
2025-02-26T19:00,34.5,45,21.0,0.10,991.3,9.4,607.0
2025-02-26T20:00,33.6,47,20.7,0.30,991.1,11.0,369.0
2025-02-26T21:00,30.2,60,21.7,0.40,991.2,14.7,72.0
2025-02-26T22:00,30.2,60,21.5,0.00,992.0,14.6,44.0
2025-02-26T23:00,29.1,67,22.4,0.00,993.0,16.2,0.0
2025-02-27T00:00,28.3,71,22.5,0.00,993.7,13.3,0.0
2025-02-27T01:00,25.0,94,23.9,0.10,994.2,14.4,0.0
2025-02-27T02:00,24.2,98,23.9,0.40,993.6,9.3,0.0
2025-02-27T03:00,24.1,98,23.9,0.40,994.1,12.7,0.0
2025-02-27T04:00,24.1,98,23.8,0.20,993.5,10.4,0.0
2025-02-27T05:00,24.1,97,23.6,0.00,992.5,11.0,0.0
2025-02-27T06:00,24.0,97,23.5,0.00,992.6,9.4,0.0
2025-02-27T07:00,24.0,96,23.4,0.00,992.4,10.0,0.0
2025-02-27T08:00,23.8,97,23.2,0.00,992.5,8.8,0.0
2025-02-27T09:00,23.6,97,23.1,0.00,992.7,9.6,0.0
2025-02-27T10:00,23.5,97,23.0,0.00,993.1,8.7,1.0
2025-02-27T11:00,24.4,93,23.2,0.00,994.1,9.3,16.0
2025-02-27T12:00,24.8,91,23.2,0.00,994.5,8.5,8.0
2025-02-27T13:00,29.3,67,22.5,0.10,994.6,13.3,437.0
2025-02-27T14:00,30.2,62,22.2,0.20,995.0,13.6,303.0
2025-02-27T15:00,29.7,64,22.1,0.20,994.2,13.9,34.0
2025-02-27T16:00,32.0,54,21.4,0.20,993.7,17.1,376.0
2025-02-27T17:00,28.1,73,22.9,2.00,993.2,11.8,87.0
2025-02-27T18:00,26.9,82,23.5,2.50,992.6,2.6,13.0
2025-02-27T19:00,27.6,80,23.8,0.00,991.3,3.1,54.0
2025-02-27T20:00,28.0,74,23.0,0.50,991.1,5.6,97.0
2025-02-27T21:00,27.0,81,23.5,0.10,991.1,8.1,29.0
2025-02-27T22:00,26.0,86,23.4,0.10,990.9,10.5,1.0
2025-02-27T23:00,25.0,91,23.5,0.30,991.1,11.0,0.0
2025-02-28T00:00,24.8,93,23.6,0.00,992.0,9.1,0.0
2025-02-28T01:00,26.5,80,22.7,0.00,992.5,9.9,0.0
2025-02-28T02:00,26.4,81,23.0,0.00,992.5,10.6,0.0
2025-02-28T03:00,26.3,81,22.7,0.00,992.3,11.9,0.0
2025-02-28T04:00,26.1,78,22.0,0.00,992.0,11.7,0.0
2025-02-28T05:00,26.0,77,21.6,0.00,991.8,11.6,0.0
2025-02-28T06:00,25.9,77,21.5,0.00,991.5,11.6,0.0
2025-02-28T07:00,25.4,81,21.9,0.70,991.4,11.2,0.0
2025-02-28T08:00,24.8,87,22.5,0.70,991.6,11.1,0.0
2025-02-28T09:00,24.5,88,22.5,0.00,991.7,12.8,0.0
2025-02-28T10:00,24.5,89,22.5,0.00,992.2,11.7,1.0
2025-02-28T11:00,25.8,85,23.1,0.00,993.4,10.5,54.0
2025-02-28T12:00,27.9,75,23.1,0.00,993.8,11.2,221.0
2025-02-28T13:00,30.5,64,23.0,0.10,993.6,16.9,400.0
2025-02-28T14:00,31.7,57,22.2,0.10,993.6,19.8,565.0
2025-02-28T15:00,32.9,53,22.1,0.00,993.0,21.2,674.0
2025-02-28T16:00,30.6,68,23.9,3.60,993.2,17.7,686.0
2025-02-28T17:00,32.5,53,21.6,0.00,992.5,19.6,437.0
2025-02-28T18:00,30.6,64,23.1,0.90,991.4,22.2,577.0
2025-02-28T19:00,31.8,55,21.8,0.00,989.7,15.8,284.0
2025-02-28T20:00,30.9,61,22.4,0.40,988.9,19.6,362.0
2025-02-28T21:00,31.1,58,21.9,0.00,988.6,11.5,103.0
2025-02-28T22:00,30.2,62,22.0,0.00,988.8,6.4,50.0
2025-02-28T23:00,28.8,69,22.5,0.00,989.4,4.1,1.0
2025-03-01T00:00,28.2,70,22.2,0.00,990.3,4.2,0.0
2025-03-01T01:00,28.8,65,21.5,0.00,991.0,7.0,0.0
2025-03-01T02:00,28.1,67,21.3,0.00,991.6,9.8,0.0
2025-03-01T03:00,27.9,66,21.0,0.00,991.8,10.5,0.0
2025-03-01T04:00,28.0,66,21.0,0.00,991.7,12.1,0.0
2025-03-01T05:00,27.8,66,21.0,0.00,991.5,11.3,0.0
2025-03-01T06:00,27.3,68,21.0,0.00,991.3,10.2,0.0
2025-03-01T07:00,27.0,69,20.9,0.00,991.4,10.5,0.0
2025-03-01T08:00,26.7,70,20.9,0.00,991.5,10.9,0.0
2025-03-01T09:00,26.3,72,21.0,0.00,991.9,10.8,0.0
2025-03-01T10:00,26.0,75,21.2,0.00,992.2,10.5,0.0
2025-03-01T11:00,27.5,72,22.0,0.00,993.0,10.5,78.0
2025-03-01T12:00,29.6,64,22.2,0.00,993.9,12.5,259.0
2025-03-01T13:00,31.7,58,22.5,0.00,993.8,15.5,482.0
2025-03-01T14:00,33.4,51,21.8,0.00,994.0,18.2,661.0
2025-03-01T15:00,34.7,46,21.5,0.00,993.8,19.2,780.0
2025-03-01T16:00,35.5,44,21.4,0.00,993.4,18.3,830.0
2025-03-01T17:00,36.0,42,21.2,0.00,992.7,16.4,787.0
2025-03-01T18:00,36.3,41,21.0,0.00,992.2,15.2,684.0
2025-03-01T19:00,36.2,40,20.5,0.00,991.1,15.2,446.0
2025-03-01T20:00,35.5,40,19.9,0.00,990.3,14.8,298.0
2025-03-01T21:00,33.8,47,20.8,0.30,990.1,10.4,222.0
2025-03-01T22:00,32.5,58,23.2,0.00,990.5,3.8,75.0
2025-03-01T23:00,31.6,54,21.3,0.00,991.7,3.8,1.0
2025-03-02T00:00,30.6,54,20.3,0.00,993.0,7.1,0.0
2025-03-02T01:00,27.5,71,21.7,0.00,993.1,18.5,0.0
2025-03-02T02:00,27.1,71,21.4,0.00,993.6,19.0,0.0
2025-03-02T03:00,27.1,75,22.4,0.00,993.7,15.5,0.0
2025-03-02T04:00,27.0,76,22.5,0.00,993.6,13.6,0.0
2025-03-02T05:00,26.9,77,22.4,0.00,993.2,12.5,0.0
2025-03-02T06:00,26.5,77,22.1,0.00,993.0,11.4,0.0
2025-03-02T07:00,26.3,75,21.6,0.00,992.8,10.3,0.0
2025-03-02T08:00,26.1,73,20.9,0.00,992.7,9.6,0.0
2025-03-02T09:00,25.9,71,20.2,0.00,993.3,9.7,0.0
2025-03-02T10:00,25.9,70,19.9,0.00,993.8,9.9,1.0
2025-03-02T11:00,27.8,65,20.6,0.00,994.8,10.9,83.0
2025-03-02T12:00,30.2,55,20.3,0.00,995.5,10.9,278.0
2025-03-02T13:00,32.7,51,21.4,0.00,994.9,14.3,478.0
2025-03-02T14:00,34.5,46,21.2,0.00,994.9,15.2,664.0
2025-03-02T15:00,36.0,39,19.8,0.00,994.6,18.4,791.0
2025-03-02T16:00,36.6,37,19.7,0.00,994.2,18.7,745.0
2025-03-02T17:00,36.8,37,19.5,0.00,993.7,18.0,789.0
2025-03-02T18:00,36.7,37,19.5,0.00,992.7,17.6,694.0
2025-03-02T19:00,36.5,38,19.9,0.00,991.7,16.4,574.0
2025-03-02T20:00,35.9,40,20.0,0.00,991.3,14.2,386.0
2025-03-02T21:00,35.0,44,21.0,0.00,991.2,8.9,208.0
2025-03-02T22:00,32.2,54,21.9,0.40,991.9,12.6,69.0
2025-03-02T23:00,31.3,57,21.9,0.00,992.5,5.4,0.0
2025-03-03T00:00,30.8,58,21.7,0.00,993.1,5.1,0.0
2025-03-03T01:00,30.6,57,21.1,0.00,992.8,8.1,0.0
2025-03-03T02:00,30.4,58,21.2,0.00,993.3,8.2,0.0
2025-03-03T03:00,29.8,60,21.2,0.00,993.4,11.3,0.0
2025-03-03T04:00,29.1,63,21.2,0.00,993.1,10.3,0.0
2025-03-03T05:00,28.6,64,21.2,0.00,993.0,11.6,0.0
2025-03-03T06:00,28.1,66,21.2,0.00,992.6,10.1,0.0
2025-03-03T07:00,27.8,68,21.4,0.00,992.7,9.8,0.0
2025-03-03T08:00,27.5,70,21.5,0.00,992.6,10.2,0.0
2025-03-03T09:00,27.1,71,21.4,0.00,992.9,9.4,0.0
2025-03-03T10:00,27.1,70,21.1,0.00,993.7,10.3,1.0
2025-03-03T11:00,28.6,66,21.8,0.00,994.8,11.7,84.0
2025-03-03T12:00,31.0,57,21.5,0.00,995.5,11.1,278.0
2025-03-03T13:00,33.2,53,22.4,0.00,995.3,13.3,470.0
2025-03-03T14:00,35.5,42,20.8,0.00,995.4,14.4,670.0
2025-03-03T15:00,36.6,34,18.4,0.00,995.3,15.7,648.0
2025-03-03T16:00,37.2,31,17.5,0.00,994.6,16.0,772.0
2025-03-03T17:00,36.9,30,16.5,0.10,994.5,15.3,766.0
2025-03-03T18:00,36.3,32,16.9,0.10,993.6,9.4,248.0
2025-03-03T19:00,36.8,30,16.5,0.00,992.9,13.5,486.0
2025-03-03T20:00,35.6,34,17.2,0.00,992.5,15.9,373.0
2025-03-03T21:00,34.6,39,18.5,0.00,991.9,10.7,217.0
2025-03-03T22:00,32.5,45,19.2,0.00,991.9,7.6,65.0
2025-03-03T23:00,31.2,49,19.1,0.00,992.5,6.9,0.0
2025-03-04T00:00,30.1,53,19.5,0.00,993.4,7.2,0.0
2025-03-04T01:00,30.8,51,19.6,0.00,993.0,5.7,0.0
2025-03-04T02:00,29.9,55,19.8,0.00,993.4,6.1,0.0
2025-03-04T03:00,30.0,54,19.6,0.00,993.4,4.2,0.0
2025-03-04T04:00,29.4,53,18.8,0.00,993.5,8.5,0.0
2025-03-04T05:00,29.4,51,18.1,0.00,993.0,8.5,0.0
2025-03-04T06:00,28.6,54,18.4,0.00,993.0,9.4,0.0
2025-03-04T07:00,27.6,58,18.6,0.00,992.8,8.9,0.0
2025-03-04T08:00,27.0,61,19.0,0.00,992.7,8.1,0.0
2025-03-04T09:00,26.3,65,19.3,0.00,992.8,6.2,0.0
2025-03-04T10:00,26.2,68,19.8,0.00,993.3,6.4,1.0
2025-03-04T11:00,28.5,63,20.6,0.00,994.1,10.0,82.0
2025-03-04T12:00,31.1,54,20.8,0.00,994.5,9.1,276.0
2025-03-04T13:00,33.5,50,21.5,0.00,993.9,10.1,484.0
2025-03-04T14:00,35.2,44,21.0,0.00,993.8,13.4,662.0
2025-03-04T15:00,36.1,40,20.3,0.00,993.2,13.8,752.0
2025-03-04T16:00,36.8,38,20.1,0.00,992.6,13.1,746.0
2025-03-04T17:00,36.9,38,20.1,0.00,992.4,11.9,699.0
2025-03-04T18:00,36.5,39,20.1,0.00,991.7,13.6,596.0
2025-03-04T19:00,34.1,45,20.6,0.30,991.5,6.5,397.0
2025-03-04T20:00,34.9,42,20.2,0.00,990.4,2.6,327.0
2025-03-04T21:00,34.5,43,20.1,0.00,990.0,4.2,179.0
2025-03-04T22:00,32.2,54,21.9,0.00,989.9,4.7,51.0
2025-03-04T23:00,31.1,58,21.8,0.00,990.2,2.9,0.0
2025-03-05T00:00,30.2,58,21.0,0.00,991.1,4.9,0.0
2025-03-05T01:00,29.0,65,21.7,0.00,991.1,6.9,0.0
2025-03-05T02:00,28.6,66,21.8,0.00,991.2,7.3,0.0
2025-03-05T03:00,28.5,66,21.6,0.00,991.5,8.4,0.0
2025-03-05T04:00,28.0,69,21.9,0.00,991.7,7.6,0.0
2025-03-05T05:00,27.8,71,22.0,0.00,991.5,8.2,0.0
2025-03-05T06:00,27.8,71,22.0,0.00,991.4,10.1,0.0
2025-03-05T07:00,27.4,73,22.0,0.00,991.2,10.3,0.0
2025-03-05T08:00,26.9,75,22.1,0.00,991.2,10.3,0.0
2025-03-05T09:00,26.5,76,22.0,0.00,991.6,9.6,0.0
2025-03-05T10:00,26.3,77,21.9,0.00,992.2,9.7,1.0
2025-03-05T11:00,27.9,72,22.5,0.00,992.7,10.5,80.0
2025-03-05T12:00,30.0,61,21.8,0.00,993.3,13.4,274.0
2025-03-05T13:00,31.9,55,21.8,0.00,993.7,14.6,480.0
2025-03-05T14:00,33.6,50,21.9,0.00,993.7,14.8,660.0
2025-03-05T15:00,34.7,43,20.5,0.00,993.3,18.9,682.0
2025-03-05T16:00,35.3,40,19.9,0.00,992.7,20.3,740.0
2025-03-05T17:00,35.6,40,20.0,0.00,992.2,20.3,719.0
2025-03-05T18:00,35.3,40,19.9,0.00,991.6,18.7,600.0
2025-03-05T19:00,35.3,40,19.9,0.00,990.8,15.5,518.0
2025-03-05T20:00,35.0,40,19.4,0.00,990.3,14.4,409.0
2025-03-05T21:00,34.2,43,19.8,0.00,990.2,12.5,249.0
2025-03-05T22:00,32.8,44,18.9,0.00,990.7,15.9,69.0
2025-03-05T23:00,30.0,53,19.4,0.00,991.7,26.9,0.0
2025-03-06T00:00,28.2,58,19.1,0.00,992.8,17.7,0.0
2025-03-06T01:00,30.6,49,18.7,0.00,992.1,25.8,0.0
2025-03-06T02:00,28.5,54,18.4,0.00,992.8,19.6,0.0
2025-03-06T03:00,27.4,57,18.2,0.00,993.2,16.6,0.0
2025-03-06T04:00,26.4,61,18.2,0.00,993.4,17.5,0.0
2025-03-06T05:00,25.6,64,18.3,0.00,993.5,17.3,0.0
2025-03-06T06:00,25.0,67,18.4,0.00,993.4,15.5,0.0
2025-03-06T07:00,24.6,69,18.6,0.00,993.6,14.1,0.0
2025-03-06T08:00,24.2,72,18.9,0.00,994.0,12.9,0.0
2025-03-06T09:00,24.0,74,19.0,0.00,994.5,12.8,0.0
2025-03-06T10:00,23.8,75,19.2,0.00,994.9,13.9,1.0
2025-03-06T11:00,25.1,72,19.9,0.00,995.6,14.3,78.0
2025-03-06T12:00,27.2,66,20.2,0.00,996.2,17.0,268.0
2025-03-06T13:00,29.9,56,20.1,0.00,996.1,17.9,472.0
2025-03-06T14:00,31.9,50,20.1,0.00,996.3,19.6,652.0
2025-03-06T15:00,33.3,45,19.7,0.00,996.1,21.2,782.0
2025-03-06T16:00,34.0,43,19.6,0.00,995.6,19.9,811.0
2025-03-06T17:00,34.8,42,20.1,0.00,994.9,19.2,828.0
2025-03-06T18:00,29.9,62,21.8,0.50,994.9,13.5,617.0
2025-03-06T19:00,30.1,62,22.0,0.00,994.3,8.9,325.0
2025-03-06T20:00,31.4,57,21.8,0.00,993.8,6.1,187.0
2025-03-06T21:00,29.2,62,21.3,0.00,994.8,23.0,171.0
2025-03-06T22:00,27.0,74,21.9,0.00,995.0,17.2,49.0
2025-03-06T23:00,26.4,78,22.1,0.10,995.0,9.5,0.0
2025-03-07T00:00,26.3,79,22.3,0.00,995.6,12.6,0.0
2025-03-07T01:00,24.5,89,22.6,0.20,996.1,16.2,0.0
2025-03-07T02:00,24.3,89,22.4,0.00,995.9,16.7,0.0
2025-03-07T03:00,24.2,88,22.2,0.00,995.6,14.4,0.0
2025-03-07T04:00,24.3,88,22.1,0.00,995.5,14.1,0.0
2025-03-07T05:00,24.4,87,22.1,0.00,995.2,13.9,0.0
2025-03-07T06:00,24.4,87,22.1,0.00,994.9,14.3,0.0
2025-03-07T07:00,24.8,85,22.1,0.00,994.9,12.6,0.0
2025-03-07T08:00,24.6,86,22.0,0.00,995.2,12.5,0.0
2025-03-07T09:00,25.1,82,21.9,0.00,995.2,13.0,0.0
2025-03-07T10:00,25.0,81,21.6,0.00,995.6,13.3,0.0
2025-03-07T11:00,26.6,77,22.2,0.00,996.3,13.9,54.0
2025-03-07T12:00,28.9,68,22.3,0.00,996.8,14.5,197.0
2025-03-07T13:00,30.8,62,22.8,0.00,996.7,17.7,431.0
2025-03-07T14:00,32.5,55,22.2,0.00,996.6,21.0,603.0
2025-03-07T15:00,33.5,50,21.8,0.00,996.4,23.3,757.0
2025-03-07T16:00,33.9,49,21.5,0.00,996.1,23.7,773.0
2025-03-07T17:00,34.8,44,21.0,0.00,995.2,22.2,742.0
2025-03-07T18:00,32.5,51,21.2,0.50,994.9,18.7,700.0
2025-03-07T19:00,33.4,47,20.7,0.00,993.8,17.7,388.0
2025-03-07T20:00,33.7,47,20.6,0.00,993.4,16.5,325.0
2025-03-07T21:00,33.2,45,19.6,0.00,993.0,16.4,206.0
2025-03-07T22:00,32.0,46,19.0,0.00,993.0,15.7,54.0
2025-03-07T23:00,30.8,50,19.0,0.00,993.2,13.2,0.0
2025-03-08T00:00,29.8,53,19.2,0.00,993.6,12.7,0.0
2025-03-08T01:00,30.0,50,18.5,0.00,993.1,16.3,0.0
2025-03-08T02:00,29.3,51,18.0,0.00,993.2,15.2,0.0
2025-03-08T03:00,28.9,49,17.2,0.00,993.2,15.4,0.0
2025-03-08T04:00,28.0,50,16.7,0.00,993.3,12.8,0.0
2025-03-08T05:00,27.4,52,16.6,0.00,992.9,11.7,0.0
2025-03-08T06:00,26.7,54,16.6,0.00,992.8,11.0,0.0
2025-03-08T07:00,26.2,56,16.6,0.00,992.6,11.9,0.0
2025-03-08T08:00,25.8,58,16.8,0.00,993.1,13.6,0.0
2025-03-08T09:00,25.3,60,17.0,0.00,993.6,12.3,0.0
2025-03-08T10:00,24.8,63,17.4,0.00,993.9,11.2,0.0
2025-03-08T11:00,26.0,64,18.6,0.00,994.8,12.9,78.0
2025-03-08T12:00,28.4,57,19.0,0.00,995.5,12.8,271.0
2025-03-08T13:00,30.5,54,20.1,0.00,995.7,14.4,480.0
2025-03-08T14:00,32.2,49,20.2,0.00,995.9,16.2,658.0
2025-03-08T15:00,33.5,46,20.4,0.00,995.5,17.2,789.0
2025-03-08T16:00,34.0,42,19.3,0.00,995.1,17.7,702.0
2025-03-08T17:00,34.3,41,19.2,0.00,994.4,14.8,712.0
2025-03-08T18:00,34.7,40,19.0,0.00,993.6,12.5,693.0
2025-03-08T19:00,34.7,40,19.1,0.00,993.0,9.9,541.0
2025-03-08T20:00,34.4,41,19.4,0.00,992.8,7.0,406.0
2025-03-08T21:00,33.8,48,21.2,0.00,992.7,2.6,225.0
2025-03-08T22:00,31.2,51,19.8,0.10,992.9,7.0,57.0
2025-03-08T23:00,30.0,51,18.9,0.00,993.8,19.9,0.0
2025-03-09T00:00,28.8,62,20.8,0.00,994.8,15.4,0.0
2025-03-09T01:00,28.0,69,21.8,0.00,994.9,17.2,0.0
2025-03-09T02:00,27.5,71,21.8,0.00,995.5,13.3,0.0
2025-03-09T03:00,27.0,73,21.8,0.00,995.1,12.5,0.0
2025-03-09T04:00,26.5,75,21.8,0.00,994.9,12.4,0.0
2025-03-09T05:00,25.9,78,21.9,0.00,994.6,11.2,0.0
2025-03-09T06:00,25.2,81,21.8,0.00,994.2,15.3,0.0
2025-03-09T07:00,24.5,82,21.4,0.00,994.1,18.6,0.0
2025-03-09T08:00,24.0,85,21.3,0.00,994.2,17.3,0.0
2025-03-09T09:00,23.9,87,21.6,0.00,994.8,17.1,0.0
2025-03-09T10:00,23.5,88,21.4,0.00,995.6,17.1,0.0
2025-03-09T11:00,23.9,85,21.1,0.00,995.9,18.6,25.0
2025-03-09T12:00,24.5,77,20.2,0.00,997.1,22.6,102.0
2025-03-09T13:00,23.6,78,19.5,0.00,997.7,23.5,62.0
2025-03-09T14:00,26.0,70,20.0,0.00,997.8,22.2,303.0
2025-03-09T15:00,24.5,78,20.4,0.00,998.1,21.4,255.0
2025-03-09T16:00,23.2,85,20.5,1.50,997.9,18.4,92.0
2025-03-09T17:00,21.8,96,21.2,1.90,997.6,17.1,0.0
2025-03-09T18:00,22.1,93,20.9,1.30,997.3,19.8,0.0
2025-03-09T19:00,22.8,87,20.5,0.30,996.8,18.6,34.0
2025-03-09T20:00,22.3,89,20.4,3.10,996.9,20.3,40.0
2025-03-09T21:00,21.1,97,20.6,1.50,996.4,19.8,0.0
2025-03-09T22:00,20.6,93,19.4,0.90,996.0,21.0,0.0
2025-03-09T23:00,20.6,91,19.0,0.00,996.3,18.8,0.0
2025-03-10T00:00,20.7,90,19.0,0.00,997.0,17.5,0.0
2025-03-10T01:00,20.1,90,18.5,0.00,997.0,15.9,0.0
2025-03-10T02:00,20.0,89,18.1,0.00,997.2,15.4,0.0
2025-03-10T03:00,19.8,89,17.9,0.00,997.2,13.8,0.0
2025-03-10T04:00,19.4,91,18.0,0.00,997.3,12.2,0.0
2025-03-10T05:00,19.0,93,17.8,0.00,997.0,11.1,0.0
2025-03-10T06:00,18.6,93,17.5,0.00,997.0,12.0,0.0
2025-03-10T07:00,18.4,93,17.1,0.00,996.8,12.7,0.0
2025-03-10T08:00,18.0,93,16.8,0.00,996.6,13.5,0.0
2025-03-10T09:00,17.6,93,16.5,0.00,996.8,13.7,0.0
2025-03-10T10:00,17.4,93,16.2,0.00,997.0,13.7,0.0
2025-03-10T11:00,18.8,85,16.2,0.00,997.3,17.4,77.0
2025-03-10T12:00,20.2,78,16.4,0.00,997.5,19.9,268.0
2025-03-10T13:00,22.3,70,16.6,0.00,997.4,16.9,410.0
2025-03-10T14:00,24.0,65,16.9,0.00,997.2,14.5,424.0
2025-03-10T15:00,24.8,63,17.2,0.00,996.6,13.4,423.0
2025-03-10T16:00,25.6,61,17.5,0.00,995.7,12.7,693.0
2025-03-10T17:00,26.2,59,17.5,0.00,994.8,12.3,734.0
2025-03-10T18:00,26.5,58,17.7,0.00,994.1,12.1,695.0
2025-03-10T19:00,26.6,59,18.0,0.00,993.5,11.2,620.0
2025-03-10T20:00,26.2,59,17.7,0.00,993.1,11.3,457.0
2025-03-10T21:00,25.5,64,18.1,0.00,992.6,10.0,250.0
2025-03-10T22:00,23.6,70,17.8,0.00,992.4,7.9,65.0
2025-03-10T23:00,22.5,72,17.2,0.00,992.6,8.4,0.0
2025-03-11T00:00,22.4,71,16.8,0.00,993.2,9.0,0.0
2025-03-11T01:00,22.8,68,16.6,0.00,993.3,10.7,0.0
2025-03-11T02:00,22.3,72,17.1,0.00,993.6,11.5,0.0
2025-03-11T03:00,22.0,75,17.5,0.00,993.5,11.1,0.0
2025-03-11T04:00,21.6,78,17.5,0.00,993.6,10.1,0.0
2025-03-11T05:00,21.5,78,17.6,0.00,993.5,9.9,0.0
2025-03-11T06:00,21.3,80,17.6,0.00,993.6,10.0,0.0
2025-03-11T07:00,21.1,81,17.8,0.00,993.5,10.2,0.0
2025-03-11T08:00,21.0,82,17.9,0.00,993.7,10.1,0.0
2025-03-11T09:00,20.8,84,18.0,0.00,994.1,8.2,0.0
2025-03-11T10:00,20.6,86,18.1,0.00,994.4,8.9,0.0
2025-03-11T11:00,21.7,86,19.2,0.00,995.0,9.3,49.0
2025-03-11T12:00,23.5,80,19.9,0.00,995.5,7.5,195.0
2025-03-11T13:00,24.8,77,20.4,0.00,996.3,9.5,180.0
2025-03-11T14:00,26.9,72,21.4,0.00,996.5,8.8,473.0
2025-03-11T15:00,27.9,68,21.4,0.00,996.2,8.9,644.0
2025-03-11T16:00,29.0,60,20.5,0.00,995.7,7.9,765.0
2025-03-11T17:00,29.2,57,19.9,0.00,995.3,10.4,775.0
2025-03-11T18:00,29.0,55,19.1,0.00,994.6,11.2,656.0
2025-03-11T19:00,29.0,54,18.8,0.00,993.6,10.6,566.0
2025-03-11T20:00,28.7,54,18.5,0.00,993.5,11.1,412.0
2025-03-11T21:00,27.9,61,19.5,0.00,993.6,8.2,229.0
2025-03-11T22:00,25.9,67,19.2,0.00,993.7,6.4,58.0
2025-03-11T23:00,25.0,66,18.1,0.00,994.3,8.1,0.0
2025-03-12T00:00,24.4,63,16.9,0.00,995.2,8.0,0.0
2025-03-12T01:00,23.3,77,19.0,0.00,996.0,5.5,0.0
2025-03-12T02:00,22.9,81,19.4,0.00,996.5,6.5,0.0
2025-03-12T03:00,22.1,87,19.8,0.00,996.8,4.6,0.0
2025-03-12T04:00,21.9,89,20.0,0.00,996.7,6.2,0.0
2025-03-12T05:00,21.4,94,20.4,0.00,996.3,4.9,0.0
2025-03-12T06:00,21.1,96,20.5,0.00,996.0,5.5,0.0
2025-03-12T07:00,21.0,97,20.5,0.00,995.9,6.9,0.0
2025-03-12T08:00,20.9,98,20.5,0.00,996.0,7.4,0.0
2025-03-12T09:00,20.8,98,20.4,0.00,996.5,5.9,0.0
2025-03-12T10:00,20.5,98,20.2,0.00,997.0,6.0,0.0
2025-03-12T11:00,21.7,94,20.7,0.00,997.7,7.1,35.0
2025-03-12T12:00,23.2,88,21.1,0.00,998.3,7.7,68.0
2025-03-12T13:00,25.1,79,21.4,0.00,998.5,9.8,325.0
2025-03-12T14:00,26.1,74,21.0,0.00,998.5,8.4,223.0
2025-03-12T15:00,27.3,68,21.0,0.00,998.5,7.4,455.0
2025-03-12T16:00,27.8,65,20.5,0.00,998.0,7.1,252.0
2025-03-12T17:00,27.2,67,20.6,0.10,997.4,5.2,131.0
2025-03-12T18:00,27.1,69,20.9,0.10,996.6,1.8,180.0
2025-03-12T19:00,27.8,67,21.0,0.20,995.7,4.1,408.0
2025-03-12T20:00,27.6,68,21.1,0.10,995.4,5.9,345.0
2025-03-12T21:00,26.3,73,21.1,0.10,995.5,6.5,123.0
2025-03-12T22:00,24.4,83,21.4,0.00,995.9,10.9,13.0
2025-03-12T23:00,23.4,88,21.4,0.00,996.2,7.6,0.0
2025-03-13T00:00,23.2,87,21.0,0.00,997.1,7.8,0.0
2025-03-13T01:00,24.1,81,20.6,0.00,997.5,11.5,0.0
2025-03-13T02:00,23.7,79,19.9,0.00,997.7,10.2,0.0
2025-03-13T03:00,23.4,80,19.9,0.00,997.6,12.2,0.0
2025-03-13T04:00,23.2,76,18.7,0.00,997.4,16.6,0.0
2025-03-13T05:00,22.8,75,18.1,0.00,996.9,16.8,0.0
2025-03-13T06:00,22.0,77,17.8,0.00,996.7,17.1,0.0
2025-03-13T07:00,21.2,80,17.6,0.00,996.6,17.8,0.0
2025-03-13T08:00,20.5,83,17.6,0.00,996.7,16.7,0.0
2025-03-13T09:00,20.0,87,17.6,0.00,997.1,18.2,0.0
2025-03-13T10:00,19.2,89,17.4,0.00,997.9,19.8,0.0
2025-03-13T11:00,19.8,86,17.4,0.00,998.5,20.0,65.0
2025-03-13T12:00,21.1,80,17.5,0.00,999.1,21.3,251.0
2025-03-13T13:00,22.1,77,17.8,0.00,999.8,19.9,409.0
2025-03-13T14:00,23.6,71,18.0,0.00,999.7,20.2,627.0
2025-03-13T15:00,25.2,64,17.9,0.00,999.5,19.1,759.0
2025-03-13T16:00,26.1,61,18.0,0.00,998.7,17.1,813.0
2025-03-13T17:00,26.6,59,18.0,0.00,998.5,16.9,830.0
2025-03-13T18:00,26.9,58,17.8,0.00,997.3,17.5,693.0
2025-03-13T19:00,26.6,54,16.5,0.00,996.4,17.5,613.0
2025-03-13T20:00,26.0,54,16.1,0.00,995.8,18.0,440.0
2025-03-13T21:00,25.0,58,16.2,0.00,995.7,16.3,237.0
2025-03-13T22:00,23.5,61,15.6,0.00,995.8,14.7,56.0
2025-03-13T23:00,22.5,62,15.0,0.00,996.3,14.1,0.0
2025-03-14T00:00,21.8,64,14.7,0.00,997.0,13.0,0.0
2025-03-14T01:00,21.2,63,14.0,0.00,997.5,15.1,0.0
2025-03-14T02:00,20.7,65,13.9,0.00,997.5,14.8,0.0
2025-03-14T03:00,20.0,69,14.0,0.00,997.8,14.8,0.0
2025-03-14T04:00,19.4,71,13.9,0.00,997.8,13.7,0.0
2025-03-14T05:00,18.8,72,13.5,0.00,997.4,12.5,0.0
2025-03-14T06:00,18.2,72,13.2,0.00,996.6,12.0,0.0
2025-03-14T07:00,17.6,75,13.2,0.00,996.4,11.6,0.0
2025-03-14T08:00,17.2,78,13.4,0.00,996.5,12.0,0.0
2025-03-14T09:00,17.0,81,13.6,0.00,996.6,13.1,0.0
2025-03-14T10:00,16.8,83,13.9,0.00,996.9,13.8,0.0
2025-03-14T11:00,18.0,82,14.9,0.00,997.6,13.4,71.0
2025-03-14T12:00,19.5,75,15.1,0.00,998.2,16.1,263.0
2025-03-14T13:00,21.6,68,15.6,0.00,998.2,15.9,469.0
2025-03-14T14:00,23.0,60,14.8,0.00,998.0,16.8,622.0
2025-03-14T15:00,24.2,54,14.4,0.00,997.6,15.2,723.0
2025-03-14T16:00,25.0,50,13.9,0.00,997.0,13.5,633.0
2025-03-14T17:00,25.3,48,13.4,0.00,996.6,13.1,422.0
2025-03-14T18:00,25.0,46,12.8,0.00,996.0,12.3,226.0
2025-03-14T19:00,24.9,44,11.8,0.00,995.6,13.4,171.0
2025-03-14T20:00,23.8,50,12.6,0.00,995.1,10.9,26.0
2025-03-14T21:00,22.9,54,13.1,0.00,995.2,7.9,3.0
2025-03-14T22:00,21.8,55,12.4,0.00,995.1,6.6,0.0
2025-03-14T23:00,21.4,56,12.4,0.00,995.3,5.7,0.0
2025-03-15T00:00,21.4,56,12.1,0.00,996.2,9.2,0.0
2025-03-15T01:00,21.9,54,12.1,0.00,996.5,12.3,0.0
2025-03-15T02:00,21.4,58,12.8,0.00,996.4,14.4,0.0
2025-03-15T03:00,20.4,64,13.4,0.00,996.6,11.9,0.0
2025-03-15T04:00,20.5,67,14.1,0.00,996.9,9.7,0.0
2025-03-15T05:00,20.4,68,14.4,0.00,996.9,8.5,0.0
2025-03-15T06:00,19.9,69,14.1,0.00,996.3,8.9,0.0
2025-03-15T07:00,19.5,71,14.1,0.00,996.2,8.6,0.0
2025-03-15T08:00,19.1,73,14.2,0.00,996.0,10.4,0.0
2025-03-15T09:00,18.7,75,14.2,0.00,996.3,11.1,0.0
2025-03-15T10:00,18.5,76,14.2,0.00,996.8,10.9,0.0
2025-03-15T11:00,19.4,78,15.4,0.00,997.3,11.9,69.0
2025-03-15T12:00,21.3,70,15.6,0.00,997.8,12.3,260.0
2025-03-15T13:00,22.9,64,15.8,0.00,998.0,10.6,468.0
2025-03-15T14:00,24.6,58,15.8,0.00,998.1,11.4,646.0
2025-03-15T15:00,25.8,52,15.1,0.00,997.9,11.4,773.0
2025-03-15T16:00,26.5,48,14.8,0.00,997.5,9.9,838.0
2025-03-15T17:00,27.0,47,14.8,0.00,996.9,8.8,833.0
2025-03-15T18:00,27.4,45,14.4,0.00,996.2,8.9,760.0
2025-03-15T19:00,27.4,43,13.9,0.00,995.4,10.0,625.0
2025-03-15T20:00,26.8,43,13.4,0.00,994.9,11.8,442.0
2025-03-15T21:00,25.5,50,14.4,0.00,994.7,10.4,234.0
2025-03-15T22:00,23.4,54,13.4,0.00,994.6,10.0,54.0
2025-03-15T23:00,22.4,55,12.9,0.00,994.9,10.0,0.0
2025-03-16T00:00,21.6,58,12.9,0.00,995.5,8.8,0.0
2025-03-16T01:00,21.8,57,12.9,0.00,996.3,10.4,0.0
2025-03-16T02:00,21.7,62,14.2,0.00,996.8,13.1,0.0
2025-03-16T03:00,21.0,67,14.8,0.00,996.9,12.8,0.0
2025-03-16T04:00,20.5,71,15.1,0.00,996.8,12.3,0.0
2025-03-16T05:00,20.1,74,15.2,0.00,996.6,12.0,0.0
2025-03-16T06:00,19.6,75,15.1,0.00,996.0,11.6,0.0
2025-03-16T07:00,19.2,77,15.1,0.00,995.9,11.8,0.0
2025-03-16T08:00,18.8,78,14.9,0.00,996.0,11.7,0.0
2025-03-16T09:00,18.4,80,14.8,0.00,996.4,10.5,0.0
2025-03-16T10:00,18.0,81,14.6,0.00,997.0,9.8,0.0
2025-03-16T11:00,19.5,79,15.7,0.00,997.9,11.4,68.0
2025-03-16T12:00,21.7,71,16.1,0.00,998.4,9.6,258.0
2025-03-16T13:00,23.8,63,16.4,0.00,998.8,9.2,467.0
2025-03-16T14:00,25.5,59,17.0,0.00,999.0,9.1,646.0
2025-03-16T15:00,27.1,53,16.7,0.00,998.8,8.4,772.0
2025-03-16T16:00,28.2,47,15.9,0.00,998.4,7.4,835.0
2025-03-16T17:00,28.8,45,15.8,0.00,997.8,7.0,831.0
2025-03-16T18:00,29.1,45,15.8,0.00,997.1,7.5,758.0
2025-03-16T19:00,29.2,45,16.0,0.00,996.2,8.6,623.0
2025-03-16T20:00,28.7,45,15.8,0.00,995.7,10.2,438.0
2025-03-16T21:00,27.2,51,16.3,0.00,995.3,9.9,229.0
2025-03-16T22:00,24.9,53,14.6,0.00,995.0,9.6,50.0
2025-03-16T23:00,23.8,54,14.1,0.00,995.3,8.8,0.0
2025-03-17T00:00,23.6,55,14.0,0.00,996.0,9.8,0.0
2025-03-17T01:00,23.5,56,14.1,0.00,996.3,10.8,0.0
2025-03-17T02:00,23.4,62,15.6,0.00,996.6,12.5,0.0
2025-03-17T03:00,22.8,67,16.3,0.00,997.0,11.7,0.0
2025-03-17T04:00,22.2,70,16.5,0.00,996.9,10.6,0.0
2025-03-17T05:00,21.6,73,16.6,0.00,996.5,9.5,0.0
2025-03-17T06:00,21.1,76,16.6,0.00,996.2,8.7,0.0
2025-03-17T07:00,20.5,78,16.5,0.00,995.8,7.8,0.0
2025-03-17T08:00,20.2,79,16.5,0.00,995.8,9.3,0.0
2025-03-17T09:00,19.9,82,16.7,0.00,996.2,9.3,0.0
2025-03-17T10:00,19.8,83,16.9,0.00,996.7,8.9,0.0
2025-03-17T11:00,21.2,81,17.8,0.00,997.6,9.7,60.0
2025-03-17T12:00,23.5,73,18.5,0.00,998.3,8.0,211.0
2025-03-17T13:00,24.9,68,18.5,0.00,998.2,10.1,241.0
2025-03-17T14:00,25.5,66,18.6,0.00,998.9,9.7,63.0
2025-03-17T15:00,25.9,64,18.6,0.00,998.9,7.2,59.0
2025-03-17T16:00,26.0,64,18.6,0.00,998.7,9.0,8.0
2025-03-17T17:00,25.0,70,19.0,0.60,997.8,9.2,1.0
2025-03-17T18:00,23.0,91,21.5,1.30,996.8,6.7,0.0
2025-03-17T19:00,21.9,95,21.1,1.20,996.1,7.8,1.0
2025-03-17T20:00,21.6,98,21.2,1.00,995.6,10.9,0.0
2025-03-17T21:00,21.9,95,21.0,0.00,995.1,7.5,7.0
2025-03-17T22:00,21.2,94,20.1,0.00,995.1,6.2,32.0
2025-03-17T23:00,20.2,97,19.7,0.00,995.2,4.2,0.0
2025-03-18T00:00,19.9,95,19.1,0.00,995.7,1.8,0.0
2025-03-18T01:00,20.9,89,19.0,0.00,995.9,9.1,0.0
2025-03-18T02:00,20.5,89,18.6,0.00,996.1,9.5,0.0
2025-03-18T03:00,20.0,89,18.2,0.00,996.1,7.3,0.0
2025-03-18T04:00,19.9,89,18.0,0.00,996.1,7.5,0.0
2025-03-18T05:00,19.5,91,18.0,0.00,995.8,8.0,0.0
2025-03-18T06:00,19.5,92,18.1,0.00,995.4,9.6,0.0
2025-03-18T07:00,19.1,93,18.0,0.00,995.0,9.7,0.0
2025-03-18T08:00,19.1,93,17.9,0.00,995.0,10.0,0.0
2025-03-18T09:00,19.1,92,17.9,0.00,995.4,8.3,0.0
2025-03-18T10:00,19.0,92,17.8,0.00,995.8,6.7,0.0
2025-03-18T11:00,21.1,86,18.6,0.00,996.4,8.5,63.0
2025-03-18T12:00,23.8,78,19.6,0.00,997.1,7.2,245.0
2025-03-18T13:00,26.1,69,19.9,0.00,997.3,7.5,457.0
2025-03-18T14:00,27.9,60,19.2,0.00,997.4,8.6,635.0
2025-03-18T15:00,29.0,53,18.4,0.00,997.3,9.3,763.0
2025-03-18T16:00,29.8,48,17.7,0.00,996.9,10.3,829.0
2025-03-18T17:00,30.4,44,16.7,0.00,996.4,10.6,825.0
2025-03-18T18:00,30.5,42,16.1,0.00,995.8,10.6,755.0
2025-03-18T19:00,30.4,43,16.4,0.00,995.1,11.8,609.0
2025-03-18T20:00,29.7,46,16.8,0.00,994.7,14.0,391.0
2025-03-18T21:00,28.0,53,17.7,0.00,994.5,13.6,198.0
2025-03-18T22:00,26.4,55,16.6,0.00,994.8,14.2,42.0
2025-03-18T23:00,25.3,57,16.1,0.00,995.0,10.7,0.0
2025-03-19T00:00,24.5,60,16.2,0.00,995.5,10.9,0.0
2025-03-19T01:00,24.6,58,15.9,0.00,995.9,11.1,0.0
2025-03-19T02:00,24.0,61,16.0,0.00,996.1,10.3,0.0
2025-03-19T03:00,23.4,64,16.2,0.00,996.1,10.3,0.0
2025-03-19T04:00,22.8,70,17.0,0.00,996.2,10.3,0.0
2025-03-19T05:00,22.2,74,17.3,0.00,996.1,11.6,0.0
2025-03-19T06:00,21.8,75,17.0,0.00,995.8,11.3,0.0
2025-03-19T07:00,21.1,76,16.8,0.00,995.5,10.1,0.0
2025-03-19T08:00,20.5,79,16.8,0.00,995.6,9.9,0.0
2025-03-19T09:00,20.0,82,16.9,0.00,995.7,10.1,0.0
2025-03-19T10:00,19.8,84,17.1,0.00,996.4,11.4,0.0
2025-03-19T11:00,21.3,81,18.0,0.00,997.1,13.7,66.0
2025-03-19T12:00,23.5,73,18.3,0.00,997.7,12.8,256.0
2025-03-19T13:00,25.2,69,19.0,0.00,998.2,12.0,466.0
2025-03-19T14:00,27.0,62,19.1,0.00,998.1,11.5,646.0
2025-03-19T15:00,28.5,53,18.0,0.00,997.7,10.8,776.0
2025-03-19T16:00,29.4,47,16.8,0.00,997.3,9.3,842.0
2025-03-19T17:00,30.0,43,16.0,0.00,996.7,8.7,836.0
2025-03-19T18:00,30.3,41,15.4,0.00,996.1,8.8,760.0
2025-03-19T19:00,30.2,39,14.9,0.00,995.5,10.5,622.0
2025-03-19T20:00,29.6,38,13.8,0.00,994.9,12.3,436.0
2025-03-19T21:00,27.8,45,14.9,0.00,994.7,10.5,226.0
2025-03-19T22:00,25.2,47,13.0,0.00,994.4,10.3,46.0
2025-03-19T23:00,24.2,47,12.2,0.00,994.8,11.0,0.0
2025-03-20T00:00,23.6,49,12.3,0.00,995.3,12.3,0.0
2025-03-20T01:00,24.0,51,13.4,0.00,996.0,14.8,0.0
2025-03-20T02:00,23.4,56,14.0,0.00,996.1,13.4,0.0
2025-03-20T03:00,22.6,56,13.5,0.00,996.0,12.2,0.0
2025-03-20T04:00,22.3,54,12.5,0.00,996.0,12.9,0.0
2025-03-20T05:00,21.9,54,12.3,0.00,995.8,14.3,0.0
2025-03-20T06:00,21.3,56,12.3,0.00,995.8,14.1,0.0
2025-03-20T07:00,20.5,60,12.4,0.00,995.6,12.2,0.0
2025-03-20T08:00,19.6,63,12.5,0.00,995.6,11.6,0.0
2025-03-20T09:00,19.1,66,12.6,0.00,995.8,11.1,0.0
2025-03-20T10:00,18.7,68,12.6,0.00,996.6,10.5,0.0
2025-03-20T11:00,20.1,67,13.9,0.00,997.2,11.7,68.0
2025-03-20T12:00,22.6,63,15.2,0.00,997.8,10.5,262.0
2025-03-20T13:00,24.8,60,16.4,0.00,997.9,10.1,474.0
2025-03-20T14:00,26.9,55,17.1,0.00,997.9,8.4,655.0
2025-03-20T15:00,28.8,51,17.5,0.00,997.5,6.8,782.0
2025-03-20T16:00,30.4,43,16.3,0.00,996.9,5.7,846.0
2025-03-20T17:00,31.3,35,14.1,0.00,996.2,4.3,838.0
2025-03-20T18:00,31.6,34,14.1,0.00,995.4,3.0,759.0
2025-03-20T19:00,31.6,35,14.2,0.00,994.8,3.9,619.0
2025-03-20T20:00,31.0,37,14.8,0.00,994.4,7.5,431.0
2025-03-20T21:00,29.0,48,17.0,0.00,994.0,7.4,207.0
2025-03-20T22:00,26.8,50,15.4,0.00,993.8,5.0,41.0
2025-03-20T23:00,25.2,51,14.4,0.00,994.1,6.9,0.0
2025-03-21T00:00,24.1,54,14.3,0.00,994.9,6.7,0.0
2025-03-21T01:00,24.7,55,15.1,0.00,994.9,6.6,0.0
2025-03-21T02:00,25.0,50,13.9,0.00,994.6,9.0,0.0
2025-03-21T03:00,24.5,51,13.6,0.00,994.4,10.9,0.0
2025-03-21T04:00,23.4,57,14.4,0.00,994.2,11.4,0.0
2025-03-21T05:00,22.5,64,15.4,0.00,993.7,10.0,0.0
2025-03-21T06:00,22.0,69,16.1,0.00,993.5,9.4,0.0
2025-03-21T07:00,21.6,73,16.5,0.00,993.5,7.3,0.0
2025-03-21T08:00,21.4,75,16.7,0.00,993.7,7.2,0.0
2025-03-21T09:00,21.2,76,16.8,0.00,994.3,7.5,0.0
2025-03-21T10:00,21.0,76,16.7,0.00,995.0,9.2,0.0
2025-03-21T11:00,22.5,73,17.5,0.00,995.8,12.4,62.0
2025-03-21T12:00,25.0,67,18.5,0.00,996.4,12.0,248.0
2025-03-21T13:00,27.0,63,19.3,0.00,996.2,13.1,444.0
2025-03-21T14:00,29.1,58,20.0,0.00,996.3,13.3,559.0
2025-03-21T15:00,30.8,52,19.9,0.00,995.9,15.2,663.0
2025-03-21T16:00,31.3,45,18.0,0.00,995.3,18.3,646.0
2025-03-21T17:00,31.4,44,17.8,0.00,994.3,18.2,650.0
2025-03-21T18:00,31.8,42,17.3,0.00,993.8,14.9,610.0
2025-03-21T19:00,31.6,42,17.1,0.00,993.2,13.8,452.0
2025-03-21T20:00,30.8,45,17.6,0.00,993.1,11.5,256.0
2025-03-21T21:00,29.5,55,19.5,0.00,992.7,6.0,122.0
2025-03-21T22:00,27.5,56,17.9,0.00,992.4,7.3,23.0
2025-03-21T23:00,27.2,54,17.2,0.00,992.7,9.9,0.0
2025-03-22T00:00,26.9,53,16.6,0.00,993.5,11.9,0.0
2025-03-22T01:00,27.0,52,16.3,0.00,993.0,11.5,0.0
2025-03-22T02:00,26.1,56,16.7,0.00,993.2,9.9,0.0
2025-03-22T03:00,25.4,60,17.0,0.00,992.9,9.5,0.0
2025-03-22T04:00,25.5,59,17.0,0.00,992.5,12.7,0.0
2025-03-22T05:00,25.4,58,16.6,0.00,992.6,12.4,0.0
2025-03-22T06:00,24.0,65,17.1,0.00,993.0,13.2,0.0
2025-03-22T07:00,21.4,87,19.1,0.10,992.9,19.6,0.0
2025-03-22T08:00,20.5,97,20.0,2.30,992.9,12.0,0.0
2025-03-22T09:00,21.0,93,19.9,0.40,992.5,12.3,0.0
2025-03-22T10:00,20.9,95,20.0,0.00,993.6,11.4,0.0
2025-03-22T11:00,21.0,96,20.3,0.10,994.5,10.1,0.0
2025-03-22T12:00,22.0,94,21.0,0.10,994.0,13.4,5.0
2025-03-22T13:00,22.1,87,19.8,0.00,994.7,18.3,26.0
2025-03-22T14:00,22.6,81,19.2,0.10,995.0,22.7,35.0
2025-03-22T15:00,23.0,77,18.9,0.30,996.0,23.5,65.0
2025-03-22T16:00,22.5,80,18.8,0.10,995.6,23.7,34.0
2025-03-22T17:00,21.6,85,18.9,0.50,994.1,21.2,12.0
2025-03-22T18:00,22.1,83,19.1,0.10,993.6,16.8,37.0
2025-03-22T19:00,22.8,81,19.4,0.10,992.1,20.7,81.0
2025-03-22T20:00,22.5,83,19.4,0.00,991.6,16.7,44.0
2025-03-22T21:00,22.4,84,19.5,0.00,991.2,14.9,160.0
2025-03-22T22:00,21.4,89,19.5,0.00,991.1,10.8,32.0
2025-03-22T23:00,20.8,93,19.5,0.00,991.3,11.1,0.0
2025-03-23T00:00,20.3,96,19.7,0.00,992.1,7.4,0.0
2025-03-23T01:00,20.1,89,18.4,0.00,992.2,8.7,0.0
2025-03-23T02:00,19.7,90,18.1,0.00,991.9,7.8,0.0
2025-03-23T03:00,19.5,90,17.9,0.00,991.7,9.3,0.0
2025-03-23T04:00,19.2,91,17.7,0.00,992.0,8.9,0.0
2025-03-23T05:00,19.0,91,17.5,0.00,992.1,8.0,0.0
2025-03-23T06:00,18.9,91,17.4,0.00,992.0,7.9,0.0
2025-03-23T07:00,18.7,91,17.2,0.00,991.6,9.4,0.0
2025-03-23T08:00,18.5,92,17.2,0.00,991.4,9.6,0.0
2025-03-23T09:00,18.3,94,17.3,0.00,991.7,7.4,0.0
2025-03-23T10:00,18.0,95,17.1,0.00,992.4,5.2,0.0
2025-03-23T11:00,20.0,90,18.2,0.00,993.1,6.2,55.0
2025-03-23T12:00,22.5,83,19.5,0.00,993.9,4.2,222.0
2025-03-23T13:00,25.0,75,20.3,0.00,993.5,4.5,432.0
2025-03-23T14:00,26.8,68,20.3,0.00,993.7,4.4,618.0
2025-03-23T15:00,27.9,63,20.3,0.00,993.8,4.2,744.0
2025-03-23T16:00,28.7,61,20.5,0.00,992.8,4.8,797.0
2025-03-23T17:00,29.4,59,20.5,0.00,992.0,6.5,796.0
2025-03-23T18:00,29.9,58,20.6,0.00,990.7,8.8,690.0
2025-03-23T19:00,30.0,56,20.4,0.00,990.0,7.9,525.0
2025-03-23T20:00,29.8,57,20.2,0.00,989.8,4.6,351.0
2025-03-23T21:00,29.0,64,21.5,0.00,989.6,0.5,161.0
2025-03-23T22:00,26.0,80,22.4,0.00,990.5,4.2,21.0
2025-03-23T23:00,24.8,83,21.8,0.00,990.5,5.1,0.0
2025-03-24T00:00,24.6,79,20.9,0.00,991.0,8.4,0.0
2025-03-24T01:00,25.4,71,19.9,0.00,991.7,9.0,0.0
2025-03-24T02:00,25.5,70,19.6,0.00,991.7,9.4,0.0
2025-03-24T03:00,25.0,72,19.6,0.00,991.2,6.8,0.0
2025-03-24T04:00,24.5,73,19.5,0.00,991.5,8.0,0.0
2025-03-24T05:00,24.2,74,19.2,0.00,990.9,8.0,0.0
2025-03-24T06:00,23.8,76,19.2,0.00,990.7,9.0,0.0
2025-03-24T07:00,23.0,80,19.5,0.00,990.4,6.5,0.0
2025-03-24T08:00,22.6,84,19.8,0.10,990.7,2.0,0.0
2025-03-24T09:00,22.1,87,19.8,0.00,990.8,4.8,0.0
2025-03-24T10:00,21.4,91,19.8,0.00,991.2,6.3,0.0
2025-03-24T11:00,22.5,88,20.5,0.00,991.8,6.7,42.0
2025-03-24T12:00,24.2,85,21.6,0.10,992.4,4.1,81.0
2025-03-24T13:00,27.0,73,21.8,0.00,992.9,6.4,373.0
2025-03-24T14:00,28.4,70,22.2,0.00,992.9,5.4,565.0
2025-03-24T15:00,29.8,65,22.5,0.00,992.4,3.9,714.0
2025-03-24T16:00,30.6,61,22.3,0.10,992.0,2.8,767.0
2025-03-24T17:00,30.9,59,21.9,0.10,991.5,3.3,618.0
2025-03-24T18:00,31.0,59,22.1,0.10,990.6,4.8,593.0
2025-03-24T19:00,30.7,58,21.5,0.10,989.9,3.2,478.0
2025-03-24T20:00,28.7,68,22.2,0.40,990.0,7.2,167.0
2025-03-24T21:00,25.9,81,22.2,0.00,990.5,11.4,88.0
2025-03-24T22:00,24.8,83,21.6,0.00,990.8,5.8,13.0
2025-03-24T23:00,23.9,88,21.8,0.10,991.8,15.1,0.0
2025-03-25T00:00,22.8,92,21.3,0.00,992.1,9.2,0.0
2025-03-25T01:00,24.0,83,21.0,1.40,992.5,13.8,0.0
2025-03-25T02:00,22.2,92,20.9,3.40,993.4,20.9,0.0
2025-03-25T03:00,21.9,92,20.6,0.10,992.9,6.4,0.0
2025-03-25T04:00,21.6,93,20.5,0.00,992.5,8.4,0.0
2025-03-25T05:00,21.5,93,20.3,0.00,992.1,7.7,0.0
2025-03-25T06:00,21.5,96,20.9,0.00,992.1,12.2,0.0
2025-03-25T07:00,21.8,97,21.2,0.00,992.2,8.8,0.0
2025-03-25T08:00,21.5,98,21.0,0.00,992.1,5.1,0.0
2025-03-25T09:00,21.2,98,20.9,0.00,992.7,3.4,0.0
2025-03-25T10:00,21.3,96,20.7,0.00,992.7,7.5,0.0
2025-03-25T11:00,22.1,95,21.2,0.40,993.8,4.8,11.0
2025-03-25T12:00,23.2,91,21.7,0.00,994.5,4.3,71.0
2025-03-25T13:00,22.0,96,21.4,1.60,994.1,15.3,0.0
2025-03-25T14:00,23.1,96,22.5,3.30,995.5,6.5,2.0
2025-03-25T15:00,22.8,98,22.5,2.80,995.4,7.1,0.0
2025-03-25T16:00,23.5,95,22.7,3.90,994.7,4.1,1.0
2025-03-25T17:00,23.6,95,22.8,4.00,994.6,7.2,17.0
2025-03-25T18:00,24.0,91,22.4,0.30,993.6,11.0,8.0
2025-03-25T19:00,24.6,86,22.0,0.10,993.1,9.2,19.0
2025-03-25T20:00,25.4,81,21.9,0.10,993.2,12.4,141.0
2025-03-25T21:00,24.9,83,21.9,0.00,993.1,12.5,33.0
2025-03-25T22:00,23.8,90,22.1,0.00,993.4,11.5,7.0
2025-03-25T23:00,23.1,95,22.2,0.00,993.5,9.0,0.0
2025-03-26T00:00,22.9,96,22.2,0.00,993.8,10.9,0.0
2025-03-26T01:00,22.0,92,20.6,0.00,993.7,9.9,0.0
2025-03-26T02:00,21.8,94,20.8,0.00,994.2,10.2,0.0
2025-03-26T03:00,21.8,95,20.9,0.00,993.9,11.4,0.0
2025-03-26T04:00,21.5,96,20.8,0.00,994.1,9.4,0.0
2025-03-26T05:00,21.4,96,20.6,0.00,994.0,8.2,0.0
2025-03-26T06:00,21.2,96,20.5,0.00,993.6,9.2,0.0
2025-03-26T07:00,21.0,96,20.4,0.00,993.2,9.0,0.0
2025-03-26T08:00,21.0,95,20.2,0.00,992.8,9.9,0.0
2025-03-26T09:00,21.0,95,20.1,0.00,993.3,9.8,0.0
2025-03-26T10:00,20.6,97,20.1,2.20,993.6,8.1,0.0
2025-03-26T11:00,21.3,96,20.6,0.00,994.1,8.8,16.0
2025-03-26T12:00,22.4,93,21.2,0.80,994.5,10.3,73.0
2025-03-26T13:00,25.4,76,20.8,0.00,994.4,12.1,396.0
2025-03-26T14:00,27.0,70,21.0,0.00,994.5,11.4,509.0
2025-03-26T15:00,28.3,65,21.0,0.00,994.1,17.3,486.0
2025-03-26T16:00,27.5,68,21.2,0.60,993.9,15.6,184.0
2025-03-26T17:00,27.5,70,21.5,0.00,993.1,19.2,118.0
2025-03-26T18:00,27.5,72,21.9,0.00,992.4,18.0,352.0
2025-03-26T19:00,27.6,71,21.8,0.00,991.8,14.3,314.0
2025-03-26T20:00,27.6,70,21.8,0.00,991.3,11.7,178.0
2025-03-26T21:00,27.3,71,21.6,0.00,991.1,10.2,116.0
2025-03-26T22:00,26.0,77,21.6,0.00,991.4,7.3,22.0
2025-03-26T23:00,25.2,81,21.8,0.00,991.5,6.3,0.0
2025-03-27T00:00,24.7,85,22.0,0.00,992.2,6.2,0.0
2025-03-27T01:00,24.5,89,22.7,0.00,992.2,3.4,0.0
2025-03-27T02:00,24.6,88,22.5,0.00,992.5,3.9,0.0
2025-03-27T03:00,24.8,85,22.1,0.00,992.3,7.5,0.0
2025-03-27T04:00,24.1,89,22.2,0.00,992.0,6.6,0.0
2025-03-27T05:00,23.5,93,22.4,0.00,991.8,7.2,0.0
2025-03-27T06:00,23.3,94,22.3,0.00,991.6,7.7,0.0
2025-03-27T07:00,23.3,92,22.0,0.00,990.8,10.9,0.0
2025-03-27T08:00,23.2,91,21.6,0.00,990.2,12.8,0.0
2025-03-27T09:00,22.4,93,21.2,1.90,991.4,1.8,0.0
2025-03-27T10:00,22.0,99,21.9,19.80,993.4,16.8,0.0
2025-03-27T11:00,22.3,98,22.0,0.20,992.8,11.2,0.0
2025-03-27T12:00,23.1,95,22.3,0.00,994.0,12.4,29.0
2025-03-27T13:00,25.1,84,22.2,5.80,993.8,4.2,298.0
2025-03-27T14:00,24.1,92,22.8,3.80,993.0,14.9,37.0
2025-03-27T15:00,26.0,87,23.6,0.20,992.8,7.0,216.0
2025-03-27T16:00,28.1,76,23.5,0.00,992.1,14.8,489.0
2025-03-27T17:00,28.8,76,24.0,0.00,990.9,11.6,524.0
2025-03-27T18:00,28.5,74,23.5,0.10,990.2,10.3,219.0
2025-03-27T19:00,26.6,81,23.1,3.80,990.2,10.1,87.0
2025-03-27T20:00,24.4,94,23.5,4.00,990.5,13.8,9.0
2025-03-27T21:00,23.9,91,22.3,0.20,990.4,6.4,24.0
2025-03-27T22:00,23.2,95,22.4,0.10,990.3,2.5,0.0
2025-03-27T23:00,22.6,98,22.3,1.40,990.9,5.4,0.0
2025-03-28T00:00,22.7,97,22.2,0.00,990.9,3.1,0.0
2025-03-28T01:00,22.4,97,22.0,1.10,991.8,15.3,0.0
2025-03-28T02:00,22.5,97,22.0,0.00,991.6,15.2,0.0
2025-03-28T03:00,22.2,96,21.6,0.00,991.2,15.1,0.0
2025-03-28T04:00,22.0,97,21.4,0.00,991.2,15.4,0.0
2025-03-28T05:00,21.8,97,21.3,0.00,990.9,13.8,0.0
2025-03-28T06:00,21.8,97,21.2,0.00,990.5,14.4,0.0
2025-03-28T07:00,21.7,98,21.3,0.00,989.8,15.1,0.0
2025-03-28T08:00,21.8,97,21.3,0.00,989.3,15.1,0.0
2025-03-28T09:00,21.8,96,21.2,0.00,989.9,12.9,0.0
2025-03-28T10:00,21.8,96,21.1,0.00,990.3,13.3,0.0
2025-03-28T11:00,22.5,96,21.9,0.00,990.0,15.8,43.0
2025-03-28T12:00,23.7,92,22.4,3.80,991.9,13.3,130.0
2025-03-28T13:00,24.0,90,22.1,0.00,990.5,20.5,51.0
2025-03-28T14:00,26.1,84,23.2,0.00,991.9,11.0,158.0
2025-03-28T15:00,27.5,78,23.2,1.50,993.3,8.2,277.0
2025-03-28T16:00,26.6,82,23.4,2.20,992.0,17.3,203.0
2025-03-28T17:00,26.0,86,23.4,0.00,991.1,6.9,0.0
2025-03-28T18:00,27.0,82,23.7,0.00,990.2,7.4,30.0
2025-03-28T19:00,27.1,82,23.9,0.00,990.3,8.1,3.0
2025-03-28T20:00,26.7,83,23.6,0.20,991.4,9.2,4.0
2025-03-28T21:00,25.5,90,23.8,0.10,990.6,7.9,3.0
2025-03-28T22:00,24.7,93,23.5,0.00,991.1,8.0,0.0
2025-03-28T23:00,24.2,96,23.5,0.00,991.5,5.4,0.0
2025-03-29T00:00,24.1,97,23.5,0.00,991.6,10.4,0.0
2025-03-29T01:00,24.5,91,22.9,0.00,991.0,11.1,0.0
2025-03-29T02:00,24.0,93,22.8,0.00,992.6,9.2,0.0
2025-03-29T03:00,23.6,94,22.6,0.00,993.0,3.1,0.0
2025-03-29T04:00,23.5,96,22.7,0.00,992.9,5.7,0.0
2025-03-29T05:00,23.0,97,22.5,0.00,992.9,4.6,0.0
2025-03-29T06:00,22.7,98,22.4,0.00,993.0,3.6,0.0
2025-03-29T07:00,22.6,99,22.5,0.00,992.5,4.8,0.0
2025-03-29T08:00,22.2,99,22.1,0.00,991.9,4.0,0.0
2025-03-29T09:00,22.0,100,21.9,0.00,992.0,4.3,0.0
2025-03-29T10:00,21.5,100,21.5,0.00,992.6,3.3,0.0
2025-03-29T11:00,23.0,96,22.2,0.00,993.3,7.1,17.0
2025-03-29T12:00,24.6,89,22.8,0.00,994.2,5.5,144.0
2025-03-29T13:00,25.0,84,22.1,0.00,994.1,7.7,167.0
2025-03-29T14:00,26.5,77,22.0,0.00,994.6,8.2,381.0
2025-03-29T15:00,27.7,71,22.0,0.00,994.4,6.9,606.0
2025-03-29T16:00,28.6,66,21.7,0.00,993.7,4.3,668.0
2025-03-29T17:00,29.4,63,21.5,0.00,993.2,4.9,693.0
2025-03-29T18:00,29.6,61,21.2,0.00,992.5,5.3,418.0
2025-03-29T19:00,29.4,61,21.1,0.00,991.6,6.4,374.0
2025-03-29T20:00,29.1,62,21.2,0.00,990.9,5.9,336.0
2025-03-29T21:00,28.1,71,22.4,0.00,990.8,5.2,161.0
2025-03-29T22:00,26.2,77,22.0,0.00,990.7,2.5,22.0
2025-03-29T23:00,25.4,81,21.9,0.00,990.9,1.5,0.0
2025-03-30T00:00,24.4,87,22.1,0.00,991.5,4.7,0.0
2025-03-30T01:00,24.4,79,20.5,0.00,992.0,9.5,0.0
2025-03-30T02:00,23.9,85,21.3,0.00,992.1,10.1,0.0
2025-03-30T03:00,23.5,89,21.5,0.00,991.8,8.8,0.0
2025-03-30T04:00,23.1,90,21.4,0.00,991.6,9.0,0.0
2025-03-30T05:00,22.8,91,21.2,0.00,991.1,9.1,0.0
2025-03-30T06:00,22.5,92,21.1,0.00,991.0,9.0,0.0
2025-03-30T07:00,22.1,94,21.1,0.00,990.9,7.7,0.0
2025-03-30T08:00,21.9,95,21.0,0.00,990.6,7.6,0.0
2025-03-30T09:00,21.8,95,20.9,0.00,990.8,7.3,0.0
2025-03-30T10:00,21.6,95,20.7,0.00,991.4,7.0,0.0
2025-03-30T11:00,22.8,93,21.5,0.00,991.6,9.8,49.0
2025-03-30T12:00,24.5,87,22.2,0.00,992.2,10.9,218.0
2025-03-30T13:00,26.5,82,23.1,0.00,992.4,12.4,417.0
2025-03-30T14:00,28.0,75,23.2,0.00,991.8,14.0,587.0
2025-03-30T15:00,29.4,68,22.8,0.00,991.3,15.9,706.0
2025-03-30T16:00,30.3,63,22.4,0.00,990.2,16.2,739.0
2025-03-30T17:00,30.8,60,22.0,0.00,989.4,16.0,704.0
2025-03-30T18:00,31.1,58,21.9,0.00,988.5,15.1,618.0
2025-03-30T19:00,31.1,58,21.8,0.00,987.5,14.2,493.0
2025-03-30T20:00,30.6,62,22.5,0.00,987.1,11.9,347.0
2025-03-30T21:00,29.4,70,23.4,0.00,986.6,6.1,153.0
2025-03-30T22:00,27.4,76,22.9,0.00,986.5,6.0,21.0
2025-03-30T23:00,27.0,76,22.5,0.00,987.2,7.3,0.0
2025-03-31T00:00,26.7,77,22.4,0.00,988.1,9.3,0.0
2025-03-31T01:00,26.6,74,21.5,0.00,988.5,8.9,0.0
2025-03-31T02:00,26.3,74,21.4,0.00,988.8,10.0,0.0
2025-03-31T03:00,25.9,76,21.2,0.00,989.4,11.4,0.0
2025-03-31T04:00,25.6,76,21.0,0.00,989.5,12.2,0.0
2025-03-31T05:00,25.4,76,20.8,0.00,989.4,13.8,0.0
2025-03-31T06:00,25.0,77,20.8,0.00,988.8,12.9,0.0
2025-03-31T07:00,24.5,80,20.8,0.00,988.9,12.2,0.0
2025-03-31T08:00,24.2,81,20.8,0.00,988.9,11.8,0.0
2025-03-31T09:00,24.1,82,20.8,0.00,989.7,10.8,0.0
2025-03-31T10:00,23.8,84,20.8,0.00,991.5,5.4,0.0
2025-03-31T11:00,23.5,87,21.2,1.40,993.1,10.7,10.0
2025-03-31T12:00,23.0,93,21.8,0.30,994.1,9.2,0.0
2025-03-31T13:00,24.1,86,21.7,0.10,993.4,12.4,35.0
2025-03-31T14:00,24.0,89,22.0,2.10,994.3,21.7,142.0
2025-03-31T15:00,22.8,93,21.6,0.70,994.6,8.2,0.0
2025-03-31T16:00,24.3,87,22.0,1.20,993.8,11.2,41.0
2025-03-31T17:00,25.9,84,23.0,0.70,992.7,10.1,137.0
2025-03-31T18:00,26.0,82,22.6,0.10,992.5,13.1,59.0
2025-03-31T19:00,26.1,78,22.0,0.00,992.6,14.1,121.0
2025-03-31T20:00,24.4,83,21.2,0.10,992.8,21.4,32.0
2025-03-31T21:00,21.5,85,18.9,0.00,993.4,19.4,0.0
2025-03-31T22:00,20.9,85,18.1,0.00,994.4,20.2,0.0
2025-03-31T23:00,20.1,84,17.5,0.10,995.5,22.0,0.0
2025-04-01T00:00,19.6,85,17.1,0.10,996.6,22.7,0.0
2025-04-01T01:00,19.1,87,16.9,0.10,997.1,19.3,0.0
2025-04-01T02:00,18.7,89,16.8,0.10,997.5,18.8,0.0
2025-04-01T03:00,18.5,90,16.8,0.10,997.4,20.3,0.0
2025-04-01T04:00,18.1,90,16.5,0.00,997.4,20.6,0.0
2025-04-01T05:00,18.0,90,16.4,0.00,997.0,20.2,0.0
2025-04-01T06:00,18.0,89,16.2,0.00,996.8,20.4,0.0
2025-04-01T07:00,17.9,89,16.0,0.20,996.6,21.2,0.0
2025-04-01T08:00,17.5,89,15.6,0.10,996.4,21.1,0.0
2025-04-01T09:00,17.1,89,15.3,0.00,996.8,19.1,0.0
2025-04-01T10:00,16.9,90,15.2,0.00,997.1,18.6,0.0
2025-04-01T11:00,16.9,91,15.4,0.00,997.5,18.8,0.0
2025-04-01T12:00,17.0,90,15.4,0.00,997.8,22.4,1.0
2025-04-01T13:00,17.9,88,15.9,0.00,998.6,20.3,2.0
2025-04-01T14:00,18.5,88,16.5,0.00,998.5,17.9,5.0
2025-04-01T15:00,19.6,85,17.0,0.00,998.2,14.7,22.0
2025-04-01T16:00,20.9,83,17.9,0.00,997.5,12.6,97.0
2025-04-01T17:00,21.5,83,18.5,0.00,996.6,11.7,43.0
2025-04-01T18:00,22.4,81,19.0,0.00,995.8,10.3,78.0
2025-04-01T19:00,22.4,82,19.1,0.00,995.4,10.0,48.0
2025-04-01T20:00,22.0,82,18.8,0.00,994.9,11.2,20.0
2025-04-01T21:00,22.0,82,18.8,0.00,994.6,10.6,4.0
2025-04-01T22:00,21.4,85,18.6,0.00,994.7,10.4,3.0
2025-04-01T23:00,20.8,86,18.3,0.00,994.8,11.1,0.0
2025-04-02T00:00,20.5,86,18.2,0.00,995.3,9.4,0.0
2025-04-02T01:00,21.0,87,18.9,0.00,995.1,9.5,0.0
2025-04-02T02:00,21.0,88,19.0,0.00,995.0,8.7,0.0
2025-04-02T03:00,21.0,90,19.2,0.00,994.4,7.5,0.0
2025-04-02T04:00,20.8,91,19.2,0.00,994.1,8.5,0.0
2025-04-02T05:00,20.4,93,19.1,0.00,993.4,8.0,0.0
2025-04-02T06:00,19.8,95,19.0,0.00,993.0,8.2,0.0
2025-04-02T07:00,19.5,97,19.0,0.10,992.7,5.4,0.0
2025-04-02T08:00,19.5,96,19.0,0.00,992.8,9.4,0.0
2025-04-02T09:00,19.9,95,19.1,0.50,993.1,8.5,0.0
2025-04-02T10:00,19.8,97,19.4,0.10,993.8,11.3,0.0
2025-04-02T11:00,19.9,96,19.2,0.00,994.6,12.4,13.0
2025-04-02T12:00,20.8,92,19.4,0.00,995.3,14.7,37.0
2025-04-02T13:00,21.0,94,20.0,0.30,995.5,7.4,10.0
2025-04-02T14:00,21.7,94,20.6,0.30,995.9,7.5,16.0
2025-04-02T15:00,22.9,88,20.8,0.10,995.5,13.4,115.0
2025-04-02T16:00,23.7,84,20.8,0.20,995.0,17.0,43.0
2025-04-02T17:00,23.8,81,20.4,0.00,994.1,16.4,17.0
2025-04-02T18:00,24.2,79,20.4,0.10,993.2,17.8,59.0
2025-04-02T19:00,24.2,78,20.1,0.00,992.6,17.1,34.0
2025-04-02T20:00,23.5,80,19.9,0.00,992.4,13.3,1.0
2025-04-02T21:00,22.5,84,19.6,0.00,992.4,11.2,0.0
2025-04-02T22:00,22.0,85,19.5,0.00,992.9,8.0,0.0
2025-04-02T23:00,21.7,88,19.5,0.00,993.2,4.8,0.0
2025-04-03T00:00,21.5,89,19.6,0.00,993.9,3.9,0.0
2025-04-03T01:00,22.0,89,20.1,0.20,994.1,4.6,0.0
2025-04-03T02:00,21.5,92,20.2,0.00,994.2,2.9,0.0
2025-04-03T03:00,21.5,93,20.2,0.00,994.2,2.5,0.0
2025-04-03T04:00,21.4,93,20.1,0.00,994.3,1.9,0.0
2025-04-03T05:00,21.4,93,20.1,0.00,994.0,2.0,0.0
2025-04-03T06:00,21.4,92,20.0,0.00,994.1,2.9,0.0
2025-04-03T07:00,21.2,94,20.2,0.00,993.6,1.3,0.0
2025-04-03T08:00,21.0,94,20.0,0.00,993.7,2.3,0.0
2025-04-03T09:00,20.9,94,20.0,0.00,993.9,5.8,0.0
2025-04-03T10:00,20.8,95,19.9,0.10,994.9,9.2,0.0
2025-04-03T11:00,20.9,95,20.1,0.10,995.6,10.5,0.0
2025-04-03T12:00,21.5,92,20.1,0.00,996.4,10.9,1.0
2025-04-03T13:00,22.2,89,20.4,0.00,996.3,3.1,8.0
2025-04-03T14:00,23.2,84,20.4,0.00,996.6,5.8,50.0
2025-04-03T15:00,23.5,83,20.5,0.20,996.8,9.0,25.0
2025-04-03T16:00,23.4,82,20.1,0.10,996.2,9.2,14.0
2025-04-03T17:00,24.0,79,20.2,0.00,995.7,10.4,43.0
2025-04-03T18:00,24.0,79,20.0,0.10,995.2,11.8,67.0
2025-04-03T19:00,23.7,80,20.0,0.00,995.1,12.2,40.0
2025-04-03T20:00,23.9,77,19.6,0.00,995.2,12.5,31.0
2025-04-03T21:00,22.8,84,20.0,0.10,995.2,12.1,4.0
2025-04-03T22:00,22.0,88,19.9,0.10,995.6,10.7,2.0
2025-04-03T23:00,21.8,89,19.9,0.00,996.1,11.5,0.0
2025-04-04T00:00,21.5,90,19.8,0.00,996.9,11.8,0.0
2025-04-04T01:00,21.2,92,19.9,0.00,998.1,12.1,0.0
2025-04-04T02:00,21.4,88,19.2,0.40,998.8,16.6,0.0
2025-04-04T03:00,20.7,91,19.2,0.20,999.4,17.4,0.0
2025-04-04T04:00,20.3,92,18.9,0.00,999.7,18.1,0.0
2025-04-04T05:00,20.3,89,18.4,0.00,999.8,19.4,0.0
2025-04-04T06:00,19.8,88,17.8,0.00,1000.1,22.0,0.0
2025-04-04T07:00,19.3,83,16.4,0.00,1000.3,24.2,0.0
2025-04-04T08:00,18.7,80,15.2,0.00,1000.7,25.8,0.0
2025-04-04T09:00,17.7,80,14.2,0.00,1001.4,25.8,0.0
2025-04-04T10:00,16.7,79,13.1,0.00,1002.4,26.2,0.0
2025-04-04T11:00,16.4,79,12.6,0.00,1003.4,27.3,48.0
2025-04-04T12:00,16.5,76,12.3,0.00,1004.4,29.0,225.0
2025-04-04T13:00,16.3,75,11.9,0.00,1005.7,27.9,129.0
2025-04-04T14:00,17.1,69,11.3,0.00,1005.7,25.0,450.0
2025-04-04T15:00,17.9,59,9.9,0.00,1005.8,23.3,729.0
2025-04-04T16:00,18.4,55,9.2,0.00,1005.8,23.1,799.0
2025-04-04T17:00,18.7,54,9.1,0.00,1005.3,23.0,792.0
2025-04-04T18:00,18.8,53,9.1,0.00,1004.7,23.6,712.0
2025-04-04T19:00,18.5,54,9.1,0.00,1004.3,24.0,568.0
2025-04-04T20:00,18.0,55,8.9,0.00,1004.0,23.4,376.0
2025-04-04T21:00,17.0,58,8.8,0.00,1004.0,20.7,166.0
2025-04-04T22:00,15.8,59,7.7,0.00,1004.1,21.0,17.0
2025-04-04T23:00,15.2,61,7.8,0.00,1004.4,22.3,0.0
2025-04-05T00:00,14.9,63,7.9,0.00,1005.0,22.1,0.0
2025-04-05T01:00,14.4,67,8.4,0.00,1005.5,20.9,0.0
2025-04-05T02:00,14.1,69,8.5,0.00,1005.6,21.2,0.0
2025-04-05T03:00,13.6,70,8.2,0.00,1005.6,20.2,0.0
2025-04-05T04:00,13.3,70,7.9,0.00,1005.9,18.8,0.0
2025-04-05T05:00,12.9,71,7.8,0.00,1005.7,18.3,0.0
2025-04-05T06:00,12.6,72,7.7,0.00,1005.3,18.6,0.0
2025-04-05T07:00,12.4,73,7.7,0.00,1005.0,19.0,0.0
2025-04-05T08:00,12.0,75,7.7,0.00,1004.8,19.0,0.0
2025-04-05T09:00,11.7,75,7.5,0.00,1004.9,19.2,0.0
2025-04-05T10:00,11.5,75,7.3,0.00,1005.2,19.3,0.0
2025-04-05T11:00,12.3,76,8.1,0.00,1005.6,19.7,51.0
2025-04-05T12:00,13.9,72,9.0,0.00,1005.9,21.5,234.0
2025-04-05T13:00,15.1,69,9.6,0.00,1006.2,21.8,442.0
2025-04-05T14:00,16.5,68,10.6,0.00,1005.6,19.2,618.0
2025-04-05T15:00,18.1,67,11.9,0.00,1004.8,17.4,739.0
2025-04-05T16:00,19.6,66,13.1,0.00,1004.1,16.2,793.0
2025-04-05T17:00,20.6,66,14.1,0.00,1003.2,14.8,775.0
2025-04-05T18:00,21.2,66,14.6,0.00,1002.3,13.6,687.0
2025-04-05T19:00,21.5,66,14.9,0.00,1001.9,13.1,539.0
2025-04-05T20:00,21.5,66,14.9,0.00,1001.5,13.1,351.0
2025-04-05T21:00,20.8,70,15.1,0.00,1001.1,10.5,130.0
2025-04-05T22:00,19.4,74,14.7,0.00,1000.7,11.3,9.0
2025-04-05T23:00,19.5,72,14.4,0.00,1000.5,13.4,0.0
2025-04-06T00:00,20.0,72,14.8,0.00,1000.8,14.1,0.0
2025-04-06T01:00,20.6,73,15.5,0.00,1001.1,12.8,0.0
2025-04-06T02:00,19.6,78,15.8,0.00,1000.7,11.3,0.0
2025-04-06T03:00,19.6,84,16.9,0.00,1000.6,11.4,0.0
2025-04-06T04:00,20.4,83,17.5,0.00,1000.9,12.1,0.0
2025-04-06T05:00,19.8,87,17.5,0.00,1000.8,11.6,0.0
2025-04-06T06:00,19.6,87,17.5,0.00,1000.7,11.8,0.0
2025-04-06T07:00,18.9,90,17.2,0.00,1000.7,11.8,0.0
2025-04-06T08:00,18.5,91,17.0,0.00,1000.7,11.4,0.0
2025-04-06T09:00,18.3,90,16.6,0.00,1000.9,13.2,0.0
2025-04-06T10:00,18.1,88,16.1,0.00,1001.5,13.5,0.0
2025-04-06T11:00,19.1,82,16.0,0.00,1002.3,15.9,6.0
2025-04-06T12:00,19.8,80,16.2,0.10,1002.9,15.0,8.0
2025-04-06T13:00,21.3,76,17.0,0.50,1002.7,17.5,181.0
2025-04-06T14:00,22.0,77,17.9,1.50,1002.7,17.4,277.0
2025-04-06T15:00,22.9,77,18.6,4.20,1002.1,15.1,252.0
2025-04-06T16:00,24.6,68,18.2,0.00,1001.2,15.4,319.0
2025-04-06T17:00,24.8,67,18.2,0.00,1000.3,14.1,153.0
2025-04-06T18:00,25.0,66,18.3,0.00,999.3,14.2,96.0
2025-04-06T19:00,25.1,65,18.1,0.00,998.6,13.4,60.0
2025-04-06T20:00,24.5,70,18.6,0.00,997.7,12.8,11.0
2025-04-06T21:00,23.8,70,18.1,0.00,997.3,14.4,64.0
2025-04-06T22:00,22.9,69,17.0,0.00,997.1,14.3,8.0
2025-04-06T23:00,22.3,72,17.0,0.10,997.3,12.3,0.0
2025-04-07T00:00,21.6,76,17.2,0.00,997.6,12.3,0.0
2025-04-07T01:00,22.2,72,16.9,0.00,998.0,15.2,0.0
2025-04-07T02:00,21.9,73,16.9,0.00,997.8,14.4,0.0
2025-04-07T03:00,21.4,76,17.0,0.00,997.3,13.6,0.0
2025-04-07T04:00,21.3,77,17.0,0.00,997.0,14.4,0.0
2025-04-07T05:00,21.0,78,17.0,0.00,996.5,14.3,0.0
2025-04-07T06:00,20.7,80,17.0,0.00,996.1,13.7,0.0
2025-04-07T07:00,20.6,80,17.0,0.00,995.7,14.4,0.0
2025-04-07T08:00,20.2,81,16.8,0.00,995.6,15.5,0.0
2025-04-07T09:00,20.3,79,16.5,0.00,995.8,17.3,0.0
2025-04-07T10:00,20.1,79,16.4,0.00,996.0,18.3,0.0
2025-04-07T11:00,20.6,79,16.9,0.00,996.3,18.5,33.0
2025-04-07T12:00,22.0,77,17.7,0.00,996.8,17.0,126.0
2025-04-07T13:00,23.2,72,17.9,0.00,997.4,18.6,344.0
2025-04-07T14:00,24.6,68,18.2,0.00,996.9,19.3,444.0
2025-04-07T15:00,25.9,65,18.7,0.00,996.4,18.7,517.0
2025-04-07T16:00,26.6,62,18.9,0.60,995.8,20.9,523.0
2025-04-07T17:00,25.5,70,19.6,0.00,994.9,12.9,0.0
2025-04-07T18:00,26.4,66,19.5,0.10,994.3,15.8,230.0
2025-04-07T19:00,26.3,66,19.5,0.10,993.6,16.8,387.0
2025-04-07T20:00,25.6,71,20.0,0.00,993.3,11.7,159.0
2025-04-07T21:00,24.6,78,20.6,0.00,993.2,9.5,39.0
2025-04-07T22:00,22.8,88,20.6,0.20,993.4,10.1,1.0
2025-04-07T23:00,21.9,92,20.5,0.80,994.4,11.0,0.0
2025-04-08T00:00,21.0,98,20.6,5.10,994.8,12.4,0.0
2025-04-08T01:00,20.4,99,20.2,4.50,995.0,12.6,0.0
2025-04-08T02:00,19.3,98,19.0,1.40,995.1,14.6,0.0
2025-04-08T03:00,18.8,98,18.5,14.20,995.1,11.8,0.0
2025-04-08T04:00,18.6,98,18.4,6.70,994.9,8.7,0.0
2025-04-08T05:00,18.4,98,18.1,2.70,994.5,12.6,0.0
2025-04-08T06:00,18.0,98,17.6,7.20,994.3,11.3,0.0
2025-04-08T07:00,18.0,98,17.6,0.30,994.2,13.0,0.0
2025-04-08T08:00,17.6,98,17.3,0.00,993.9,13.1,0.0
2025-04-08T09:00,17.4,98,17.1,0.00,994.3,11.1,0.0
2025-04-08T10:00,17.0,98,16.8,0.00,994.9,10.8,0.0
2025-04-08T11:00,17.4,96,16.8,0.00,995.6,11.8,26.0
2025-04-08T12:00,18.4,90,16.6,0.00,996.2,14.5,146.0
2025-04-08T13:00,18.8,85,16.1,0.00,996.5,10.7,50.0
2025-04-08T14:00,19.8,78,15.9,0.10,996.7,10.4,87.0
2025-04-08T15:00,20.5,76,16.1,0.10,996.7,11.4,97.0
2025-04-08T16:00,20.9,75,16.1,0.10,996.1,12.1,111.0
2025-04-08T17:00,21.0,74,16.1,0.00,995.3,14.1,83.0
2025-04-08T18:00,21.1,73,16.0,0.00,995.1,14.8,102.0
2025-04-08T19:00,21.0,72,15.7,0.00,994.8,16.2,84.0
2025-04-08T20:00,20.2,74,15.4,0.00,994.8,16.4,61.0
2025-04-08T21:00,19.5,78,15.4,0.00,994.7,13.7,57.0
2025-04-08T22:00,18.5,80,14.9,0.00,995.0,9.2,6.0
2025-04-08T23:00,17.2,86,14.8,0.00,995.2,5.6,0.0
2025-04-09T00:00,18.0,82,14.9,0.00,995.8,5.0,0.0
2025-04-09T01:00,17.3,88,15.2,0.00,996.3,3.7,0.0
2025-04-09T02:00,17.5,87,15.4,0.00,996.3,3.8,0.0
2025-04-09T03:00,17.3,88,15.4,0.00,996.4,4.3,0.0
2025-04-09T04:00,16.9,90,15.3,0.00,996.4,5.7,0.0
2025-04-09T05:00,17.2,89,15.4,0.00,996.3,7.2,0.0
2025-04-09T06:00,17.3,88,15.4,0.00,996.3,8.6,0.0
2025-04-09T07:00,17.5,87,15.4,0.00,996.0,9.9,0.0
2025-04-09T08:00,17.5,87,15.4,0.00,995.6,9.8,0.0
2025-04-09T09:00,17.1,90,15.4,0.00,995.8,8.8,0.0
2025-04-09T10:00,17.0,91,15.4,0.00,996.3,8.5,0.0
2025-04-09T11:00,17.5,89,15.8,0.00,997.1,7.0,3.0
2025-04-09T12:00,18.5,86,16.2,0.00,997.7,6.7,30.0
2025-04-09T13:00,19.3,83,16.4,0.00,998.3,5.5,114.0
2025-04-09T14:00,20.9,70,15.1,0.00,998.0,5.3,508.0
2025-04-09T15:00,21.4,66,14.7,0.00,997.7,4.4,361.0
2025-04-09T16:00,21.5,65,14.8,0.00,997.0,3.6,136.0
2025-04-09T17:00,21.9,65,15.0,0.00,996.7,2.2,128.0
2025-04-09T18:00,21.9,65,15.1,0.10,996.1,3.3,109.0
2025-04-09T19:00,21.9,66,15.1,0.00,995.7,2.9,86.0
2025-04-09T20:00,21.8,67,15.2,0.00,995.7,2.7,118.0
2025-04-09T21:00,21.3,72,16.1,0.00,995.5,1.8,54.0
2025-04-09T22:00,19.5,82,16.4,0.00,995.1,0.5,6.0
2025-04-09T23:00,18.2,86,15.9,0.00,995.5,0.9,0.0
2025-04-10T00:00,18.2,87,16.0,0.00,995.9,0.7,0.0
2025-04-10T01:00,19.4,84,16.6,0.00,996.4,2.6,0.0
2025-04-10T02:00,18.6,85,16.0,0.00,996.3,4.2,0.0
2025-04-10T03:00,17.4,88,15.4,0.00,996.1,5.2,0.0
2025-04-10T04:00,16.9,87,14.7,0.00,995.9,5.3,0.0
2025-04-10T05:00,16.5,87,14.3,0.00,995.8,4.4,0.0
2025-04-10T06:00,16.1,88,14.1,0.00,995.6,2.2,0.0
2025-04-10T07:00,16.0,88,14.1,0.00,995.6,0.7,0.0
2025-04-10T08:00,15.9,88,13.9,0.00,995.2,1.0,0.0
2025-04-10T09:00,15.6,88,13.7,0.00,995.3,1.7,0.0
2025-04-10T10:00,15.1,90,13.5,0.00,995.8,3.9,0.0
2025-04-10T11:00,17.0,88,14.9,0.00,996.4,6.9,35.0
2025-04-10T12:00,19.3,83,16.3,0.00,997.1,4.7,64.0
2025-04-10T13:00,21.2,76,16.9,0.10,997.5,7.3,344.0
2025-04-10T14:00,21.8,74,16.9,0.30,997.4,8.1,420.0
2025-04-10T15:00,22.4,69,16.4,0.20,997.1,7.5,407.0
2025-04-10T16:00,22.5,69,16.5,0.30,996.6,8.2,413.0
2025-04-10T17:00,22.7,69,16.6,0.00,995.6,8.8,206.0
2025-04-10T18:00,23.2,66,16.5,0.00,995.0,6.9,328.0
2025-04-10T19:00,23.4,64,16.1,0.00,994.5,5.6,237.0
2025-04-10T20:00,23.3,64,16.1,0.00,994.2,5.4,250.0
2025-04-10T21:00,22.1,77,18.0,0.00,993.9,3.2,113.0
2025-04-10T22:00,20.4,79,16.5,0.00,993.6,1.8,8.0
2025-04-10T23:00,19.3,82,16.1,0.00,993.7,2.1,0.0
2025-04-11T00:00,18.0,86,15.6,0.00,993.9,5.8,0.0
2025-04-11T01:00,19.0,84,16.2,0.00,994.5,2.5,0.0
2025-04-11T02:00,19.2,83,16.2,0.00,994.3,1.5,0.0
2025-04-11T03:00,18.8,83,15.8,0.00,994.2,0.9,0.0
2025-04-11T04:00,19.1,84,16.4,0.00,994.2,3.2,0.0
2025-04-11T05:00,19.2,84,16.4,0.00,994.0,4.3,0.0
2025-04-11T06:00,17.7,87,15.4,0.00,993.6,5.8,0.0
2025-04-11T07:00,16.9,89,15.0,0.00,993.3,6.4,0.0
2025-04-11T08:00,16.7,89,14.9,0.00,993.0,6.7,0.0
2025-04-11T09:00,16.4,92,15.1,0.00,993.1,6.6,0.0
2025-04-11T10:00,16.6,94,15.6,0.00,993.6,7.4,0.0
2025-04-11T11:00,17.9,95,17.1,0.00,994.3,8.5,40.0
2025-04-11T12:00,20.2,91,18.7,0.00,994.9,5.9,201.0
2025-04-11T13:00,22.3,74,17.4,0.00,995.2,6.8,404.0
2025-04-11T14:00,23.9,60,15.6,0.00,995.3,7.7,568.0
2025-04-11T15:00,24.6,56,15.2,0.00,995.0,7.7,664.0
2025-04-11T16:00,25.1,54,15.3,0.00,994.3,5.3,718.0
2025-04-11T17:00,25.6,52,15.1,0.00,993.7,3.0,623.0
2025-04-11T18:00,26.5,48,14.6,0.00,992.9,3.2,360.0
2025-04-11T19:00,26.2,49,14.8,0.00,992.3,4.2,220.0
2025-04-11T20:00,25.8,57,16.5,0.00,992.0,4.8,127.0
2025-04-11T21:00,23.9,70,18.0,0.00,991.6,5.1,127.0
2025-04-11T22:00,21.7,75,17.1,0.00,991.4,2.3,8.0
2025-04-11T23:00,20.2,80,16.8,0.00,992.0,5.9,0.0
2025-04-12T00:00,19.6,79,15.9,0.00,992.9,6.4,0.0
2025-04-12T01:00,20.1,76,15.7,0.10,992.9,6.9,0.0
2025-04-12T02:00,20.5,74,15.7,0.00,992.9,6.2,0.0
2025-04-12T03:00,21.3,70,15.6,0.00,993.0,5.8,0.0
2025-04-12T04:00,21.5,68,15.3,0.00,992.4,7.9,0.0
2025-04-12T05:00,21.4,68,15.4,0.00,992.2,7.6,0.0
2025-04-12T06:00,20.8,74,15.9,0.00,992.4,5.2,0.0
2025-04-12T07:00,19.6,81,16.3,0.20,992.5,4.8,0.0
2025-04-12T08:00,19.5,86,17.1,0.40,991.9,9.6,0.0
2025-04-12T09:00,19.2,95,18.4,1.30,993.6,1.8,0.0
2025-04-12T10:00,19.0,99,18.8,0.30,993.1,8.1,0.0
2025-04-12T11:00,19.3,97,18.8,0.10,994.0,5.6,1.0
2025-04-12T12:00,20.0,96,19.4,0.20,994.8,2.7,0.0
2025-04-12T13:00,20.9,86,18.5,0.00,993.8,8.9,0.0
2025-04-12T14:00,22.0,83,19.0,0.00,994.5,10.7,16.0
2025-04-12T15:00,21.1,91,19.6,3.40,994.8,10.7,1.0
2025-04-12T16:00,21.1,93,19.9,8.60,994.8,4.4,2.0
2025-04-12T17:00,21.2,93,20.0,0.30,994.4,5.1,2.0
2025-04-12T18:00,21.4,95,20.5,1.40,993.8,4.8,4.0
2025-04-12T19:00,21.3,96,20.7,0.70,993.1,7.1,0.0
2025-04-12T20:00,21.6,94,20.6,0.30,992.8,10.0,8.0
2025-04-12T21:00,21.1,97,20.7,0.10,993.0,7.9,5.0
2025-04-12T22:00,20.6,98,20.4,0.10,993.5,7.6,0.0
2025-04-12T23:00,20.3,99,20.2,0.00,993.8,5.8,0.0
2025-04-13T00:00,20.0,99,19.9,0.00,994.8,8.4,0.0
2025-04-13T01:00,19.0,96,18.4,0.00,996.0,8.1,0.0
2025-04-13T02:00,19.0,95,18.2,0.00,995.8,8.0,0.0
2025-04-13T03:00,18.9,96,18.3,0.00,996.0,8.9,0.0
2025-04-13T04:00,18.9,97,18.4,0.00,995.5,9.0,0.0
2025-04-13T05:00,18.9,98,18.6,0.00,995.2,9.6,0.0
2025-04-13T06:00,18.7,99,18.6,0.00,995.0,8.0,0.0
2025-04-13T07:00,18.5,100,18.5,0.00,994.9,8.3,0.0
2025-04-13T08:00,18.5,100,18.5,0.00,995.0,9.1,0.0
2025-04-13T09:00,18.5,100,18.5,0.00,995.3,9.1,0.0
2025-04-13T10:00,18.5,99,18.2,0.00,996.2,10.8,0.0
2025-04-13T11:00,19.1,97,18.6,0.00,996.9,14.8,31.0
2025-04-13T12:00,20.2,93,19.0,0.00,997.5,13.6,180.0
2025-04-13T13:00,21.5,85,18.9,0.00,998.5,19.8,373.0
2025-04-13T14:00,22.7,78,18.8,0.00,998.5,16.7,494.0
2025-04-13T15:00,23.9,72,18.5,0.00,998.0,17.1,644.0
2025-04-13T16:00,24.5,67,18.0,0.00,997.4,18.3,683.0
2025-04-13T17:00,24.6,65,17.7,0.00,996.9,18.4,647.0
2025-04-13T18:00,24.6,62,17.0,0.00,996.4,19.0,556.0
2025-04-13T19:00,24.5,62,16.8,0.00,995.9,19.1,383.0
2025-04-13T20:00,23.9,66,17.2,0.00,995.7,17.1,275.0
2025-04-13T21:00,22.7,72,17.3,0.00,995.5,11.9,121.0
2025-04-13T22:00,21.0,77,16.8,0.00,995.2,9.8,7.0
2025-04-13T23:00,20.4,78,16.4,0.00,995.8,12.4,0.0
2025-04-14T00:00,20.1,77,15.9,0.00,996.5,14.2,0.0
2025-04-14T01:00,20.0,75,15.4,0.00,996.9,12.9,0.0
2025-04-14T02:00,19.0,80,15.4,0.00,997.1,11.8,0.0
2025-04-14T03:00,18.4,84,15.6,0.00,997.0,11.5,0.0
2025-04-14T04:00,18.0,86,15.5,0.00,997.1,11.8,0.0
2025-04-14T05:00,17.5,85,14.9,0.00,997.0,12.3,0.0
2025-04-14T06:00,17.0,84,14.4,0.00,996.7,12.6,0.0
2025-04-14T07:00,16.5,85,13.9,0.00,996.4,12.7,0.0
2025-04-14T08:00,16.1,85,13.6,0.00,996.3,12.9,0.0
2025-04-14T09:00,15.8,86,13.5,0.00,996.4,13.1,0.0
2025-04-14T10:00,15.4,88,13.4,0.00,996.6,12.7,0.0
2025-04-14T11:00,16.2,87,13.9,0.00,997.4,13.6,37.0
2025-04-14T12:00,18.0,82,14.9,0.00,998.0,12.9,200.0
2025-04-14T13:00,20.0,76,15.6,0.00,998.1,12.0,394.0
2025-04-14T14:00,21.8,73,16.7,0.00,998.1,10.1,561.0
2025-04-14T15:00,23.3,70,17.6,0.00,997.4,9.8,676.0
2025-04-14T16:00,24.4,67,17.9,0.00,996.3,9.8,730.0
2025-04-14T17:00,25.0,64,17.8,0.00,995.7,9.4,716.0
2025-04-14T18:00,25.2,62,17.5,0.00,994.6,10.8,636.0
2025-04-14T19:00,25.0,63,17.4,0.00,993.8,12.2,498.0
2025-04-14T20:00,24.4,65,17.3,0.00,993.6,12.3,317.0
2025-04-14T21:00,22.8,72,17.5,0.00,993.2,10.5,121.0
2025-04-14T22:00,21.0,75,16.5,0.00,992.8,10.7,7.0
2025-04-14T23:00,20.5,73,15.4,0.00,992.9,12.8,0.0
2025-04-15T00:00,20.1,71,14.7,0.00,993.6,12.0,0.0
2025-04-15T01:00,20.0,70,14.4,0.00,993.8,11.4,0.0
2025-04-15T02:00,19.9,73,14.8,0.00,993.2,11.4,0.0
2025-04-15T03:00,19.2,78,15.3,0.00,993.3,9.7,0.0
2025-04-15T04:00,18.8,83,15.8,0.00,993.4,8.4,0.0
2025-04-15T05:00,18.4,86,15.9,0.00,993.2,8.1,0.0
2025-04-15T06:00,18.4,86,16.0,0.00,992.8,8.9,0.0
2025-04-15T07:00,18.1,88,16.1,0.00,992.5,8.7,0.0
2025-04-15T08:00,17.8,90,16.2,0.00,992.5,7.9,0.0
2025-04-15T09:00,17.6,92,16.2,0.00,992.6,6.7,0.0
2025-04-15T10:00,17.2,93,16.1,0.00,993.4,4.5,0.0
2025-04-15T11:00,18.5,90,16.9,0.00,993.9,8.7,15.0
2025-04-15T12:00,19.9,88,17.9,0.00,994.5,6.4,13.0
2025-04-15T13:00,22.4,80,18.6,0.00,994.9,4.9,156.0
2025-04-15T14:00,24.4,75,19.6,0.00,995.0,2.8,509.0
2025-04-15T15:00,26.0,70,20.1,0.00,994.6,1.5,658.0
2025-04-15T16:00,26.8,64,19.3,0.10,994.1,4.6,695.0
2025-04-15T17:00,27.0,60,18.7,0.00,993.4,7.5,486.0
2025-04-15T18:00,27.5,58,18.4,0.00,992.4,8.6,557.0
2025-04-15T19:00,27.6,56,17.9,0.00,992.0,6.5,449.0
2025-04-15T20:00,27.0,60,18.6,0.00,992.0,7.6,272.0
2025-04-15T21:00,25.0,70,19.2,0.00,991.8,7.7,95.0
2025-04-15T22:00,23.4,75,18.6,0.00,991.9,9.5,5.0
2025-04-15T23:00,22.2,79,18.4,0.00,992.5,7.8,0.0
2025-04-16T00:00,21.8,79,18.0,0.00,993.3,8.6,0.0
2025-04-16T01:00,21.9,77,17.7,0.00,993.3,11.3,0.0
2025-04-16T02:00,21.3,78,17.4,0.00,993.7,11.7,0.0
2025-04-16T03:00,20.7,81,17.4,0.00,994.1,12.8,0.0
2025-04-16T04:00,20.3,83,17.4,0.00,994.0,13.3,0.0
2025-04-16T05:00,19.8,85,17.2,0.00,993.8,12.3,0.0
2025-04-16T06:00,19.3,87,17.1,0.00,993.3,11.2,0.0
2025-04-16T07:00,19.0,89,17.2,0.00,992.9,10.1,0.0
2025-04-16T08:00,18.6,92,17.2,0.00,992.4,10.1,0.0
2025-04-16T09:00,18.4,93,17.1,0.00,992.5,10.0,0.0
2025-04-16T10:00,18.1,94,17.1,0.00,993.1,9.3,0.0
2025-04-16T11:00,19.0,92,17.8,0.00,993.9,11.1,34.0
2025-04-16T12:00,21.0,87,18.9,0.00,994.5,10.3,191.0
2025-04-16T13:00,22.5,82,19.4,0.00,994.9,10.0,380.0
2025-04-16T14:00,24.1,78,20.0,0.00,994.9,9.1,543.0
2025-04-16T15:00,25.5,72,20.1,0.00,994.7,8.3,656.0
2025-04-16T16:00,26.4,65,19.2,0.10,994.0,7.3,682.0
2025-04-16T17:00,26.9,62,19.0,0.00,993.4,7.8,601.0
2025-04-16T18:00,27.0,61,18.8,0.00,992.6,8.5,569.0
2025-04-16T19:00,26.6,62,18.8,0.00,992.0,10.6,446.0
2025-04-16T20:00,25.9,65,18.9,0.00,991.6,11.6,270.0
2025-04-16T21:00,24.5,72,19.0,0.00,991.3,9.2,100.0
2025-04-16T22:00,22.5,76,18.2,0.00,991.3,7.1,5.0
2025-04-16T23:00,21.5,81,18.0,0.00,991.5,6.3,0.0
2025-04-17T00:00,21.1,81,17.7,0.00,992.2,7.0,0.0
2025-04-17T01:00,21.7,77,17.5,0.00,992.3,6.5,0.0
2025-04-17T02:00,21.2,78,17.2,0.00,992.3,6.6,0.0
2025-04-17T03:00,20.6,83,17.5,0.00,992.4,7.3,0.0
2025-04-17T04:00,20.0,89,18.1,0.00,992.3,6.5,0.0
2025-04-17T05:00,19.5,92,18.2,0.00,992.6,5.9,0.0
2025-04-17T06:00,19.5,94,18.5,0.00,992.7,6.0,0.0
2025-04-17T07:00,19.1,96,18.5,0.00,992.7,5.4,0.0
2025-04-17T08:00,19.2,96,18.5,0.00,992.7,6.6,0.0
2025-04-17T09:00,19.2,96,18.5,0.00,992.9,6.4,0.0
2025-04-17T10:00,19.1,96,18.5,0.00,993.3,6.3,0.0
2025-04-17T11:00,20.1,95,19.2,0.00,994.0,10.0,32.0
2025-04-17T12:00,22.1,90,20.5,0.00,994.4,9.3,183.0
2025-04-17T13:00,24.2,84,21.2,0.00,994.9,10.1,375.0
2025-04-17T14:00,26.1,76,21.6,0.00,994.7,11.7,537.0
2025-04-17T15:00,27.4,67,20.8,0.00,994.1,14.2,652.0
2025-04-17T16:00,28.0,64,20.5,0.00,993.4,13.0,623.0
2025-04-17T17:00,28.5,62,20.5,0.00,992.7,11.3,594.0
2025-04-17T18:00,28.6,61,20.3,0.00,991.7,11.2,541.0
2025-04-17T19:00,28.5,61,20.2,0.00,991.0,10.1,426.0
2025-04-17T20:00,27.9,64,20.5,0.00,990.9,8.4,265.0
2025-04-17T21:00,26.3,75,21.5,0.00,990.5,5.2,103.0
2025-04-17T22:00,24.4,80,20.7,0.00,990.6,6.1,4.0
2025-04-17T23:00,23.6,83,20.5,0.00,991.1,6.7,0.0
2025-04-18T00:00,23.4,83,20.2,0.00,991.7,7.4,0.0
2025-04-18T01:00,23.8,78,19.6,0.00,991.3,8.4,0.0
2025-04-18T02:00,23.2,80,19.6,0.00,991.5,9.7,0.0
2025-04-18T03:00,23.0,82,19.7,0.00,991.7,8.9,0.0
2025-04-18T04:00,22.1,87,19.8,0.00,991.5,7.1,0.0
2025-04-18T05:00,21.5,90,19.8,0.00,991.5,6.9,0.0
2025-04-18T06:00,21.0,93,19.7,0.00,991.4,5.7,0.0
2025-04-18T07:00,20.9,93,19.6,0.00,991.5,7.4,0.0
2025-04-18T08:00,20.6,94,19.6,0.00,991.3,7.5,0.0
2025-04-18T09:00,20.5,95,19.6,0.00,991.5,7.9,0.0
2025-04-18T10:00,19.8,96,19.2,0.40,992.7,1.4,0.0
2025-04-18T11:00,20.7,96,20.1,1.00,993.4,5.9,17.0
2025-04-18T12:00,22.0,91,20.5,0.00,994.3,4.2,118.0
2025-04-18T13:00,24.1,86,21.6,0.00,994.2,7.0,150.0
2025-04-18T14:00,26.0,79,22.0,0.10,994.2,4.9,399.0
2025-04-18T15:00,26.9,77,22.5,0.30,993.7,2.7,502.0
2025-04-18T16:00,27.8,73,22.5,0.10,993.0,2.8,575.0
2025-04-18T17:00,28.2,68,21.9,0.00,992.3,2.3,417.0
2025-04-18T18:00,28.1,66,21.2,0.00,991.5,2.3,57.0
2025-04-18T19:00,24.9,82,21.6,1.10,992.1,9.9,327.0
2025-04-18T20:00,24.1,85,21.4,0.30,992.2,7.7,139.0
2025-04-18T21:00,22.2,91,20.8,1.00,992.1,6.6,28.0
2025-04-18T22:00,21.7,94,20.7,0.00,992.2,7.6,3.0
2025-04-18T23:00,21.4,97,20.8,0.00,992.9,8.9,0.0
2025-04-19T00:00,21.2,98,20.9,0.00,993.8,10.2,0.0
2025-04-19T01:00,22.5,94,21.4,0.00,993.1,3.7,0.0
2025-04-19T02:00,22.5,92,21.1,0.00,993.4,6.6,0.0
2025-04-19T03:00,22.0,93,20.8,0.00,993.8,5.8,0.0
2025-04-19T04:00,21.5,94,20.5,0.00,993.8,9.8,0.0
2025-04-19T05:00,21.4,94,20.4,0.00,993.6,9.8,0.0
2025-04-19T06:00,21.5,96,20.9,0.00,993.4,13.9,0.0
2025-04-19T07:00,21.5,96,20.8,0.00,993.4,15.5,0.0
2025-04-19T08:00,21.0,92,19.8,0.00,993.6,18.3,0.0
2025-04-19T09:00,20.5,91,19.0,0.00,994.1,18.0,0.0
2025-04-19T10:00,20.2,90,18.5,0.00,994.7,18.6,0.0
2025-04-19T11:00,20.5,86,18.0,0.00,995.6,20.1,30.0
2025-04-19T12:00,21.5,81,18.1,0.00,996.6,21.1,179.0
2025-04-19T13:00,23.2,78,19.1,0.00,997.0,21.3,362.0
2025-04-19T14:00,24.3,74,19.4,0.00,997.1,21.0,523.0
2025-04-19T15:00,25.3,71,19.7,0.00,997.0,19.7,634.0
2025-04-19T16:00,25.9,70,19.9,0.00,996.7,19.6,685.0
2025-04-19T17:00,26.1,68,19.8,0.00,996.3,20.3,670.0
2025-04-19T18:00,26.5,63,18.8,0.00,995.4,19.9,571.0
2025-04-19T19:00,26.1,61,18.0,0.00,995.0,20.3,429.0
2025-04-19T20:00,25.4,62,17.6,0.00,995.0,19.0,279.0
2025-04-19T21:00,24.1,66,17.4,0.00,994.7,17.0,104.0
2025-04-19T22:00,23.0,68,16.8,0.00,994.6,17.7,4.0
2025-04-19T23:00,22.1,70,16.5,0.00,995.3,18.8,0.0
2025-04-20T00:00,21.3,70,15.7,0.00,996.2,20.7,0.0
2025-04-20T01:00,20.7,69,14.8,0.00,996.7,21.6,0.0
2025-04-20T02:00,19.9,67,13.4,0.00,997.0,20.1,0.0
2025-04-20T03:00,19.1,66,12.6,0.00,997.1,19.0,0.0
2025-04-20T04:00,18.4,68,12.3,0.00,996.8,18.2,0.0
2025-04-20T05:00,17.8,70,12.2,0.00,996.7,17.6,0.0
2025-04-20T06:00,17.1,72,12.1,0.00,996.6,17.2,0.0
2025-04-20T07:00,16.5,74,11.8,0.00,996.3,16.1,0.0
2025-04-20T08:00,15.9,74,11.4,0.00,996.2,15.1,0.0
2025-04-20T09:00,15.4,75,10.9,0.00,996.4,15.2,0.0
2025-04-20T10:00,15.1,74,10.6,0.00,996.9,15.9,0.0
2025-04-20T11:00,15.4,74,10.9,0.00,997.2,16.8,29.0
2025-04-20T12:00,16.9,70,11.4,0.00,997.6,15.8,182.0
2025-04-20T13:00,18.9,68,12.9,0.00,997.6,15.3,362.0
2025-04-20T14:00,20.6,67,14.1,0.00,997.6,14.3,515.0
2025-04-20T15:00,22.1,65,15.2,0.00,997.3,13.7,595.0
2025-04-20T16:00,23.3,64,16.0,0.00,996.5,14.2,628.0
2025-04-20T17:00,24.2,60,15.9,0.00,995.6,13.7,672.0
2025-04-20T18:00,24.5,55,15.0,0.00,995.1,15.4,603.0
2025-04-20T19:00,24.0,53,13.9,0.00,994.6,16.5,469.0
2025-04-20T20:00,23.1,53,13.0,0.00,994.3,15.9,286.0
2025-04-20T21:00,21.3,58,12.8,0.00,994.1,14.4,74.0
2025-04-20T22:00,19.9,60,11.9,0.00,994.0,14.5,3.0
2025-04-20T23:00,19.3,61,11.7,0.00,994.3,16.4,0.0
2025-04-21T00:00,19.0,62,11.5,0.00,994.9,17.3,0.0
2025-04-21T01:00,19.0,60,11.1,0.00,995.8,16.8,0.0
2025-04-21T02:00,18.5,60,10.6,0.00,996.1,16.7,0.0
2025-04-21T03:00,17.7,64,10.9,0.00,995.9,17.1,0.0
2025-04-21T04:00,16.9,69,11.1,0.00,995.8,16.2,0.0
2025-04-21T05:00,16.5,72,11.4,0.00,995.9,16.4,0.0
2025-04-21T06:00,15.9,76,11.6,0.00,995.4,15.5,0.0
2025-04-21T07:00,15.4,79,11.6,0.00,995.3,13.5,0.0
2025-04-21T08:00,14.7,82,11.6,0.00,995.2,12.0,0.0
2025-04-21T09:00,14.6,82,11.6,0.00,995.4,14.4,0.0
2025-04-21T10:00,14.5,82,11.6,0.00,995.9,14.7,0.0
2025-04-21T11:00,14.9,81,11.8,0.00,996.2,14.5,23.0
2025-04-21T12:00,16.6,76,12.5,0.00,996.5,12.9,163.0
2025-04-21T13:00,18.6,73,13.6,0.00,996.8,10.3,213.0
2025-04-21T14:00,20.8,67,14.6,0.00,996.5,8.4,358.0
2025-04-21T15:00,22.9,61,14.9,0.00,996.2,8.4,515.0
2025-04-21T16:00,24.2,55,14.6,0.00,995.6,10.0,589.0
2025-04-21T17:00,24.8,53,14.4,0.00,994.8,12.8,575.0
2025-04-21T18:00,24.5,52,13.9,0.00,994.3,14.4,553.0
2025-04-21T19:00,23.6,50,12.6,0.00,994.3,15.2,297.0
2025-04-21T20:00,22.5,56,13.2,0.00,994.0,13.5,112.0
2025-04-21T21:00,21.0,61,13.3,0.00,993.5,13.1,49.0
2025-04-21T22:00,20.1,59,11.9,0.00,993.2,14.3,0.0
2025-04-21T23:00,19.6,59,11.5,0.00,993.5,14.6,0.0
2025-04-22T00:00,19.2,61,11.6,0.00,993.9,14.4,0.0
2025-04-22T01:00,18.8,64,11.9,0.00,994.6,12.6,0.0
2025-04-22T02:00,18.4,66,11.8,0.00,994.5,12.9,0.0
2025-04-22T03:00,18.0,66,11.6,0.00,994.4,13.4,0.0
2025-04-22T04:00,17.9,66,11.5,0.00,994.4,13.2,0.0
2025-04-22T05:00,17.5,68,11.5,0.00,994.4,12.3,0.0
2025-04-22T06:00,17.0,70,11.4,0.00,994.4,11.1,0.0
2025-04-22T07:00,16.5,72,11.4,0.00,994.1,11.5,0.0
2025-04-22T08:00,16.1,73,11.4,0.00,993.7,11.3,0.0
2025-04-22T09:00,15.5,77,11.4,0.00,993.9,10.8,0.0
2025-04-22T10:00,15.1,79,11.5,0.00,994.4,11.3,0.0
2025-04-22T11:00,15.9,79,12.2,0.00,995.1,12.4,26.0
2025-04-22T12:00,18.0,75,13.6,0.00,996.0,9.9,138.0
2025-04-22T13:00,19.9,69,14.1,0.00,996.4,8.5,220.0
2025-04-22T14:00,21.9,64,14.9,0.00,996.7,8.7,397.0
2025-04-22T15:00,23.6,59,15.1,0.00,996.3,7.7,502.0
2025-04-22T16:00,24.6,55,15.1,0.00,995.5,7.1,283.0
2025-04-22T17:00,25.5,51,14.8,0.00,994.7,6.2,288.0
2025-04-22T18:00,25.5,50,14.3,0.00,993.8,4.5,96.0
2025-04-22T19:00,25.2,52,14.6,0.00,993.6,4.1,17.0
2025-04-22T20:00,24.1,65,17.0,0.00,993.1,6.1,15.0
2025-04-22T21:00,22.5,70,16.7,0.00,992.8,7.5,3.0
2025-04-22T22:00,21.1,74,16.4,0.00,992.3,11.5,0.0
2025-04-22T23:00,20.4,70,14.6,0.00,992.4,12.0,0.0
2025-04-23T00:00,20.0,64,13.1,0.00,992.7,11.3,0.0
2025-04-23T01:00,19.8,65,13.0,0.00,992.7,10.8,0.0
2025-04-23T02:00,19.2,73,14.3,0.00,992.7,11.2,0.0
2025-04-23T03:00,18.9,77,14.8,0.00,992.8,10.7,0.0
2025-04-23T04:00,18.4,80,14.9,0.00,992.9,9.9,0.0
2025-04-23T05:00,18.0,81,14.6,0.00,992.7,9.9,0.0
2025-04-23T06:00,17.6,80,14.1,0.00,992.2,8.8,0.0
2025-04-23T07:00,17.3,81,13.9,0.00,992.1,8.4,0.0
2025-04-23T08:00,17.2,80,13.6,0.00,991.9,8.6,0.0
2025-04-23T09:00,17.0,80,13.6,0.00,992.2,8.1,0.0
2025-04-23T10:00,17.0,80,13.6,0.00,992.8,8.3,0.0
2025-04-23T11:00,18.2,79,14.6,0.00,993.6,9.7,13.0
2025-04-23T12:00,20.4,78,16.4,0.00,994.4,9.5,44.0
2025-04-23T13:00,22.9,77,18.7,0.00,994.8,8.2,179.0
2025-04-23T14:00,25.2,73,20.1,0.00,995.0,8.1,355.0
2025-04-23T15:00,26.8,69,20.7,0.00,994.6,7.6,409.0
2025-04-23T16:00,28.0,64,20.5,0.00,993.9,7.6,456.0
2025-04-23T17:00,28.5,59,19.8,0.00,993.1,9.1,482.0
2025-04-23T18:00,28.8,57,19.3,0.00,992.3,9.0,437.0
2025-04-23T19:00,28.3,58,19.2,0.00,991.7,8.5,96.0
2025-04-23T20:00,27.5,66,20.5,0.00,991.5,7.3,51.0
2025-04-23T21:00,25.9,71,20.2,0.00,991.6,7.7,11.0
2025-04-23T22:00,24.7,73,19.6,0.00,992.0,8.3,0.0
2025-04-23T23:00,24.1,75,19.5,0.00,992.1,9.0,0.0
2025-04-24T00:00,23.4,80,19.8,0.00,992.8,10.2,0.0
2025-04-24T01:00,23.5,75,18.9,0.00,993.3,10.6,0.0
2025-04-24T02:00,23.0,73,17.8,0.00,993.4,10.3,0.0
2025-04-24T03:00,22.2,74,17.2,0.00,993.4,12.3,0.0
2025-04-24T04:00,21.6,78,17.6,0.00,993.1,12.4,0.0
2025-04-24T05:00,21.5,83,18.5,0.00,992.7,13.2,0.0
2025-04-24T06:00,20.9,90,19.1,0.30,992.2,15.8,0.0
2025-04-24T07:00,19.9,95,19.0,1.10,991.7,13.0,0.0
2025-04-24T08:00,19.4,96,18.7,0.90,991.7,13.6,0.0
2025-04-24T09:00,18.9,95,18.1,1.00,991.7,14.7,0.0
2025-04-24T10:00,18.5,95,17.7,0.90,991.8,11.5,0.0
2025-04-24T11:00,18.5,96,17.9,1.40,992.4,10.0,0.0
2025-04-24T12:00,18.8,96,18.1,2.20,992.9,6.2,0.0
2025-04-24T13:00,19.5,96,18.9,1.10,993.3,13.3,0.0
2025-04-24T14:00,20.5,93,19.2,0.60,993.4,13.4,13.0
2025-04-24T15:00,20.6,93,19.5,0.20,993.5,10.7,0.0
2025-04-24T16:00,20.6,95,19.8,0.70,993.2,11.3,6.0
2025-04-24T17:00,21.1,89,19.2,0.50,992.3,13.1,21.0
2025-04-24T18:00,20.5,91,18.9,0.30,991.5,14.8,7.0
2025-04-24T19:00,20.2,91,18.8,0.20,991.3,14.5,14.0
2025-04-24T20:00,19.8,93,18.6,0.20,990.7,14.1,0.0
2025-04-24T21:00,19.4,95,18.5,0.20,990.3,12.9,0.0
2025-04-24T22:00,19.1,97,18.5,0.00,990.7,11.0,0.0
2025-04-24T23:00,19.0,97,18.4,0.00,991.1,10.2,0.0
2025-04-25T00:00,18.6,97,18.1,0.00,991.6,10.8,0.0
2025-04-25T01:00,19.1,94,18.1,0.00,991.6,9.0,0.0
2025-04-25T02:00,18.9,94,17.9,0.00,991.3,9.6,0.0
2025-04-25T03:00,18.5,95,17.6,0.00,991.0,10.7,0.0
2025-04-25T04:00,18.2,95,17.5,0.00,990.7,9.9,0.0
2025-04-25T05:00,17.9,97,17.4,0.00,990.4,10.0,0.0
2025-04-25T06:00,17.6,98,17.2,0.00,990.0,9.8,0.0
2025-04-25T07:00,17.4,98,17.0,0.00,989.6,9.9,0.0
2025-04-25T08:00,17.1,97,16.7,0.00,989.5,9.9,0.0
2025-04-25T09:00,16.8,98,16.5,0.00,989.7,9.2,0.0
2025-04-25T10:00,16.6,97,16.2,0.00,990.0,8.8,0.0
2025-04-25T11:00,17.2,97,16.7,0.00,990.2,10.8,25.0
2025-04-25T12:00,19.1,90,17.5,0.00,990.6,11.1,168.0
2025-04-25T13:00,20.6,85,18.0,0.00,991.4,12.5,314.0
2025-04-25T14:00,22.1,77,18.0,0.00,991.6,12.5,369.0
2025-04-25T15:00,23.2,73,18.1,0.00,991.2,12.4,416.0
2025-04-25T16:00,23.6,72,18.2,0.00,990.5,12.2,121.0
2025-04-25T17:00,23.8,71,18.2,0.00,989.6,12.3,139.0
2025-04-25T18:00,23.9,71,18.2,0.00,989.1,12.4,155.0
2025-04-25T19:00,24.1,68,17.9,0.00,988.4,12.8,196.0
2025-04-25T20:00,23.8,72,18.4,0.00,988.1,10.5,88.0
2025-04-25T21:00,22.8,78,18.8,0.00,987.9,5.6,51.0
2025-04-25T22:00,21.1,84,18.3,0.00,987.9,5.1,1.0
2025-04-25T23:00,20.5,85,17.9,0.00,988.4,5.3,0.0
2025-04-26T00:00,20.1,86,17.6,0.00,989.0,6.1,0.0
2025-04-26T01:00,20.1,90,18.4,0.00,988.9,7.5,0.0
2025-04-26T02:00,19.7,91,18.2,0.00,988.9,7.6,0.0
2025-04-26T03:00,19.4,93,18.1,0.00,989.3,7.6,0.0
2025-04-26T04:00,19.2,94,18.2,0.00,989.3,8.5,0.0
2025-04-26T05:00,19.1,95,18.2,0.00,989.2,10.3,0.0
2025-04-26T06:00,18.9,96,18.2,0.00,989.3,9.0,0.0
2025-04-26T07:00,18.5,97,18.0,0.00,989.4,6.5,0.0
2025-04-26T08:00,18.2,98,17.9,0.00,989.4,5.3,0.0
2025-04-26T09:00,18.0,98,17.8,0.00,989.7,5.2,0.0
2025-04-26T10:00,18.1,99,18.0,0.00,990.2,5.7,0.0
2025-04-26T11:00,19.0,98,18.8,0.00,990.8,8.4,24.0
2025-04-26T12:00,21.3,94,20.3,0.00,991.6,6.3,164.0
2025-04-26T13:00,23.1,89,21.2,0.00,992.5,6.8,317.0
2025-04-26T14:00,24.5,82,21.2,0.10,992.6,5.3,308.0
2025-04-26T15:00,25.4,76,20.9,0.40,992.3,3.9,262.0
2025-04-26T16:00,26.0,72,20.5,0.30,991.4,2.3,490.0
2025-04-26T17:00,26.5,69,20.5,0.00,990.4,4.8,408.0
2025-04-26T18:00,26.6,68,20.3,0.00,989.8,5.3,260.0
2025-04-26T19:00,26.4,70,20.4,0.10,989.8,7.2,112.0
2025-04-26T20:00,25.6,74,20.6,0.10,989.7,12.0,198.0
2025-04-26T21:00,24.2,80,20.5,0.00,989.4,13.6,64.0
2025-04-26T22:00,22.9,83,19.9,0.00,990.0,8.8,1.0
2025-04-26T23:00,22.4,83,19.5,0.00,990.3,8.6,0.0
2025-04-27T00:00,22.2,83,19.2,0.00,990.8,10.4,0.0
2025-04-27T01:00,22.2,86,19.8,0.00,991.1,10.3,0.0
2025-04-27T02:00,22.3,87,20.0,0.00,991.2,12.3,0.0
2025-04-27T03:00,22.0,87,19.8,0.00,991.6,12.2,0.0
2025-04-27T04:00,21.6,88,19.6,0.00,991.4,13.0,0.0
2025-04-27T05:00,21.2,89,19.4,0.00,991.2,11.7,0.0
2025-04-27T06:00,20.8,91,19.2,0.00,990.9,10.9,0.0
2025-04-27T07:00,20.6,91,19.1,0.00,990.7,10.1,0.0
2025-04-27T08:00,20.5,91,19.0,0.00,990.6,11.3,0.0
2025-04-27T09:00,20.4,93,19.2,0.80,990.9,9.1,0.0
2025-04-27T10:00,20.0,98,19.6,3.10,991.6,7.1,0.0
2025-04-27T11:00,20.4,97,19.8,0.10,991.9,15.0,2.0
2025-04-27T12:00,20.8,96,20.0,0.20,992.7,15.1,18.0
2025-04-27T13:00,22.6,86,20.2,0.10,993.6,9.6,56.0
2025-04-27T14:00,24.1,79,20.3,0.00,993.8,10.4,449.0
2025-04-27T15:00,24.6,77,20.3,0.20,993.5,12.7,225.0
2025-04-27T16:00,24.8,76,20.2,0.00,992.9,15.6,246.0
2025-04-27T17:00,25.0,74,20.1,0.00,992.3,18.0,274.0
2025-04-27T18:00,25.0,72,19.6,0.00,991.2,21.1,184.0
2025-04-27T19:00,23.9,75,19.2,0.00,991.5,22.0,37.0
2025-04-27T20:00,23.5,76,19.1,0.00,991.6,18.3,18.0
2025-04-27T21:00,22.9,77,18.6,0.00,991.8,18.1,18.0
2025-04-27T22:00,22.0,79,18.2,0.00,992.4,18.9,1.0
2025-04-27T23:00,22.0,77,17.7,0.00,993.2,23.8,0.0
2025-04-28T00:00,20.6,80,17.0,0.00,994.5,24.3,0.0
2025-04-28T01:00,19.8,79,15.9,0.00,995.3,22.4,0.0
2025-04-28T02:00,18.1,77,14.1,0.00,996.0,20.6,0.0
2025-04-28T03:00,17.0,79,13.4,0.00,996.7,20.0,0.0
2025-04-28T04:00,16.4,85,13.8,0.00,997.1,18.1,0.0
2025-04-28T05:00,15.8,87,13.6,0.00,997.2,16.5,0.0
2025-04-28T06:00,15.2,88,13.1,0.00,997.1,14.9,0.0
2025-04-28T07:00,14.5,87,12.4,0.00,997.1,14.1,0.0
2025-04-28T08:00,13.8,86,11.6,0.00,997.1,15.3,0.0
2025-04-28T09:00,13.2,86,10.9,0.00,997.4,15.5,0.0
2025-04-28T10:00,12.7,86,10.4,0.00,997.7,14.7,0.0
2025-04-28T11:00,13.2,83,10.4,0.00,998.6,15.5,27.0
2025-04-28T12:00,15.1,78,11.2,0.00,999.5,13.9,181.0
2025-04-28T13:00,17.0,73,12.1,0.00,1000.0,14.0,373.0
2025-04-28T14:00,18.7,61,10.9,0.00,1000.5,15.3,538.0
2025-04-28T15:00,19.8,50,9.2,0.00,1000.3,16.9,649.0
2025-04-28T16:00,20.5,47,8.6,0.00,999.8,16.3,698.0
2025-04-28T17:00,21.0,47,9.4,0.00,999.0,14.7,681.0
2025-04-28T18:00,21.3,48,9.8,0.00,998.1,13.5,597.0
2025-04-28T19:00,21.1,48,9.6,0.00,997.9,13.1,456.0
2025-04-28T20:00,20.5,52,10.4,0.00,997.7,10.5,274.0
2025-04-28T21:00,18.1,62,10.9,0.00,997.2,7.1,89.0
2025-04-28T22:00,16.2,67,10.0,0.00,996.8,7.4,1.0
2025-04-28T23:00,15.6,67,9.5,0.00,997.0,8.5,0.0
2025-04-29T00:00,15.1,68,9.3,0.00,997.3,7.9,0.0
2025-04-29T01:00,14.6,68,8.9,0.00,997.7,7.6,0.0
2025-04-29T02:00,14.1,72,9.1,0.00,997.6,7.4,0.0
2025-04-29T03:00,13.5,77,9.5,0.00,997.8,7.4,0.0
2025-04-29T04:00,13.1,81,9.9,0.00,997.8,7.6,0.0
2025-04-29T05:00,12.8,84,10.1,0.00,997.7,7.8,0.0
2025-04-29T06:00,12.6,84,10.0,0.00,997.5,8.0,0.0
2025-04-29T07:00,12.1,87,10.0,0.00,997.0,7.6,0.0
2025-04-29T08:00,11.7,89,9.9,0.00,997.0,7.1,0.0
2025-04-29T09:00,11.5,89,9.8,0.00,997.0,7.1,0.0
2025-04-29T10:00,11.2,89,9.4,0.00,997.2,7.0,0.0
2025-04-29T11:00,12.9,84,10.3,0.00,998.0,8.0,26.0
2025-04-29T12:00,15.5,78,11.8,0.00,998.9,7.2,178.0
2025-04-29T13:00,17.4,69,11.6,0.00,999.5,8.4,367.0
2025-04-29T14:00,19.0,59,10.8,0.00,999.5,10.6,530.0
2025-04-29T15:00,20.1,54,10.6,0.00,999.1,10.1,642.0
2025-04-29T16:00,21.0,52,10.8,0.00,998.5,8.5,692.0
2025-04-29T17:00,21.5,50,10.7,0.00,997.7,7.1,673.0
2025-04-29T18:00,21.9,49,10.9,0.00,996.9,6.7,590.0
2025-04-29T19:00,21.9,49,10.8,0.00,996.6,7.4,450.0
2025-04-29T20:00,21.2,55,11.8,0.00,996.4,7.6,269.0
2025-04-29T21:00,18.6,67,12.3,0.00,996.1,6.6,85.0
2025-04-29T22:00,16.9,68,10.9,0.00,996.2,9.3,1.0
2025-04-29T23:00,15.9,69,10.3,0.00,996.5,8.7,0.0
2025-04-30T00:00,15.5,69,9.9,0.00,996.7,9.2,0.0
2025-04-30T01:00,15.8,69,10.1,0.00,996.9,10.2,0.0
2025-04-30T02:00,15.8,72,10.9,0.00,997.0,12.3,0.0
2025-04-30T03:00,15.4,74,10.9,0.00,996.8,12.2,0.0
2025-04-30T04:00,14.6,77,10.7,0.00,996.6,10.5,0.0
2025-04-30T05:00,13.9,81,10.6,0.00,996.2,9.2,0.0
2025-04-30T06:00,13.4,81,10.2,0.00,996.1,8.7,0.0
2025-04-30T07:00,13.1,81,9.9,0.00,996.0,8.8,0.0
2025-04-30T08:00,12.8,81,9.6,0.00,996.0,8.9,0.0
2025-04-30T09:00,12.3,82,9.4,0.00,995.9,8.6,0.0
2025-04-30T10:00,11.9,82,8.9,0.00,996.4,9.0,0.0
2025-04-30T11:00,12.8,79,9.2,0.00,997.1,10.5,25.0
2025-04-30T12:00,15.3,74,10.6,0.00,997.8,9.5,174.0
2025-04-30T13:00,17.8,64,10.8,0.00,998.1,8.8,365.0
2025-04-30T14:00,19.9,57,11.1,0.00,998.5,8.8,528.0
2025-04-30T15:00,21.6,54,11.9,0.00,997.9,7.9,639.0
2025-04-30T16:00,22.9,48,11.4,0.00,997.2,8.1,688.0
2025-04-30T17:00,23.5,45,10.8,0.00,996.3,8.4,670.0
2025-04-30T18:00,23.8,43,10.5,0.00,995.7,8.6,586.0
2025-04-30T19:00,23.6,43,10.4,0.00,995.3,9.5,443.0
2025-04-30T20:00,22.8,52,12.4,0.00,995.3,7.2,267.0
2025-04-30T21:00,19.9,65,13.1,0.00,994.9,6.6,84.0
2025-04-30T22:00,18.1,64,11.1,0.00,995.0,11.7,1.0
2025-04-30T23:00,17.5,57,8.9,0.00,995.2,12.4,0.0
2025-05-01T00:00,17.1,58,8.8,0.00,995.5,12.6,0.0
2025-05-01T01:00,16.9,64,10.1,0.00,995.7,12.8,0.0
2025-05-01T02:00,16.5,69,10.6,0.00,995.7,12.9,0.0
2025-05-01T03:00,15.8,69,10.1,0.00,995.8,11.6,0.0
2025-05-01T04:00,14.9,71,9.8,0.00,995.5,10.3,0.0
2025-05-01T05:00,14.2,74,9.7,0.00,995.4,8.9,0.0
2025-05-01T06:00,13.6,78,9.9,0.00,994.9,8.0,0.0
2025-05-01T07:00,13.2,80,9.9,0.00,994.5,8.0,0.0
2025-05-01T08:00,12.8,83,9.9,0.00,994.4,7.6,0.0
2025-05-01T09:00,12.6,84,9.9,0.00,994.8,7.7,0.0
2025-05-01T10:00,12.8,83,9.9,0.00,995.4,8.6,0.0
2025-05-01T11:00,13.9,79,10.4,0.00,996.1,9.9,24.0
2025-05-01T12:00,16.8,75,12.4,0.00,997.0,10.6,171.0
2025-05-01T13:00,19.4,70,13.8,0.00,997.5,10.3,356.0
2025-05-01T14:00,22.0,65,15.1,0.00,997.7,11.8,515.0
2025-05-01T15:00,24.0,62,16.1,0.00,997.0,13.3,619.0
2025-05-01T16:00,25.2,58,16.5,0.00,996.4,14.2,667.0
2025-05-01T17:00,26.0,56,16.5,0.00,995.9,13.5,566.0
2025-05-01T18:00,26.4,56,16.8,0.00,994.9,13.3,571.0
2025-05-01T19:00,26.3,56,17.0,0.00,994.3,13.1,426.0
2025-05-01T20:00,25.5,61,17.5,0.00,993.9,11.8,251.0
2025-05-01T21:00,23.4,68,17.1,0.00,993.5,10.8,76.0
2025-05-01T22:00,21.8,71,16.2,0.00,993.5,10.9,1.0
2025-05-01T23:00,21.1,71,15.6,0.00,993.7,11.7,0.0
2025-05-02T00:00,20.4,73,15.4,0.00,994.2,13.5,0.0
2025-05-02T01:00,20.9,67,14.6,0.00,994.3,16.9,0.0
2025-05-02T02:00,20.4,68,14.4,0.00,994.6,15.9,0.0
2025-05-02T03:00,19.5,71,14.1,0.00,994.9,14.1,0.0
2025-05-02T04:00,18.9,72,13.8,0.00,995.1,12.6,0.0
2025-05-02T05:00,18.2,75,13.6,0.00,995.2,10.3,0.0
2025-05-02T06:00,17.9,76,13.6,0.00,995.1,9.7,0.0
2025-05-02T07:00,17.5,77,13.5,0.00,994.9,8.9,0.0
2025-05-02T08:00,17.1,79,13.4,0.00,995.1,9.6,0.0
2025-05-02T09:00,17.0,79,13.4,0.00,995.2,12.1,0.0
2025-05-02T10:00,16.9,79,13.2,0.00,995.6,12.4,0.0
2025-05-02T11:00,17.4,78,13.6,0.00,996.4,14.5,2.0
2025-05-02T12:00,18.6,78,14.8,0.00,997.0,15.3,24.0
2025-05-02T13:00,20.2,72,15.1,0.00,997.8,12.0,29.0
2025-05-02T14:00,21.9,66,15.1,0.00,998.1,13.8,58.0
2025-05-02T15:00,22.8,64,15.6,0.00,998.1,9.8,65.0
2025-05-02T16:00,24.0,60,15.9,0.00,998.1,7.2,146.0
2025-05-02T17:00,24.4,59,15.8,0.00,997.5,6.7,75.0
2025-05-02T18:00,24.3,60,16.1,0.00,996.9,7.0,30.0
2025-05-02T19:00,23.8,65,16.8,0.00,996.9,9.7,22.0
2025-05-02T20:00,22.6,70,16.9,0.00,996.7,9.3,2.0
2025-05-02T21:00,21.6,72,16.4,0.00,996.5,8.6,0.0
2025-05-02T22:00,20.9,74,16.0,0.00,996.6,8.3,0.0
2025-05-02T23:00,20.5,75,15.8,0.00,996.8,9.4,0.0
2025-05-03T00:00,19.9,78,15.9,0.00,997.0,9.1,0.0
2025-05-03T01:00,17.3,85,14.8,0.80,998.0,9.8,0.0
2025-05-03T02:00,17.4,85,14.8,0.00,997.9,13.5,0.0
2025-05-03T03:00,17.5,81,14.2,0.00,997.8,10.9,0.0
2025-05-03T04:00,17.1,82,14.1,0.00,997.4,8.0,0.0
2025-05-03T05:00,17.0,85,14.5,0.00,996.9,8.1,0.0
2025-05-03T06:00,16.3,91,14.9,0.00,997.3,8.8,0.0
2025-05-03T07:00,16.2,92,14.9,0.00,996.6,9.6,0.0
2025-05-03T08:00,16.2,92,15.0,0.00,996.5,9.1,0.0
2025-05-03T09:00,16.2,93,15.0,0.00,996.6,8.8,0.0
2025-05-03T10:00,16.0,93,14.9,0.00,997.2,7.9,0.0
2025-05-03T11:00,16.7,92,15.4,0.00,998.0,9.6,5.0
2025-05-03T12:00,18.8,89,17.0,0.00,998.9,8.2,84.0
2025-05-03T13:00,21.0,82,17.9,0.00,999.6,9.0,326.0
2025-05-03T14:00,23.2,71,17.7,0.00,999.8,9.0,479.0
2025-05-03T15:00,24.9,65,17.8,0.00,999.4,8.7,578.0
2025-05-03T16:00,26.1,60,17.9,0.00,998.7,8.0,634.0
2025-05-03T17:00,27.0,57,17.8,0.00,997.8,6.8,623.0
2025-05-03T18:00,27.3,55,17.4,0.00,997.1,5.2,543.0
2025-05-03T19:00,27.3,54,17.2,0.00,996.7,5.1,409.0
2025-05-03T20:00,26.6,60,18.2,0.00,996.6,5.4,238.0
2025-05-03T21:00,24.1,70,18.4,0.00,996.1,6.0,70.0
2025-05-03T22:00,22.5,72,17.1,0.00,995.8,8.0,0.0
2025-05-03T23:00,21.4,74,16.5,0.00,996.0,10.7,0.0
2025-05-04T00:00,21.0,71,15.4,0.00,996.1,10.9,0.0
2025-05-04T01:00,20.9,63,13.7,0.00,996.3,11.4,0.0
2025-05-04T02:00,20.5,66,13.9,0.00,996.1,12.1,0.0
2025-05-04T03:00,19.9,73,14.9,0.00,996.3,11.8,0.0
2025-05-04T04:00,19.1,77,15.1,0.00,996.0,11.4,0.0
2025-05-04T05:00,18.6,79,14.9,0.00,995.8,11.0,0.0
2025-05-04T06:00,18.4,81,15.0,0.00,995.7,10.8,0.0
2025-05-04T07:00,18.1,82,15.1,0.00,995.5,10.7,0.0
2025-05-04T08:00,17.9,83,15.0,0.00,995.4,10.3,0.0
2025-05-04T09:00,17.8,84,15.0,0.00,995.3,11.0,0.0
2025-05-04T10:00,17.6,84,14.9,0.00,995.8,11.0,0.0
2025-05-04T11:00,18.4,83,15.4,0.00,996.3,12.3,19.0
2025-05-04T12:00,20.7,78,16.8,0.00,996.7,11.9,150.0
2025-05-04T13:00,23.0,73,17.8,0.00,997.3,12.5,325.0
2025-05-04T14:00,25.1,68,18.8,0.00,997.3,13.7,476.0
2025-05-04T15:00,27.0,62,19.1,0.00,996.6,14.4,580.0
2025-05-04T16:00,28.1,58,19.2,0.00,995.8,15.7,563.0
2025-05-04T17:00,28.8,57,19.3,0.00,995.1,16.5,583.0
2025-05-04T18:00,28.0,57,18.9,0.00,994.9,17.3,205.0
2025-05-04T19:00,27.5,61,19.4,0.00,995.0,12.5,71.0
2025-05-04T20:00,26.5,69,20.4,0.00,994.7,7.8,12.0
2025-05-04T21:00,25.0,75,20.3,0.00,995.0,6.7,12.0
2025-05-04T22:00,24.1,77,19.9,0.00,995.4,6.2,0.0
2025-05-04T23:00,23.4,79,19.5,0.00,995.8,5.5,0.0
2025-05-05T00:00,23.0,81,19.5,0.10,996.4,8.5,0.0
2025-05-05T01:00,22.9,88,20.8,0.60,997.0,1.7,0.0
2025-05-05T02:00,21.9,94,20.9,0.80,996.7,7.5,0.0
2025-05-05T03:00,21.5,95,20.7,0.80,996.7,5.8,0.0
2025-05-05T04:00,21.1,95,20.2,0.80,996.4,7.3,0.0
2025-05-05T05:00,20.8,95,20.0,0.50,995.8,13.7,0.0
2025-05-05T06:00,20.8,94,19.8,0.30,996.1,10.2,0.0
2025-05-05T07:00,20.8,95,19.9,0.00,995.7,8.3,0.0
2025-05-05T08:00,20.6,95,19.9,0.00,995.5,11.4,0.0
2025-05-05T09:00,20.4,96,19.7,0.00,995.7,11.8,0.0
2025-05-05T10:00,20.0,96,19.3,0.00,995.9,12.2,0.0
2025-05-05T11:00,20.4,95,19.5,0.00,996.4,13.3,17.0
2025-05-05T12:00,21.9,93,20.8,0.00,997.3,11.9,144.0
2025-05-05T13:00,24.3,83,21.3,0.00,997.0,12.0,318.0
2025-05-05T14:00,26.1,76,21.6,0.00,997.0,13.1,463.0
2025-05-05T15:00,27.8,70,21.8,0.00,996.7,13.0,566.0
2025-05-05T16:00,28.9,65,21.6,0.00,995.9,13.9,599.0
2025-05-05T17:00,29.6,58,20.4,0.00,995.2,15.4,579.0
2025-05-05T18:00,29.6,54,19.4,0.00,994.2,13.6,463.0
2025-05-05T19:00,29.1,56,19.5,0.00,993.7,11.1,260.0
2025-05-05T20:00,28.4,64,20.8,0.00,993.8,6.8,168.0
2025-05-05T21:00,26.2,74,21.4,0.00,994.0,4.7,33.0
2025-05-05T22:00,24.9,76,20.2,0.00,994.2,6.6,0.0
2025-05-05T23:00,25.3,72,19.9,0.00,994.6,9.0,0.0
2025-05-06T00:00,24.3,75,19.6,0.00,994.8,9.6,0.0
2025-05-06T01:00,22.9,84,20.1,0.00,995.8,6.5,0.0
2025-05-06T02:00,22.3,84,19.5,0.00,995.4,12.4,0.0
2025-05-06T03:00,21.5,88,19.4,0.10,995.5,14.2,0.0
2025-05-06T04:00,21.2,89,19.4,0.00,995.0,12.7,0.0
2025-05-06T05:00,21.6,88,19.5,0.00,994.3,14.0,0.0
2025-05-06T06:00,21.2,90,19.5,0.00,994.0,11.1,0.0
2025-05-06T07:00,21.1,91,19.6,0.30,993.9,12.3,0.0
2025-05-06T08:00,21.0,94,20.0,0.50,993.5,14.6,0.0
2025-05-06T09:00,20.5,97,20.0,1.50,993.5,14.8,0.0
2025-05-06T10:00,20.5,96,19.9,0.90,993.9,14.5,0.0
2025-05-06T11:00,20.5,96,19.9,8.20,994.8,14.1,1.0
2025-05-06T12:00,20.5,98,20.2,1.80,995.3,15.8,0.0
2025-05-06T13:00,21.5,97,20.9,2.80,995.3,7.7,0.0
2025-05-06T14:00,21.6,98,21.2,2.60,996.0,9.4,0.0
2025-05-06T15:00,21.7,98,21.3,2.20,995.2,14.1,0.0
2025-05-06T16:00,21.6,96,21.0,5.60,994.8,13.6,1.0
2025-05-06T17:00,21.5,97,21.0,3.70,993.8,16.7,13.0
2025-05-06T18:00,21.6,93,20.5,1.40,992.9,16.4,14.0
2025-05-06T19:00,22.2,91,20.6,0.50,992.1,19.0,103.0
2025-05-06T20:00,21.9,94,21.0,3.00,992.1,18.7,111.0
2025-05-06T21:00,21.5,97,21.0,1.90,992.1,15.8,10.0
2025-05-06T22:00,21.7,96,21.0,0.10,992.1,19.2,0.0
2025-05-06T23:00,21.5,95,20.7,0.00,992.0,18.8,0.0
2025-05-07T00:00,21.2,95,20.5,0.10,992.6,17.0,0.0
2025-05-07T01:00,20.9,97,20.4,0.40,993.0,20.6,0.0
2025-05-07T02:00,20.8,97,20.2,0.30,992.8,20.4,0.0
2025-05-07T03:00,20.9,96,20.2,0.70,992.9,16.7,0.0
2025-05-07T04:00,20.8,97,20.2,0.90,992.4,16.6,0.0
2025-05-07T05:00,20.9,94,20.0,0.30,991.4,18.1,0.0
2025-05-07T06:00,20.5,94,19.5,0.10,991.2,16.3,0.0
2025-05-07T07:00,20.5,93,19.3,0.00,990.8,17.1,0.0
2025-05-07T08:00,20.5,91,19.0,0.00,990.4,17.9,0.0
2025-05-07T09:00,20.4,89,18.5,0.00,990.5,18.6,0.0
2025-05-07T10:00,20.5,86,18.1,0.00,991.1,16.2,0.0
2025-05-07T11:00,20.8,83,17.9,0.00,991.6,17.0,2.0
2025-05-07T12:00,21.6,80,18.0,0.00,991.9,20.1,12.0
2025-05-07T13:00,23.2,81,19.7,0.90,992.9,22.9,219.0
2025-05-07T14:00,23.7,80,20.0,0.40,992.7,20.9,246.0
2025-05-07T15:00,24.1,78,20.1,0.00,992.3,21.6,239.0
2025-05-07T16:00,25.4,73,20.2,0.00,991.4,22.4,281.0
2025-05-07T17:00,26.2,69,20.2,0.00,990.4,24.7,462.0
2025-05-07T18:00,26.2,70,20.2,0.00,989.4,23.1,334.0
2025-05-07T19:00,26.0,71,20.4,0.00,989.1,20.6,355.0
2025-05-07T20:00,25.5,73,20.5,0.00,989.1,17.5,214.0
2025-05-07T21:00,24.6,76,20.0,0.00,989.0,15.5,53.0
2025-05-07T22:00,24.2,76,19.8,0.00,989.4,15.2,0.0
2025-05-07T23:00,24.0,75,19.4,0.00,989.8,17.4,0.0
2025-05-08T00:00,23.7,76,19.2,0.00,990.0,19.2,0.0
2025-05-08T01:00,23.2,80,19.6,0.00,990.9,17.8,0.0
2025-05-08T02:00,23.1,80,19.5,0.00,990.9,19.1,0.0
2025-05-08T03:00,23.0,80,19.5,0.00,990.7,19.6,0.0
2025-05-08T04:00,23.0,81,19.6,0.00,990.8,19.1,0.0
2025-05-08T05:00,23.0,81,19.6,0.00,990.2,20.2,0.0
2025-05-08T06:00,22.9,81,19.5,0.00,990.6,19.7,0.0
2025-05-08T07:00,23.0,80,19.4,0.00,989.5,23.1,0.0
2025-05-08T08:00,23.1,79,19.2,0.00,989.7,23.1,0.0
2025-05-08T09:00,23.0,78,19.0,0.00,989.6,21.5,0.0
2025-05-08T10:00,22.8,79,18.9,0.00,990.5,20.1,0.0
2025-05-08T11:00,23.0,79,19.0,0.00,990.7,22.8,6.0
2025-05-08T12:00,24.1,76,19.7,0.00,991.0,22.6,100.0
2025-05-08T13:00,26.0,74,21.0,0.00,991.2,19.5,295.0
2025-05-08T14:00,27.0,71,21.5,0.00,990.8,20.4,304.0
2025-05-08T15:00,28.4,67,21.8,0.00,989.8,25.2,542.0
2025-05-08T16:00,29.1,66,22.1,0.00,988.9,25.6,597.0
2025-05-08T17:00,29.6,65,22.2,0.00,987.9,25.4,584.0
2025-05-08T18:00,29.8,64,22.1,0.00,987.0,24.5,500.0
2025-05-08T19:00,29.4,66,22.3,0.00,986.8,23.2,254.0
2025-05-08T20:00,28.5,71,22.7,0.00,987.4,14.5,118.0
2025-05-08T21:00,27.4,74,22.3,0.00,987.5,11.3,40.0
2025-05-08T22:00,26.6,75,21.9,0.00,987.3,15.2,0.0
2025-05-08T23:00,26.4,76,21.7,0.00,987.1,16.9,0.0
2025-05-09T00:00,26.2,74,21.2,0.00,987.1,18.6,0.0
2025-05-09T01:00,23.6,92,22.1,4.60,987.4,5.2,0.0
2025-05-09T02:00,22.3,98,21.9,11.20,987.2,11.9,0.0
2025-05-09T03:00,22.5,97,22.0,12.50,987.5,8.3,0.0
2025-05-09T04:00,22.5,97,22.0,9.40,986.9,10.6,0.0
2025-05-09T05:00,22.5,96,21.8,2.00,987.5,6.5,0.0
2025-05-09T06:00,21.9,98,21.5,8.80,987.6,7.0,0.0
2025-05-09T07:00,21.8,98,21.5,4.30,987.3,8.6,0.0
2025-05-09T08:00,21.6,98,21.3,5.80,986.6,3.4,0.0
2025-05-09T09:00,21.5,98,21.2,2.00,986.4,4.5,0.0
2025-05-09T10:00,21.4,99,21.2,7.50,986.8,4.5,0.0
2025-05-09T11:00,21.4,98,21.0,13.70,987.1,4.9,0.0
2025-05-09T12:00,21.2,98,21.0,9.30,987.7,11.3,0.0
2025-05-09T13:00,19.2,99,19.1,18.50,989.1,9.3,0.0
2025-05-09T14:00,19.0,98,18.7,6.10,989.7,17.3,0.0
2025-05-09T15:00,19.5,95,18.6,4.30,989.8,16.6,16.0
2025-05-09T16:00,20.4,90,18.7,0.10,989.9,16.9,76.0
2025-05-09T17:00,22.4,78,18.4,0.00,990.2,17.3,280.0
2025-05-09T18:00,22.2,79,18.4,0.00,991.2,13.4,30.0
2025-05-09T19:00,23.1,76,18.5,0.00,991.8,21.1,242.0
2025-05-09T20:00,22.8,76,18.4,0.00,992.7,17.4,141.0
2025-05-09T21:00,21.5,82,18.2,0.00,993.7,13.0,57.0
2025-05-09T22:00,21.0,85,18.4,0.00,994.8,12.9,0.0
2025-05-09T23:00,20.6,88,18.6,0.00,995.5,12.8,0.0
2025-05-10T00:00,20.0,92,18.6,0.00,995.8,12.7,0.0
2025-05-10T01:00,18.2,97,17.8,0.00,996.4,10.4,0.0
2025-05-10T02:00,17.9,98,17.5,0.00,997.3,9.0,0.0
2025-05-10T03:00,17.7,99,17.5,0.00,997.7,9.2,0.0
2025-05-10T04:00,17.5,99,17.4,0.00,997.9,8.0,0.0
2025-05-10T05:00,17.4,100,17.4,0.00,998.0,7.8,0.0
2025-05-10T06:00,18.0,100,18.0,0.00,997.8,7.5,0.0
2025-05-10T07:00,18.2,99,18.0,0.00,997.8,7.3,0.0
2025-05-10T08:00,18.2,99,18.1,0.00,998.2,8.7,0.0
2025-05-10T09:00,18.2,99,18.0,0.00,998.8,11.2,0.0
2025-05-10T10:00,18.2,97,17.8,0.00,999.9,11.7,0.0
2025-05-10T11:00,18.4,95,17.6,0.00,1001.0,11.4,0.0
2025-05-10T12:00,19.1,90,17.5,0.10,1002.0,12.5,24.0
2025-05-10T13:00,20.6,85,18.0,0.10,1003.0,12.1,129.0
2025-05-10T14:00,21.9,78,17.8,0.10,1003.5,13.2,270.0
2025-05-10T15:00,22.9,71,17.4,0.00,1003.7,13.2,477.0
2025-05-10T16:00,23.4,68,17.0,0.00,1003.2,12.3,466.0
2025-05-10T17:00,23.2,67,16.8,0.00,1002.7,12.0,501.0
2025-05-10T18:00,23.2,68,17.0,0.00,1002.5,11.3,460.0
2025-05-10T19:00,22.8,68,16.7,0.00,1002.0,11.2,376.0
2025-05-10T20:00,22.1,71,16.6,0.00,1002.5,9.7,218.0
2025-05-10T21:00,20.0,81,16.6,0.00,1002.4,6.1,62.0
2025-05-10T22:00,18.3,88,16.2,0.00,1002.5,6.3,0.0
2025-05-10T23:00,17.5,90,15.9,0.00,1002.8,6.3,0.0
2025-05-11T00:00,17.6,89,15.8,0.00,1003.1,8.6,0.0
2025-05-11T01:00,17.6,90,15.9,0.00,1003.7,9.6,0.0
2025-05-11T02:00,17.2,91,15.8,0.00,1003.9,9.4,0.0
2025-05-11T03:00,16.8,92,15.5,0.00,1004.1,9.5,0.0
2025-05-11T04:00,16.3,92,15.0,0.00,1004.0,9.2,0.0
2025-05-11T05:00,15.8,91,14.3,0.00,1003.6,8.7,0.0
2025-05-11T06:00,15.2,91,13.8,0.00,1003.5,8.2,0.0
2025-05-11T07:00,14.9,91,13.4,0.00,1003.1,8.1,0.0
2025-05-11T08:00,14.7,91,13.2,0.00,1003.2,8.6,0.0
2025-05-11T09:00,14.5,91,13.1,0.00,1003.1,9.4,0.0
2025-05-11T10:00,14.4,92,13.1,0.00,1003.9,10.6,0.0
2025-05-11T11:00,14.9,92,13.6,0.00,1004.8,11.3,16.0
2025-05-11T12:00,17.1,89,15.4,0.00,1005.8,10.8,148.0
2025-05-11T13:00,18.8,83,15.8,0.00,1006.3,9.9,327.0
2025-05-11T14:00,20.8,71,15.3,0.00,1006.4,11.8,482.0
2025-05-11T15:00,22.1,59,13.6,0.00,1006.1,14.0,588.0
2025-05-11T16:00,22.9,53,12.7,0.00,1005.3,13.7,634.0
2025-05-11T17:00,23.2,52,12.9,0.00,1004.4,12.4,614.0
2025-05-11T18:00,23.2,51,12.6,0.00,1003.7,12.4,532.0
2025-05-11T19:00,22.8,51,12.2,0.00,1003.3,13.3,397.0
2025-05-11T20:00,21.5,60,13.4,0.00,1003.0,13.0,227.0
2025-05-11T21:00,19.4,68,13.3,0.00,1002.7,12.8,61.0
2025-05-11T22:00,18.1,73,13.1,0.00,1002.4,11.9,0.0
2025-05-11T23:00,17.7,73,12.8,0.00,1002.4,11.5,0.0
2025-05-12T00:00,17.5,71,12.1,0.00,1002.6,15.0,0.0
2025-05-12T01:00,17.0,74,12.3,0.00,1002.5,15.0,0.0
2025-05-12T02:00,16.5,77,12.4,0.00,1002.5,13.5,0.0
2025-05-12T03:00,15.8,81,12.6,0.00,1002.4,12.5,0.0
2025-05-12T04:00,15.3,84,12.6,0.00,1002.0,11.9,0.0
2025-05-12T05:00,14.8,86,12.4,0.00,1001.7,11.6,0.0
2025-05-12T06:00,14.2,87,12.1,0.00,1001.1,11.1,0.0
2025-05-12T07:00,13.8,87,11.6,0.00,1000.3,11.2,0.0
2025-05-12T08:00,13.2,87,11.2,0.00,1000.0,10.8,0.0
2025-05-12T09:00,12.9,88,10.9,0.00,1000.0,10.6,0.0
2025-05-12T10:00,12.6,89,10.8,0.00,1000.7,9.9,0.0
2025-05-12T11:00,13.1,87,10.9,0.00,1001.5,10.4,16.0
2025-05-12T12:00,15.4,82,12.4,0.00,1002.5,11.6,146.0
2025-05-12T13:00,17.5,73,12.7,0.00,1002.7,13.2,325.0
2025-05-12T14:00,19.5,69,13.6,0.00,1002.6,13.8,478.0
2025-05-12T15:00,21.2,68,15.0,0.00,1002.5,13.5,581.0
2025-05-12T16:00,22.6,66,16.0,0.00,1001.5,12.2,625.0
2025-05-12T17:00,23.7,65,16.7,0.00,1000.7,10.8,605.0
2025-05-12T18:00,24.2,63,16.8,0.00,999.9,9.9,524.0
2025-05-12T19:00,24.2,61,16.2,0.00,999.5,8.5,391.0
2025-05-12T20:00,23.6,67,17.1,0.00,999.3,6.1,222.0
2025-05-12T21:00,20.9,76,16.5,0.00,998.8,6.1,58.0
2025-05-12T22:00,19.5,80,16.0,0.00,998.7,7.1,0.0
2025-05-12T23:00,18.9,81,15.5,0.00,998.8,8.7,0.0
2025-05-13T00:00,18.5,80,14.9,0.00,999.2,9.0,0.0
2025-05-13T01:00,18.2,79,14.4,0.00,998.8,10.3,0.0
2025-05-13T02:00,17.6,80,14.1,0.00,998.7,11.2,0.0
2025-05-13T03:00,17.1,83,14.2,0.00,998.8,10.9,0.0
2025-05-13T04:00,16.6,88,14.6,0.00,998.6,9.6,0.0
2025-05-13T05:00,16.4,89,14.6,0.00,998.5,8.6,0.0
2025-05-13T06:00,16.2,90,14.6,0.00,998.2,8.4,0.0
2025-05-13T07:00,15.8,91,14.2,0.00,997.8,7.6,0.0
2025-05-13T08:00,15.6,91,14.1,0.00,997.7,8.5,0.0
2025-05-13T09:00,15.2,91,13.9,0.00,997.9,8.6,0.0
2025-05-13T10:00,15.1,91,13.6,0.00,998.7,9.3,0.0
2025-05-13T11:00,15.9,88,13.9,0.00,999.3,10.9,12.0
2025-05-13T12:00,18.1,85,15.5,0.00,1000.0,11.4,58.0
2025-05-13T13:00,19.9,80,16.4,0.00,1000.1,11.4,178.0
2025-05-13T14:00,21.9,77,17.6,0.00,1000.2,12.0,331.0
2025-05-13T15:00,23.8,74,18.8,0.00,999.7,12.5,495.0
2025-05-13T16:00,25.1,71,19.5,0.00,998.7,12.8,579.0
2025-05-13T17:00,26.0,67,19.3,0.00,997.9,12.0,591.0
2025-05-13T18:00,26.4,61,18.2,0.00,997.1,14.6,505.0
2025-05-13T19:00,26.2,61,18.2,0.00,996.7,12.8,288.0
2025-05-13T20:00,25.4,68,19.1,0.00,996.2,9.2,170.0
2025-05-13T21:00,23.1,76,18.8,0.00,995.9,9.4,53.0
2025-05-13T22:00,21.9,81,18.5,0.00,996.1,9.6,0.0
2025-05-13T23:00,21.0,85,18.3,0.00,996.4,7.4,0.0
2025-05-14T00:00,20.5,86,18.1,0.00,996.8,8.0,0.0
2025-05-14T01:00,21.5,84,18.8,0.00,996.7,13.1,0.0
2025-05-14T02:00,20.9,88,18.8,0.00,996.4,13.4,0.0
2025-05-14T03:00,20.4,91,18.8,0.00,996.4,14.1,0.0
2025-05-14T04:00,20.0,91,18.5,0.00,996.4,15.0,0.0
2025-05-14T05:00,19.8,92,18.5,0.00,995.9,16.1,0.0
2025-05-14T06:00,19.7,93,18.5,0.00,995.7,15.7,0.0
2025-05-14T07:00,19.6,93,18.5,0.00,995.9,13.6,0.0
2025-05-14T08:00,19.4,94,18.4,0.00,996.3,11.4,0.0
2025-05-14T09:00,19.2,95,18.3,0.00,997.0,10.8,0.0
2025-05-14T10:00,19.1,95,18.2,0.00,997.9,11.2,0.0
2025-05-14T11:00,19.5,95,18.6,0.00,998.8,13.4,13.0
2025-05-14T12:00,21.1,92,19.7,0.00,999.5,14.5,131.0
2025-05-14T13:00,23.0,83,20.0,0.00,999.8,15.4,301.0
2025-05-14T14:00,24.6,77,20.2,0.00,1000.0,17.1,449.0
2025-05-14T15:00,25.9,72,20.4,0.00,999.6,17.4,554.0
2025-05-14T16:00,26.9,68,20.5,0.00,999.2,16.0,600.0
2025-05-14T17:00,27.5,66,20.5,0.00,998.5,14.7,584.0
2025-05-14T18:00,27.8,64,20.2,0.00,997.9,13.2,507.0
2025-05-14T19:00,27.5,64,20.0,0.00,997.6,11.4,344.0
2025-05-14T20:00,26.7,70,20.8,0.00,997.6,8.9,182.0
2025-05-14T21:00,24.5,77,20.2,0.00,997.4,8.6,52.0
2025-05-14T22:00,23.5,78,19.5,0.00,997.8,10.2,0.0
2025-05-14T23:00,22.9,78,18.9,0.00,998.2,10.2,0.0
2025-05-15T00:00,22.3,79,18.5,0.00,998.6,11.9,0.0
2025-05-15T01:00,21.9,81,18.5,0.00,999.2,11.7,0.0
2025-05-15T02:00,21.3,84,18.4,0.00,999.4,11.2,0.0
2025-05-15T03:00,20.8,85,18.2,0.00,999.4,11.9,0.0
2025-05-15T04:00,20.5,86,18.0,0.00,999.0,12.7,0.0
2025-05-15T05:00,20.1,86,17.8,0.00,998.6,12.6,0.0
2025-05-15T06:00,19.8,87,17.5,0.00,998.2,11.6,0.0
2025-05-15T07:00,19.5,88,17.4,0.00,998.2,11.7,0.0
2025-05-15T08:00,19.2,88,17.1,0.00,998.0,12.7,0.0
2025-05-15T09:00,19.0,87,16.8,0.00,997.9,12.4,0.0
2025-05-15T10:00,18.7,87,16.5,0.00,998.4,12.5,0.0
2025-05-15T11:00,18.9,86,16.5,0.00,998.9,14.3,11.0
2025-05-15T12:00,20.5,83,17.5,0.00,999.6,15.6,121.0
2025-05-15T13:00,22.9,74,18.0,0.00,1000.1,16.4,302.0
2025-05-15T14:00,24.2,69,18.0,0.00,999.9,18.1,452.0
2025-05-15T15:00,25.4,65,18.2,0.00,999.4,17.8,555.0
2025-05-15T16:00,26.5,60,18.0,0.00,998.5,19.3,602.0
2025-05-15T17:00,26.9,53,16.6,0.00,997.6,21.0,588.0
2025-05-15T18:00,26.8,51,15.9,0.00,996.9,19.9,510.0
2025-05-15T19:00,26.4,54,16.2,0.00,996.4,16.1,380.0
2025-05-15T20:00,25.1,58,16.2,0.00,996.1,13.1,215.0
2025-05-15T21:00,23.0,62,15.4,0.00,996.0,10.9,39.0
2025-05-15T22:00,22.2,61,14.4,0.00,996.0,13.3,0.0
2025-05-15T23:00,21.5,61,13.6,0.00,996.4,14.9,0.0
2025-05-16T00:00,20.7,63,13.4,0.00,996.7,14.8,0.0
2025-05-16T01:00,20.2,68,14.1,0.00,997.0,14.6,0.0
2025-05-16T02:00,19.8,67,13.5,0.00,997.3,13.8,0.0
2025-05-16T03:00,19.0,69,13.2,0.00,997.6,12.5,0.0
2025-05-16T04:00,18.6,71,13.1,0.00,997.5,11.7,0.0
2025-05-16T05:00,18.2,72,13.1,0.00,997.4,11.6,0.0
2025-05-16T06:00,17.9,74,13.1,0.00,997.1,12.2,0.0
2025-05-16T07:00,17.5,75,13.0,0.00,996.9,12.6,0.0
2025-05-16T08:00,17.0,76,12.9,0.00,996.8,11.7,0.0
2025-05-16T09:00,16.9,77,12.8,0.00,997.0,11.5,0.0
2025-05-16T10:00,16.7,78,12.8,0.00,997.6,12.1,0.0
2025-05-16T11:00,17.0,79,13.3,0.00,998.1,13.1,3.0
2025-05-16T12:00,18.5,80,15.0,0.00,998.7,14.4,91.0
2025-05-16T13:00,20.6,75,16.1,0.00,998.9,13.5,175.0
2025-05-16T14:00,22.2,72,16.9,0.00,998.9,14.2,190.0
2025-05-16T15:00,23.7,68,17.5,0.00,998.3,14.4,270.0
2025-05-16T16:00,24.6,67,18.1,0.00,997.3,13.7,170.0
2025-05-16T17:00,25.5,66,18.7,0.00,996.2,14.0,194.0
2025-05-16T18:00,26.2,64,18.8,0.00,995.6,13.8,317.0
2025-05-16T19:00,26.0,66,19.0,0.00,995.1,11.8,136.0
2025-05-16T20:00,24.8,72,19.4,0.00,994.7,9.9,27.0
2025-05-16T21:00,23.3,75,18.7,0.00,994.5,10.0,6.0
2025-05-16T22:00,22.4,77,18.2,0.00,994.4,10.8,0.0
2025-05-16T23:00,21.6,78,17.6,0.00,994.7,12.0,0.0
2025-05-17T00:00,21.2,76,17.0,0.00,995.0,13.2,0.0
2025-05-17T01:00,21.1,76,16.7,0.00,995.5,13.1,0.0
2025-05-17T02:00,20.7,79,16.9,0.00,995.7,13.9,0.0
2025-05-17T03:00,20.5,81,17.1,0.00,995.8,14.6,0.0
2025-05-17T04:00,20.0,83,17.1,0.00,995.8,14.7,0.0
2025-05-17T05:00,19.8,85,17.1,0.00,995.2,14.7,0.0
2025-05-17T06:00,19.6,86,17.1,0.00,994.4,14.8,0.0
2025-05-17T07:00,19.4,87,17.2,0.00,994.0,14.2,0.0
2025-05-17T08:00,19.1,89,17.2,0.00,993.5,14.5,0.0
2025-05-17T09:00,19.1,89,17.3,0.00,993.1,16.7,0.0
2025-05-17T10:00,19.3,88,17.4,0.00,993.5,17.6,0.0
2025-05-17T11:00,19.8,86,17.5,0.00,994.2,18.9,10.0
2025-05-17T12:00,21.5,83,18.4,0.00,995.0,16.7,127.0
2025-05-17T13:00,23.2,78,19.2,0.00,994.8,19.8,294.0
2025-05-17T14:00,24.8,73,19.6,0.00,994.9,20.9,388.0
2025-05-17T15:00,26.1,69,20.0,0.00,993.9,21.5,477.0
2025-05-17T16:00,27.1,66,20.2,0.00,993.1,21.4,516.0
2025-05-17T17:00,27.8,64,20.2,0.00,991.9,20.8,482.0
2025-05-17T18:00,28.0,61,19.8,0.00,991.0,21.4,437.0
2025-05-17T19:00,27.8,62,19.8,0.00,990.3,19.7,280.0
2025-05-17T20:00,27.0,63,19.2,0.00,989.8,16.9,184.0
2025-05-17T21:00,25.3,66,18.5,0.00,989.7,14.3,38.0
2025-05-17T22:00,24.3,68,18.0,0.00,989.7,15.6,0.0
2025-05-17T23:00,23.9,71,18.2,0.00,989.6,19.6,0.0
2025-05-18T00:00,23.9,70,18.1,0.00,989.7,21.8,0.0
2025-05-18T01:00,23.8,73,18.7,0.00,990.4,21.6,0.0
2025-05-18T02:00,23.3,74,18.4,0.00,990.4,21.4,0.0
2025-05-18T03:00,23.0,74,18.2,0.00,990.6,20.9,0.0
2025-05-18T04:00,22.9,76,18.4,0.00,990.3,21.3,0.0
2025-05-18T05:00,22.9,75,18.2,0.00,989.9,22.8,0.0
2025-05-18T06:00,22.9,74,18.0,0.00,989.6,22.8,0.0
2025-05-18T07:00,22.5,75,17.9,0.00,990.1,16.9,0.0
2025-05-18T08:00,22.1,77,17.8,0.00,990.3,17.6,0.0
2025-05-18T09:00,21.6,79,17.8,0.00,991.7,9.1,0.0
2025-05-18T10:00,20.3,89,18.5,0.70,993.9,13.3,0.0
2025-05-18T11:00,19.7,95,19.0,1.00,992.9,16.4,0.0
2025-05-18T12:00,20.2,93,19.0,1.40,991.8,29.2,0.0
2025-05-18T13:00,24.7,69,18.6,0.10,992.3,26.3,156.0
2025-05-18T14:00,24.2,73,19.1,1.70,994.4,18.6,11.0
2025-05-18T15:00,22.0,94,21.0,6.00,995.2,15.3,51.0
2025-05-18T16:00,20.8,96,20.0,3.70,995.1,17.0,0.0
2025-05-18T17:00,22.0,93,20.8,1.20,993.7,10.8,51.0
2025-05-18T18:00,22.8,90,21.1,0.00,993.9,6.7,46.0
2025-05-18T19:00,23.3,86,20.9,0.00,993.5,7.0,132.0
2025-05-18T20:00,23.2,85,20.6,0.00,994.0,1.0,81.0
2025-05-18T21:00,21.9,92,20.5,0.00,994.0,2.7,17.0
2025-05-18T22:00,20.6,95,19.9,0.00,994.6,1.5,0.0
2025-05-18T23:00,20.0,99,19.9,0.00,995.2,6.7,0.0
2025-05-19T00:00,20.1,99,20.0,0.10,995.7,11.0,0.0
2025-05-19T01:00,17.0,100,17.0,0.00,996.2,4.3,0.0
2025-05-19T02:00,17.1,99,17.0,0.00,996.5,7.0,0.0
2025-05-19T03:00,17.0,99,17.0,0.00,996.9,5.4,0.0
2025-05-19T04:00,17.0,100,16.9,0.00,996.8,5.8,0.0
2025-05-19T05:00,16.9,99,16.8,0.00,996.6,7.7,0.0
2025-05-19T06:00,16.8,99,16.6,0.00,996.2,8.5,0.0
2025-05-19T07:00,16.5,100,16.5,0.00,995.6,9.6,0.0
2025-05-19T08:00,16.3,100,16.2,0.00,995.1,10.3,0.0
2025-05-19T09:00,16.1,99,16.0,0.00,995.1,10.3,0.0
2025-05-19T10:00,16.0,99,15.9,0.00,995.6,9.8,0.0
2025-05-19T11:00,16.0,99,15.9,0.00,996.1,10.3,1.0
2025-05-19T12:00,16.5,98,16.2,0.00,996.7,11.8,2.0
2025-05-19T13:00,17.8,93,16.6,0.00,997.3,11.3,53.0
2025-05-19T14:00,19.2,88,17.2,0.00,997.5,11.1,82.0
2025-05-19T15:00,21.1,82,17.9,0.00,996.9,10.9,169.0
2025-05-19T16:00,22.7,77,18.5,0.00,996.4,6.4,428.0
2025-05-19T17:00,23.9,73,18.8,0.00,995.7,3.9,538.0
2025-05-19T18:00,24.5,71,19.0,0.00,995.1,2.9,403.0
2025-05-19T19:00,24.8,70,19.0,0.00,995.0,3.5,254.0
2025-05-19T20:00,24.5,73,19.2,0.00,995.0,5.2,159.0
2025-05-19T21:00,22.4,83,19.5,0.00,994.9,5.1,44.0
2025-05-19T22:00,21.3,88,19.1,0.00,995.3,5.9,0.0
2025-05-19T23:00,20.9,90,19.1,0.00,995.5,6.0,0.0
2025-05-20T00:00,21.0,89,19.1,0.00,996.1,7.3,0.0
2025-05-20T01:00,20.5,91,19.1,0.00,996.7,5.6,0.0
2025-05-20T02:00,20.2,96,19.6,1.20,997.1,6.4,0.0
2025-05-20T03:00,20.1,98,19.9,0.20,997.3,8.7,0.0
2025-05-20T04:00,19.9,99,19.8,0.10,997.1,7.2,0.0
2025-05-20T05:00,19.6,99,19.5,0.00,996.7,3.1,0.0
2025-05-20T06:00,19.8,99,19.6,0.10,996.9,4.4,0.0
2025-05-20T07:00,19.4,99,19.2,0.20,996.7,6.5,0.0
2025-05-20T08:00,19.5,99,19.4,0.10,996.4,4.9,0.0
2025-05-20T09:00,19.5,99,19.4,0.00,996.6,3.6,0.0
2025-05-20T10:00,19.6,99,19.5,0.10,997.5,8.3,0.0
2025-05-20T11:00,19.7,99,19.5,0.00,998.1,9.4,0.0
2025-05-20T12:00,20.3,95,19.5,0.00,998.5,10.5,0.0
2025-05-20T13:00,20.5,93,19.3,0.00,999.2,14.7,0.0
2025-05-20T14:00,21.3,89,19.4,0.00,999.6,13.4,3.0
2025-05-20T15:00,22.4,83,19.2,0.00,998.9,14.8,27.0
2025-05-20T16:00,23.5,78,19.4,0.10,998.5,14.4,85.0
2025-05-20T17:00,23.5,77,19.2,0.00,997.7,12.9,55.0
2025-05-20T18:00,24.3,74,19.3,0.00,997.0,12.9,359.0
2025-05-20T19:00,24.0,74,19.1,0.00,996.9,13.0,243.0
2025-05-20T20:00,23.4,77,19.1,0.00,997.0,13.2,128.0
2025-05-20T21:00,21.9,82,18.6,0.00,997.0,12.8,42.0
2025-05-20T22:00,20.9,85,18.3,0.00,997.3,11.6,0.0
2025-05-20T23:00,20.6,86,18.1,0.00,997.9,11.7,0.0
2025-05-21T00:00,20.2,86,17.9,0.00,998.1,13.5,0.0
2025-05-21T01:00,20.2,87,18.0,0.00,998.5,15.0,0.0
2025-05-21T02:00,19.8,90,18.0,0.00,998.6,16.6,0.0
2025-05-21T03:00,19.5,89,17.6,0.00,998.9,16.9,0.0
2025-05-21T04:00,19.5,87,17.2,0.00,998.9,17.0,0.0
2025-05-21T05:00,19.2,86,16.8,0.00,998.4,16.7,0.0
2025-05-21T06:00,18.9,86,16.5,0.00,998.0,15.0,0.0
2025-05-21T07:00,18.6,87,16.4,0.00,997.5,14.9,0.0
2025-05-21T08:00,18.4,87,16.2,0.00,997.2,14.0,0.0
2025-05-21T09:00,18.0,89,16.1,0.00,997.5,13.0,0.0
2025-05-21T10:00,17.6,90,16.0,0.20,998.0,14.0,0.0
2025-05-21T11:00,17.4,94,16.4,1.10,998.0,13.1,5.0
2025-05-21T12:00,17.9,96,17.2,0.50,998.6,11.5,23.0
2025-05-21T13:00,20.2,85,17.5,0.00,999.3,12.5,201.0
2025-05-21T14:00,20.9,84,18.1,0.10,999.6,9.8,84.0
2025-05-21T15:00,20.0,91,18.5,6.60,999.1,9.2,53.0
2025-05-21T16:00,21.1,90,19.5,1.70,998.4,10.1,261.0
2025-05-21T17:00,22.2,83,19.2,0.10,997.8,8.5,231.0
2025-05-21T18:00,22.1,82,19.0,0.00,997.0,12.6,35.0
2025-05-21T19:00,22.0,80,18.4,0.00,996.6,12.4,7.0
2025-05-21T20:00,21.6,81,18.1,0.00,996.8,12.5,13.0
2025-05-21T21:00,21.0,82,17.9,0.00,997.0,12.0,4.0
2025-05-21T22:00,20.5,84,17.6,0.00,997.2,12.7,0.0
2025-05-21T23:00,19.9,86,17.5,0.00,997.6,10.0,0.0
2025-05-22T00:00,19.6,88,17.6,0.20,997.7,12.1,0.0
2025-05-22T01:00,19.4,97,18.9,1.70,998.3,14.0,0.0
2025-05-22T02:00,19.1,96,18.5,1.00,997.9,19.0,0.0
2025-05-22T03:00,18.6,97,18.0,1.40,997.9,16.8,0.0
2025-05-22T04:00,18.2,97,17.7,0.00,997.8,15.7,0.0
2025-05-22T05:00,18.1,97,17.5,0.90,997.8,12.6,0.0
2025-05-22T06:00,17.9,97,17.4,0.10,997.1,15.9,0.0
2025-05-22T07:00,17.4,98,17.0,0.00,997.5,13.9,0.0
2025-05-22T08:00,17.2,97,16.8,0.70,997.6,12.7,0.0
2025-05-22T09:00,16.9,97,16.4,1.40,997.9,19.0,0.0
2025-05-22T10:00,16.4,98,16.0,3.00,998.7,13.5,0.0
2025-05-22T11:00,16.5,97,15.9,0.70,999.2,15.2,0.0
2025-05-22T12:00,16.9,96,16.2,0.20,999.8,13.0,20.0
2025-05-22T13:00,18.0,93,16.9,0.10,1000.3,17.8,104.0
2025-05-22T14:00,18.9,89,17.0,0.10,1000.7,14.5,122.0
2025-05-22T15:00,19.9,84,17.1,0.00,1000.0,16.4,261.0
2025-05-22T16:00,20.4,83,17.4,0.00,999.5,13.1,172.0
2025-05-22T17:00,20.8,82,17.5,0.00,999.0,11.5,91.0
2025-05-22T18:00,21.8,78,17.8,0.00,998.4,13.5,272.0
2025-05-22T19:00,22.0,74,17.2,0.00,998.2,14.7,334.0
2025-05-22T20:00,21.2,75,16.5,0.00,998.1,14.7,182.0
2025-05-22T21:00,19.8,77,15.6,0.00,998.3,13.2,45.0
2025-05-22T22:00,18.9,76,14.5,0.00,998.5,13.8,0.0
2025-05-22T23:00,18.2,74,13.6,0.00,999.2,15.3,0.0
2025-05-23T00:00,17.7,70,12.1,0.00,999.6,16.8,0.0
2025-05-23T01:00,17.3,72,12.3,0.00,999.5,17.5,0.0
2025-05-23T02:00,16.9,73,12.1,0.00,999.6,14.8,0.0
2025-05-23T03:00,16.2,75,11.9,0.00,999.7,12.6,0.0
2025-05-23T04:00,15.8,77,11.7,0.00,999.5,12.4,0.0
2025-05-23T05:00,15.4,78,11.6,0.00,999.1,12.9,0.0
2025-05-23T06:00,15.0,80,11.6,0.00,998.9,13.8,0.0
2025-05-23T07:00,14.8,82,11.8,0.00,998.8,13.0,0.0
2025-05-23T08:00,14.6,83,11.8,0.00,998.6,13.6,0.0
2025-05-23T09:00,14.5,84,11.8,0.00,998.7,13.6,0.0
2025-05-23T10:00,14.4,84,11.8,0.00,999.4,13.0,0.0
2025-05-23T11:00,14.6,85,12.1,0.00,999.9,14.1,7.0
2025-05-23T12:00,15.8,84,13.0,0.00,1000.3,13.5,47.0
2025-05-23T13:00,16.3,86,13.9,0.00,1000.7,13.7,12.0
2025-05-23T14:00,18.2,84,15.4,0.00,1000.5,15.2,226.0
2025-05-23T15:00,19.6,82,16.4,0.00,1000.0,13.6,206.0
2025-05-23T16:00,20.8,81,17.3,0.00,999.3,13.7,218.0
2025-05-23T17:00,22.4,72,17.1,0.20,998.0,15.9,33.0
2025-05-23T18:00,23.0,71,17.5,0.10,997.3,13.5,64.0
2025-05-23T19:00,22.6,78,18.6,1.00,997.1,5.9,46.0
2025-05-23T20:00,22.2,82,19.0,0.00,996.7,10.0,28.0
2025-05-23T21:00,20.8,88,18.8,0.10,996.5,5.9,23.0
2025-05-23T22:00,20.0,92,18.6,0.10,996.7,6.5,0.0
2025-05-23T23:00,19.2,94,18.2,0.10,997.2,4.7,0.0
2025-05-24T00:00,19.0,97,18.5,1.60,997.8,7.6,0.0
2025-05-24T01:00,19.0,96,18.4,0.10,997.6,14.9,0.0
2025-05-24T02:00,18.7,98,18.3,0.10,997.5,10.8,0.0
2025-05-24T03:00,18.8,97,18.2,0.00,997.1,15.1,0.0
2025-05-24T04:00,18.6,97,18.1,0.00,996.6,13.9,0.0
2025-05-24T05:00,18.5,97,18.0,0.10,996.1,13.2,0.0
2025-05-24T06:00,18.5,98,18.1,0.00,996.2,13.1,0.0
2025-05-24T07:00,18.4,98,18.0,0.00,995.7,13.3,0.0
2025-05-24T08:00,18.4,97,18.0,0.00,995.9,13.9,0.0
2025-05-24T09:00,18.5,97,18.0,0.00,995.8,14.6,0.0
2025-05-24T10:00,18.4,98,18.0,0.00,996.3,14.5,0.0
2025-05-24T11:00,18.7,97,18.2,0.00,997.2,14.8,7.0
2025-05-24T12:00,20.1,96,19.5,0.00,997.5,15.5,97.0
2025-05-24T13:00,20.9,93,19.7,0.00,998.2,13.8,38.0
2025-05-24T14:00,21.7,90,20.0,0.00,998.2,12.7,15.0
2025-05-24T15:00,23.3,83,20.3,0.00,997.6,15.3,62.0
2025-05-24T16:00,25.1,75,20.3,0.00,996.9,16.2,294.0
2025-05-24T17:00,25.6,71,20.0,0.00,996.2,15.7,80.0
2025-05-24T18:00,25.5,72,20.1,0.00,995.4,15.4,27.0
2025-05-24T19:00,25.8,72,20.3,0.00,995.3,14.4,187.0
2025-05-24T20:00,24.6,78,20.5,0.00,995.1,9.7,0.0
2025-05-24T21:00,23.1,83,20.1,0.00,995.5,6.5,9.0
2025-05-24T22:00,22.0,86,19.6,0.00,995.9,6.2,0.0
2025-05-24T23:00,22.2,85,19.5,0.00,996.0,9.8,0.0
2025-05-25T00:00,21.0,87,18.8,0.00,996.7,6.8,0.0
2025-05-25T01:00,21.0,88,18.8,0.00,996.8,8.6,0.0
2025-05-25T02:00,20.5,91,18.9,0.00,997.0,7.4,0.0
2025-05-25T03:00,20.6,91,19.0,0.00,996.9,9.9,0.0
2025-05-25T04:00,20.5,92,19.0,0.00,996.7,10.9,0.0
2025-05-25T05:00,20.2,92,18.9,0.00,995.9,11.6,0.0
2025-05-25T06:00,19.9,93,18.7,0.00,995.5,9.4,0.0
2025-05-25T07:00,19.5,94,18.5,0.00,995.3,10.1,0.0
2025-05-25T08:00,19.3,94,18.3,0.00,995.2,9.8,0.0
2025-05-25T09:00,19.1,93,18.0,0.00,995.2,9.4,0.0
2025-05-25T10:00,19.0,93,17.9,0.00,995.5,10.1,0.0
2025-05-25T11:00,19.2,92,17.9,0.00,996.2,11.4,5.0
2025-05-25T12:00,20.3,89,18.5,0.00,996.7,12.3,32.0
2025-05-25T13:00,22.5,83,19.4,0.00,997.2,14.3,214.0
2025-05-25T14:00,24.1,76,19.5,0.00,997.3,13.6,368.0
2025-05-25T15:00,25.4,72,20.0,0.00,996.4,14.0,340.0
2025-05-25T16:00,26.4,68,20.1,0.00,995.7,12.0,429.0
2025-05-25T17:00,26.4,69,20.2,0.00,994.8,9.7,134.0
2025-05-25T18:00,27.6,60,19.1,0.00,993.9,11.9,395.0
2025-05-25T19:00,27.2,63,19.6,0.00,993.7,11.1,241.0
2025-05-25T20:00,26.4,68,20.0,0.00,993.6,8.1,174.0
2025-05-25T21:00,24.0,76,19.5,0.00,993.5,7.0,38.0
2025-05-25T22:00,23.2,79,19.5,0.00,993.6,10.0,0.0
2025-05-25T23:00,23.0,80,19.4,0.00,993.8,10.9,0.0
2025-05-26T00:00,22.6,80,19.1,0.00,994.0,11.1,0.0
2025-05-26T01:00,24.0,73,18.8,0.00,994.5,12.5,0.0
2025-05-26T02:00,23.4,75,18.6,0.00,994.2,12.2,0.0
2025-05-26T03:00,22.4,80,18.8,0.00,993.9,14.2,0.0
2025-05-26T04:00,22.4,81,18.9,0.00,993.2,16.1,0.0
2025-05-26T05:00,21.6,84,18.8,0.00,992.5,16.2,0.0
2025-05-26T06:00,21.6,86,19.1,0.90,993.4,10.5,0.0
2025-05-26T07:00,20.6,92,19.2,1.30,993.8,10.3,0.0
2025-05-26T08:00,20.5,91,19.0,0.50,992.6,15.9,0.0
2025-05-26T09:00,20.1,90,18.5,0.00,992.5,17.6,0.0
2025-05-26T10:00,20.1,88,18.0,0.00,993.1,17.7,0.0
2025-05-26T11:00,20.4,85,17.9,0.00,993.9,16.8,6.0
2025-05-26T12:00,21.8,82,18.5,0.00,994.6,17.4,99.0
2025-05-26T13:00,23.6,77,19.4,0.00,994.0,18.2,228.0
2025-05-26T14:00,25.4,72,20.0,0.00,994.3,18.1,356.0
2025-05-26T15:00,26.5,69,20.4,0.00,993.7,18.9,346.0
2025-05-26T16:00,27.5,66,20.6,0.00,993.0,19.4,435.0
2025-05-26T17:00,28.0,65,20.6,0.00,991.8,19.0,388.0
2025-05-26T18:00,28.0,63,20.4,0.00,991.2,18.7,333.0
2025-05-26T19:00,27.6,66,20.6,0.00,990.8,17.1,218.0
2025-05-26T20:00,26.6,69,20.4,0.00,990.2,17.7,78.0
2025-05-26T21:00,25.5,71,19.7,0.00,990.0,16.5,7.0
2025-05-26T22:00,24.7,71,19.1,0.00,990.1,17.5,0.0
2025-05-26T23:00,24.2,71,18.5,0.00,989.8,20.2,0.0
2025-05-27T00:00,23.7,72,18.2,0.00,989.5,20.8,0.0
2025-05-27T01:00,23.4,73,18.4,0.00,989.3,21.8,0.0
2025-05-27T02:00,23.4,72,18.0,0.00,988.7,23.4,0.0
2025-05-27T03:00,23.3,71,17.8,0.00,988.6,20.2,0.0
2025-05-27T04:00,23.1,72,17.7,0.00,988.4,18.9,0.0
2025-05-27T05:00,22.6,74,17.8,0.20,988.5,11.0,0.0
2025-05-27T06:00,22.1,78,18.0,2.40,987.8,9.2,0.0
2025-05-27T07:00,21.5,83,18.6,0.40,987.8,8.2,0.0
2025-05-27T08:00,21.9,82,18.6,0.10,987.8,14.4,0.0
2025-05-27T09:00,21.0,86,18.6,0.30,986.1,30.4,0.0
2025-05-27T10:00,20.9,85,18.2,0.10,985.6,32.8,0.0
2025-05-27T11:00,21.0,84,18.2,0.00,987.7,25.0,0.0
2025-05-27T12:00,20.9,90,19.1,5.80,989.6,9.2,0.0
2025-05-27T13:00,24.1,70,18.2,0.00,987.2,29.9,12.0
2025-05-27T14:00,25.1,67,18.5,0.00,988.0,28.2,21.0
2025-05-27T15:00,25.3,71,19.5,0.20,988.0,26.9,14.0
2025-05-27T16:00,25.8,71,20.1,0.10,986.5,22.7,79.0
2025-05-27T17:00,25.2,74,20.3,0.10,986.7,19.8,84.0
2025-05-27T18:00,22.8,91,21.2,1.20,986.5,17.1,17.0
2025-05-27T19:00,22.6,90,21.0,0.50,986.0,18.9,5.0
2025-05-27T20:00,22.5,91,21.0,0.10,985.7,18.7,9.0
2025-05-27T21:00,20.5,97,20.0,3.30,986.9,17.8,0.0
2025-05-27T22:00,19.9,98,19.6,11.40,988.3,17.8,0.0
2025-05-27T23:00,16.5,97,16.0,1.30,989.7,27.5,0.0
2025-05-28T00:00,15.1,94,14.2,0.70,992.0,29.9,0.0
2025-05-28T01:00,14.1,96,13.5,3.90,991.0,34.4,0.0
2025-05-28T02:00,13.6,94,12.8,1.50,992.0,33.5,0.0
2025-05-28T03:00,13.2,93,12.1,0.30,993.2,33.1,0.0
2025-05-28T04:00,12.8,91,11.4,0.10,993.8,30.1,0.0
2025-05-28T05:00,12.9,86,10.7,0.10,994.7,27.0,0.0
2025-05-28T06:00,13.1,81,9.9,0.00,994.3,28.7,0.0
2025-05-28T07:00,13.1,81,9.9,0.00,994.6,30.4,0.0
2025-05-28T08:00,13.0,80,9.6,0.00,994.9,29.0,0.0
2025-05-28T09:00,12.8,79,9.3,0.10,996.0,29.1,0.0
2025-05-28T10:00,12.0,84,9.4,0.20,997.2,28.7,0.0
2025-05-28T11:00,11.1,86,8.9,0.20,998.8,31.4,0.0
2025-05-28T12:00,10.7,85,8.4,0.10,1000.0,30.6,0.0
2025-05-28T13:00,11.2,79,7.6,0.00,1001.2,32.2,166.0
2025-05-28T14:00,10.7,77,6.9,0.00,1002.5,30.0,7.0
2025-05-28T15:00,10.4,80,7.2,0.20,1002.9,26.5,7.0
2025-05-28T16:00,12.1,69,6.4,0.10,1002.9,27.9,182.0
2025-05-28T17:00,12.8,63,6.0,0.10,1002.6,25.7,464.0
2025-05-28T18:00,12.9,61,5.6,0.00,1002.3,24.9,245.0
2025-05-28T19:00,12.4,63,5.6,0.00,1002.3,22.9,57.0
2025-05-28T20:00,12.1,62,4.9,0.00,1002.8,20.6,123.0
2025-05-28T21:00,11.8,62,4.7,0.00,1003.3,15.2,0.0
2025-05-28T22:00,11.2,63,4.6,0.00,1004.0,15.2,0.0
2025-05-28T23:00,10.8,68,5.1,0.00,1004.5,12.9,0.0
2025-05-29T00:00,9.7,76,5.8,0.00,1005.1,10.4,0.0
2025-05-29T01:00,9.4,78,5.8,0.00,1005.8,10.1,0.0
2025-05-29T02:00,8.4,84,5.8,0.00,1006.0,7.4,0.0
2025-05-29T03:00,7.8,87,5.8,0.00,1006.2,5.5,0.0
2025-05-29T04:00,7.6,88,5.7,0.00,1006.1,6.4,0.0
2025-05-29T05:00,7.4,88,5.6,0.00,1005.8,7.1,0.0
2025-05-29T06:00,7.1,89,5.4,0.00,1005.4,8.7,0.0
2025-05-29T07:00,6.8,90,5.3,0.00,1005.1,9.4,0.0
2025-05-29T08:00,6.6,93,5.4,0.00,1004.7,9.2,0.0
2025-05-29T09:00,6.2,95,5.4,0.00,1004.8,8.7,0.0
2025-05-29T10:00,6.2,94,5.2,0.00,1005.5,8.7,0.0
2025-05-29T11:00,6.5,92,5.2,0.00,1006.5,10.1,5.0
2025-05-29T12:00,8.0,83,5.3,0.00,1007.2,10.2,62.0
2025-05-29T13:00,9.5,78,5.8,0.00,1007.6,8.2,274.0
2025-05-29T14:00,10.9,71,5.9,0.00,1007.8,7.1,423.0
2025-05-29T15:00,12.1,64,5.4,0.00,1007.5,8.3,526.0
2025-05-29T16:00,12.7,58,4.6,0.00,1006.7,7.9,419.0
2025-05-29T17:00,12.8,57,4.4,0.00,1006.2,7.1,184.0
2025-05-29T18:00,12.7,57,4.4,0.00,1005.6,5.8,109.0
2025-05-29T19:00,12.6,58,4.4,0.00,1005.5,4.4,49.0
2025-05-29T20:00,12.3,57,4.0,0.00,1005.1,4.0,21.0
2025-05-29T21:00,11.6,70,6.2,0.00,1004.9,2.7,6.0
2025-05-29T22:00,11.4,67,5.4,0.00,1005.1,4.0,0.0
2025-05-29T23:00,10.9,68,5.2,0.00,1005.4,5.6,0.0
2025-05-30T00:00,9.8,72,5.0,0.00,1005.4,6.2,0.0
2025-05-30T01:00,8.6,78,5.1,0.00,1005.4,6.5,0.0
2025-05-30T02:00,7.8,82,5.1,0.00,1005.2,5.4,0.0
2025-05-30T03:00,7.4,84,5.0,0.00,1005.1,5.2,0.0
2025-05-30T04:00,7.2,85,4.9,0.00,1004.7,5.2,0.0
2025-05-30T05:00,7.1,86,4.9,0.00,1004.5,5.5,0.0
2025-05-30T06:00,7.1,85,4.8,0.00,1004.1,5.7,0.0
2025-05-30T07:00,6.9,84,4.4,0.00,1003.7,5.9,0.0
2025-05-30T08:00,6.2,86,4.1,0.00,1003.4,5.8,0.0
2025-05-30T09:00,6.0,88,4.1,0.00,1003.6,5.7,0.0
2025-05-30T10:00,5.8,89,4.2,0.00,1003.9,6.3,0.0
2025-05-30T11:00,6.4,89,4.7,0.00,1004.4,7.6,6.0
2025-05-30T12:00,8.9,83,6.2,0.00,1005.0,8.6,110.0
2025-05-30T13:00,11.1,76,7.1,0.00,1005.2,10.1,277.0
2025-05-30T14:00,12.6,65,6.2,0.00,1004.9,11.8,426.0
2025-05-30T15:00,13.8,59,5.8,0.00,1004.3,8.9,530.0
2025-05-30T16:00,14.3,57,5.8,0.00,1003.4,7.2,421.0
2025-05-30T17:00,14.4,57,6.0,0.00,1002.4,6.1,326.0
2025-05-30T18:00,14.6,58,6.3,0.00,1001.6,5.0,348.0
2025-05-30T19:00,14.4,57,5.9,0.00,1001.4,5.1,212.0
2025-05-30T20:00,14.1,58,6.1,0.00,1001.1,4.8,121.0
2025-05-30T21:00,12.8,71,7.6,0.00,1000.7,3.5,17.0
2025-05-30T22:00,11.7,72,6.9,0.00,1000.8,2.9,0.0
2025-05-30T23:00,11.2,71,6.2,0.00,1001.1,1.0,0.0
2025-05-31T00:00,10.9,71,5.8,0.00,1001.3,0.7,0.0
2025-05-31T01:00,9.4,74,4.9,0.00,1001.5,3.4,0.0
2025-05-31T02:00,8.7,76,4.7,0.00,1001.5,5.5,0.0
2025-05-31T03:00,8.4,77,4.6,0.00,1001.8,5.5,0.0
2025-05-31T04:00,8.1,79,4.6,0.00,1001.4,5.9,0.0
2025-05-31T05:00,7.7,80,4.4,0.00,1000.9,6.4,0.0
2025-05-31T06:00,7.2,82,4.4,0.00,1000.6,6.0,0.0
2025-05-31T07:00,6.8,84,4.3,0.00,1000.3,5.7,0.0
2025-05-31T08:00,6.7,86,4.6,0.00,1000.5,5.7,0.0
2025-05-31T09:00,6.5,89,4.8,0.00,1000.7,5.6,0.0
2025-05-31T10:00,6.4,89,4.8,0.00,1001.3,5.1,0.0
2025-05-31T11:00,7.2,88,5.3,0.00,1001.9,4.9,6.0
2025-05-31T12:00,10.3,82,7.3,0.00,1002.8,5.4,109.0
2025-05-31T13:00,12.2,77,8.4,0.00,1003.3,6.0,276.0
2025-05-31T14:00,13.9,68,8.2,0.00,1003.6,4.9,425.0
2025-05-31T15:00,15.0,62,7.8,0.00,1003.4,3.6,529.0
2025-05-31T16:00,15.6,62,8.2,0.00,1002.7,3.6,571.0
2025-05-31T17:00,16.0,58,7.9,0.00,1002.1,5.5,475.0
2025-05-31T18:00,16.2,57,7.6,0.00,1001.6,6.6,229.0
2025-05-31T19:00,16.0,59,7.9,0.00,1001.7,6.5,142.0
2025-05-31T20:00,15.7,61,8.1,0.00,1001.7,6.4,102.0
2025-05-31T21:00,13.4,73,8.6,0.00,1001.7,5.4,29.0
2025-05-31T22:00,11.9,78,8.3,0.00,1002.1,6.5,0.0
2025-05-31T23:00,10.7,85,8.2,0.00,1002.7,5.7,0.0
2025-06-01T00:00,10.0,87,7.9,0.00,1003.1,6.0,0.0
2025-06-01T01:00,9.8,85,7.3,0.00,1003.6,8.6,0.0
2025-06-01T02:00,9.7,85,7.3,0.00,1003.8,9.6,0.0
2025-06-01T03:00,9.6,86,7.3,0.00,1003.9,9.6,0.0
2025-06-01T04:00,9.3,87,7.3,0.00,1003.9,9.1,0.0
2025-06-01T05:00,8.9,89,7.2,0.00,1003.9,8.9,0.0
2025-06-01T06:00,8.7,91,7.2,0.00,1003.9,8.7,0.0
2025-06-01T07:00,8.6,91,7.2,0.00,1003.6,8.4,0.0
2025-06-01T08:00,8.4,92,7.2,0.00,1003.2,8.7,0.0
2025-06-01T09:00,8.1,93,7.0,0.00,1003.1,8.3,0.0
2025-06-01T10:00,7.9,93,6.8,0.00,1003.4,8.2,0.0
2025-06-01T11:00,8.1,93,7.1,0.00,1004.0,8.9,6.0
2025-06-01T12:00,10.3,89,8.6,0.00,1004.8,10.2,106.0
2025-06-01T13:00,11.9,82,8.9,0.00,1005.2,11.5,270.0
2025-06-01T14:00,13.7,75,9.2,0.00,1005.3,12.1,419.0
2025-06-01T15:00,15.1,68,9.1,0.00,1004.9,11.8,523.0
2025-06-01T16:00,16.0,65,9.4,0.00,1004.3,9.5,569.0
2025-06-01T17:00,16.6,64,9.6,0.00,1003.3,8.6,552.0
2025-06-01T18:00,16.9,63,9.8,0.00,1002.3,8.5,469.0
2025-06-01T19:00,16.8,64,9.9,0.00,1002.1,7.9,306.0
2025-06-01T20:00,16.1,71,10.9,0.00,1001.9,4.8,132.0
2025-06-01T21:00,13.9,79,10.4,0.00,1001.7,2.9,25.0
2025-06-01T22:00,12.4,86,10.1,0.00,1002.0,6.4,0.0
2025-06-01T23:00,12.0,86,9.8,0.00,1002.0,9.5,0.0
2025-06-02T00:00,11.8,84,9.2,0.00,1002.0,8.1,0.0
2025-06-02T01:00,12.0,81,8.8,0.00,1001.6,8.3,0.0
2025-06-02T02:00,11.9,82,8.9,0.00,1001.6,8.6,0.0
2025-06-02T03:00,11.9,85,9.4,0.00,1001.5,8.4,0.0
2025-06-02T04:00,11.7,88,9.7,0.00,1001.1,7.5,0.0
2025-06-02T05:00,11.4,90,9.9,0.00,1001.1,6.4,0.0
2025-06-02T06:00,11.9,88,10.0,0.00,1000.5,6.2,0.0
2025-06-02T07:00,12.4,86,10.2,0.00,1000.4,5.4,0.0
2025-06-02T08:00,11.4,91,10.1,0.00,1000.0,5.4,0.0
2025-06-02T09:00,12.1,88,10.1,0.00,999.8,6.6,0.0
2025-06-02T10:00,11.5,90,9.9,0.00,1000.2,5.5,0.0
2025-06-02T11:00,12.4,86,10.1,0.00,1000.7,6.7,0.0
2025-06-02T12:00,13.1,85,10.8,0.00,1001.1,8.1,7.0
2025-06-02T13:00,15.1,81,11.8,0.00,1001.3,7.0,97.0
2025-06-02T14:00,16.8,75,12.2,0.00,1001.6,8.6,122.0
2025-06-02T15:00,16.9,74,12.2,0.00,1001.3,8.8,18.0
2025-06-02T16:00,17.8,74,13.1,0.00,1000.7,7.2,52.0
2025-06-02T17:00,18.2,74,13.4,0.00,1000.2,9.1,61.0
2025-06-02T18:00,17.6,78,13.7,0.00,999.5,9.5,4.0
2025-06-02T19:00,17.5,80,14.1,0.00,999.6,9.0,2.0
2025-06-02T20:00,17.1,84,14.4,0.00,999.4,6.7,2.0
2025-06-02T21:00,16.5,87,14.4,0.00,999.4,7.6,2.0
2025-06-02T22:00,16.1,90,14.4,0.00,999.1,7.0,0.0
2025-06-02T23:00,15.9,92,14.6,0.00,998.9,8.6,0.0
2025-06-03T00:00,15.6,94,14.8,0.00,999.0,8.0,0.0
2025-06-03T01:00,15.8,95,15.1,0.00,999.2,12.1,0.0
2025-06-03T02:00,15.9,95,15.1,0.10,999.2,10.7,0.0
2025-06-03T03:00,15.8,96,15.1,0.20,999.1,10.7,0.0
2025-06-03T04:00,15.6,97,15.2,0.00,998.6,10.7,0.0
2025-06-03T05:00,15.8,97,15.3,0.00,998.5,8.9,0.0
2025-06-03T06:00,15.8,97,15.2,0.00,998.3,6.6,0.0
2025-06-03T07:00,15.7,97,15.2,0.00,997.9,4.2,0.0
2025-06-03T08:00,15.4,97,14.9,0.00,997.5,2.7,0.0
2025-06-03T09:00,15.4,97,15.0,0.00,997.3,2.2,0.0
2025-06-03T10:00,15.4,98,15.1,0.00,997.7,6.1,0.0
2025-06-03T11:00,14.6,99,14.4,0.00,998.1,6.6,3.0
2025-06-03T12:00,16.3,96,15.7,0.00,998.4,5.6,54.0
2025-06-03T13:00,17.3,94,16.3,0.00,998.2,7.6,68.0
2025-06-03T14:00,19.0,88,16.9,0.00,998.1,5.6,282.0
2025-06-03T15:00,20.0,81,16.6,0.00,997.7,6.7,170.0
2025-06-03T16:00,20.6,80,17.0,0.10,997.0,6.3,192.0
2025-06-03T17:00,21.2,75,16.6,0.10,996.1,6.6,332.0
2025-06-03T18:00,21.8,72,16.6,0.00,995.2,6.1,206.0
2025-06-03T19:00,22.0,71,16.5,0.00,994.8,6.5,228.0
2025-06-03T20:00,21.1,77,16.9,0.00,994.6,6.5,133.0
2025-06-03T21:00,19.0,85,16.3,0.00,994.5,3.1,34.0
2025-06-03T22:00,18.4,84,15.6,0.00,994.4,0.9,0.0
2025-06-03T23:00,18.0,84,15.2,0.00,994.3,0.8,0.0
2025-06-04T00:00,16.4,91,14.9,0.00,994.2,4.2,0.0
2025-06-04T01:00,17.2,89,15.5,0.00,994.1,4.6,0.0
2025-06-04T02:00,16.4,94,15.4,0.00,994.2,6.4,0.0
2025-06-04T03:00,16.2,96,15.6,0.00,994.1,6.4,0.0
2025-06-04T04:00,15.8,97,15.2,0.00,993.9,5.6,0.0
2025-06-04T05:00,15.9,97,15.4,0.00,993.8,6.7,0.0
2025-06-04T06:00,15.8,97,15.4,0.00,993.4,7.1,0.0
2025-06-04T07:00,15.9,97,15.5,0.00,992.9,8.6,0.0
2025-06-04T08:00,15.9,97,15.4,0.00,992.5,8.4,0.0
2025-06-04T09:00,15.6,98,15.3,0.00,992.7,8.7,0.0
2025-06-04T10:00,15.5,98,15.2,0.00,993.2,9.1,0.0
2025-06-04T11:00,15.8,98,15.4,0.00,993.7,10.2,2.0
2025-06-04T12:00,17.1,96,16.5,0.00,994.2,11.4,9.0
2025-06-04T13:00,19.5,94,18.5,0.00,994.4,9.6,55.0
2025-06-04T14:00,21.4,89,19.5,0.00,994.4,11.9,57.0
2025-06-04T15:00,23.2,82,20.0,0.10,993.8,13.4,266.0
2025-06-04T16:00,24.0,80,20.4,0.10,993.3,16.1,308.0
2025-06-04T17:00,23.3,80,19.6,0.20,992.5,17.8,203.0
2025-06-04T18:00,22.7,81,19.2,0.00,991.4,4.9,129.0
2025-06-04T19:00,23.0,80,19.4,0.00,991.2,5.8,178.0
2025-06-04T20:00,23.0,82,19.6,0.00,991.2,9.7,154.0
2025-06-04T21:00,21.5,89,19.6,0.00,991.4,11.7,33.0
2025-06-04T22:00,20.6,93,19.5,0.00,991.6,13.9,0.0
2025-06-04T23:00,20.4,93,19.3,0.70,991.6,14.6,0.0
2025-06-05T00:00,19.5,96,18.9,1.80,991.6,17.9,0.0
2025-06-05T01:00,20.1,90,18.4,0.10,991.9,16.3,0.0
2025-06-05T02:00,19.5,93,18.4,0.00,992.1,7.5,0.0
2025-06-05T03:00,19.0,97,18.5,7.50,993.1,4.3,0.0
2025-06-05T04:00,18.6,98,18.3,3.50,992.9,6.6,0.0
2025-06-05T05:00,17.9,100,17.8,0.10,992.7,3.8,0.0
2025-06-05T06:00,17.5,100,17.5,0.00,992.5,3.9,0.0
2025-06-05T07:00,17.5,100,17.5,0.30,992.4,5.6,0.0
2025-06-05T08:00,18.0,99,17.9,0.00,992.6,4.8,0.0
2025-06-05T09:00,18.1,98,17.9,0.00,992.7,2.5,0.0
2025-06-05T10:00,18.1,99,17.9,0.00,993.2,2.2,0.0
2025-06-05T11:00,17.5,100,17.5,0.00,994.4,11.1,3.0
2025-06-05T12:00,18.0,98,17.8,0.00,995.0,8.5,2.0
2025-06-05T13:00,21.0,89,19.1,0.00,995.6,16.3,133.0
2025-06-05T14:00,21.9,83,19.0,0.00,996.0,18.4,97.0
2025-06-05T15:00,23.0,77,18.8,0.10,996.1,16.4,245.0
2025-06-05T16:00,23.5,74,18.6,0.20,995.5,16.7,421.0
2025-06-05T17:00,23.9,72,18.5,0.00,994.8,16.9,438.0
2025-06-05T18:00,23.6,72,18.2,0.00,994.8,17.4,387.0
2025-06-05T19:00,23.5,71,17.9,0.00,995.1,16.9,293.0
2025-06-05T20:00,22.7,74,17.8,0.00,995.3,14.1,148.0
2025-06-05T21:00,21.1,78,17.2,0.00,995.6,13.3,35.0
2025-06-05T22:00,19.8,83,16.8,0.00,996.3,15.1,0.0
2025-06-05T23:00,19.0,85,16.3,0.00,997.0,16.6,0.0
2025-06-06T00:00,18.2,87,16.0,0.00,997.3,17.1,0.0
2025-06-06T01:00,17.6,90,15.9,0.00,997.7,17.9,0.0
2025-06-06T02:00,16.9,91,15.4,0.00,998.1,16.6,0.0
2025-06-06T03:00,16.1,93,15.0,0.00,998.5,15.8,0.0
2025-06-06T04:00,15.6,94,14.6,0.00,998.6,16.1,0.0
2025-06-06T05:00,15.0,95,14.2,0.00,998.7,16.3,0.0
2025-06-06T06:00,14.4,97,13.9,0.00,998.5,15.4,0.0
2025-06-06T07:00,13.9,97,13.5,0.00,998.4,15.1,0.0
2025-06-06T08:00,13.5,98,13.1,0.00,998.4,14.8,0.0
2025-06-06T09:00,13.1,98,12.9,0.00,998.4,13.9,0.0
2025-06-06T10:00,12.9,98,12.6,0.00,999.0,13.8,0.0
2025-06-06T11:00,12.8,98,12.5,0.00,999.5,14.5,2.0
2025-06-06T12:00,14.1,94,13.1,0.00,999.8,16.5,79.0
2025-06-06T13:00,15.4,90,13.8,0.00,1000.8,15.7,47.0
2025-06-06T14:00,17.2,83,14.4,0.00,1000.8,12.1,147.0
2025-06-06T15:00,19.0,78,15.1,0.00,1000.5,9.5,412.0
2025-06-06T16:00,19.9,76,15.4,0.00,999.8,9.0,438.0
2025-06-06T17:00,20.3,74,15.6,0.00,998.7,11.6,519.0
2025-06-06T18:00,20.2,74,15.4,0.00,997.8,14.1,443.0
2025-06-06T19:00,19.6,74,14.9,0.00,997.4,16.0,338.0
2025-06-06T20:00,18.5,76,14.2,0.00,997.1,13.1,177.0
2025-06-06T21:00,16.6,82,13.6,0.00,996.7,10.9,33.0
2025-06-06T22:00,15.6,86,13.3,0.00,996.9,12.2,0.0
2025-06-06T23:00,15.3,86,12.9,0.00,997.1,14.4,0.0
2025-06-07T00:00,15.1,87,12.9,0.00,997.1,14.5,0.0
2025-06-07T01:00,14.1,91,12.6,0.00,997.8,13.1,0.0
2025-06-07T02:00,13.8,92,12.6,0.00,997.7,13.6,0.0
2025-06-07T03:00,13.4,94,12.4,0.00,997.6,12.5,0.0
2025-06-07T04:00,13.1,95,12.2,0.00,997.4,11.2,0.0
2025-06-07T05:00,12.7,96,12.0,0.00,996.6,10.3,0.0
2025-06-07T06:00,12.4,96,11.8,0.00,995.9,10.4,0.0
2025-06-07T07:00,12.2,96,11.6,0.00,995.4,9.9,0.0
2025-06-07T08:00,11.9,97,11.4,0.00,995.6,9.4,0.0
2025-06-07T09:00,11.8,97,11.4,0.00,995.3,10.1,0.0
2025-06-07T10:00,11.8,98,11.4,0.00,995.7,10.7,0.0
2025-06-07T11:00,12.1,98,11.8,0.00,996.2,11.2,4.0
2025-06-07T12:00,13.8,94,12.9,0.00,996.7,10.3,51.0
2025-06-07T13:00,15.2,91,13.8,0.00,997.6,10.2,238.0
2025-06-07T14:00,17.1,85,14.6,0.00,997.1,10.3,333.0
2025-06-07T15:00,18.5,81,15.2,0.00,996.5,8.1,269.0
2025-06-07T16:00,19.9,77,15.8,0.00,995.7,7.2,319.0
2025-06-07T17:00,20.6,76,16.2,0.00,994.8,5.6,215.0
2025-06-07T18:00,21.4,74,16.5,0.00,994.5,6.4,312.0
2025-06-07T19:00,21.4,73,16.4,0.00,994.4,6.2,165.0
2025-06-07T20:00,20.6,77,16.5,0.00,994.4,8.3,28.0
2025-06-07T21:00,18.5,82,15.4,0.00,994.7,9.2,26.0
2025-06-07T22:00,17.1,83,14.3,0.00,995.1,8.5,0.0
2025-06-07T23:00,16.8,84,13.9,0.00,995.6,11.0,0.0
2025-06-08T00:00,16.1,86,13.9,0.00,995.9,13.9,0.0
2025-06-08T01:00,14.9,89,13.1,0.00,996.3,12.1,0.0
2025-06-08T02:00,14.2,90,12.5,0.00,996.4,10.1,0.0
2025-06-08T03:00,13.6,91,12.2,0.00,996.4,9.6,0.0
2025-06-08T04:00,13.1,92,11.9,0.00,996.3,9.6,0.0
2025-06-08T05:00,12.6,94,11.6,0.00,996.2,11.0,0.0
2025-06-08T06:00,12.1,95,11.2,0.00,996.1,9.6,0.0
2025-06-08T07:00,11.5,96,10.9,0.00,995.9,9.4,0.0
2025-06-08T08:00,11.4,96,10.8,0.00,995.6,13.4,0.0
2025-06-08T09:00,10.9,97,10.4,0.00,995.9,14.5,0.0
2025-06-08T10:00,10.4,97,10.0,0.00,996.7,14.1,0.0
2025-06-08T11:00,10.1,97,9.6,0.00,997.3,13.4,3.0
2025-06-08T12:00,11.1,91,9.8,0.00,998.0,13.5,83.0
2025-06-08T13:00,12.8,84,10.1,0.00,998.5,14.1,255.0
2025-06-08T14:00,14.5,80,11.0,0.00,998.9,11.3,398.0
2025-06-08T15:00,16.0,76,11.8,0.00,998.8,8.9,485.0
2025-06-08T16:00,17.1,72,12.1,0.00,998.4,9.6,529.0
2025-06-08T17:00,17.9,66,11.6,0.00,997.7,11.2,534.0
2025-06-08T18:00,18.1,61,10.4,0.00,997.2,12.4,464.0
2025-06-08T19:00,17.9,59,9.9,0.00,997.1,13.1,340.0
2025-06-08T20:00,17.0,65,10.4,0.00,997.0,11.1,182.0
2025-06-08T21:00,14.9,72,10.0,0.00,997.3,10.3,39.0
2025-06-08T22:00,14.0,75,9.6,0.00,997.9,13.9,0.0
2025-06-08T23:00,13.6,72,8.6,0.00,998.3,15.8,0.0
2025-06-09T00:00,13.0,74,8.4,0.00,998.9,16.2,0.0
2025-06-09T01:00,11.9,81,8.6,0.00,999.9,14.7,0.0
2025-06-09T02:00,11.4,83,8.7,0.00,999.9,15.1,0.0
2025-06-09T03:00,11.1,85,8.6,0.00,999.9,15.9,0.0
2025-06-09T04:00,10.8,87,8.6,0.00,1000.1,14.9,0.0
2025-06-09T05:00,10.4,89,8.6,0.00,1000.2,13.6,0.0
2025-06-09T06:00,10.0,90,8.4,0.00,1000.2,12.4,0.0
2025-06-09T07:00,9.6,91,8.2,0.00,1000.2,12.3,0.0
2025-06-09T08:00,9.2,92,7.9,0.00,1000.3,12.6,0.0
2025-06-09T09:00,8.8,92,7.6,0.00,1000.4,13.2,0.0
2025-06-09T10:00,8.6,92,7.3,0.00,1001.0,13.0,0.0
2025-06-09T11:00,8.6,92,7.4,0.00,1001.6,12.5,4.0
2025-06-09T12:00,10.4,89,8.7,0.00,1002.2,11.7,94.0
2025-06-09T13:00,12.6,84,9.9,0.00,1002.7,10.6,256.0
2025-06-09T14:00,14.2,79,10.7,0.00,1002.9,10.9,401.0
2025-06-09T15:00,15.6,75,11.1,0.00,1002.4,10.9,503.0
2025-06-09T16:00,16.5,71,11.2,0.00,1001.9,11.8,551.0
2025-06-09T17:00,16.9,68,10.9,0.00,1001.2,12.8,537.0
2025-06-09T18:00,17.0,65,10.5,0.00,1000.7,12.6,464.0
2025-06-09T19:00,16.9,64,10.1,0.00,1000.7,12.4,341.0
2025-06-09T20:00,16.2,69,10.6,0.00,1000.5,10.3,183.0
2025-06-09T21:00,13.8,79,10.3,0.00,1000.9,7.0,39.0
2025-06-09T22:00,12.8,83,10.1,0.00,1001.3,8.8,0.0
2025-06-09T23:00,12.4,84,9.9,0.00,1001.6,11.1,0.0
2025-06-10T00:00,12.0,88,10.0,0.00,1002.0,11.9,0.0
2025-06-10T01:00,11.4,90,9.8,0.00,1002.6,12.4,0.0
2025-06-10T02:00,10.9,91,9.6,0.00,1002.6,12.9,0.0
2025-06-10T03:00,10.4,94,9.4,0.00,1002.3,12.7,0.0
2025-06-10T04:00,9.9,95,9.2,0.00,1002.1,12.5,0.0
2025-06-10T05:00,9.6,95,8.9,0.00,1001.7,12.2,0.0
2025-06-10T06:00,9.1,96,8.6,0.00,1001.5,11.2,0.0
2025-06-10T07:00,8.6,97,8.2,0.00,1001.2,9.8,0.0
2025-06-10T08:00,8.1,98,7.8,0.00,1001.4,7.9,0.0
2025-06-10T09:00,7.7,98,7.4,0.00,1001.7,7.2,0.0
2025-06-10T10:00,7.4,99,7.2,0.00,1002.3,7.1,0.0
2025-06-10T11:00,7.6,99,7.4,0.00,1003.3,7.3,4.0
2025-06-10T12:00,9.7,94,8.8,0.00,1004.1,9.1,88.0
2025-06-10T13:00,10.4,90,8.8,0.00,1004.7,10.3,160.0
2025-06-10T14:00,12.4,82,9.5,0.00,1005.1,8.4,294.0
2025-06-10T15:00,13.9,78,10.1,0.00,1004.7,7.4,438.0
2025-06-10T16:00,14.9,73,10.2,0.00,1004.2,7.1,479.0
2025-06-10T17:00,15.8,70,10.4,0.00,1003.0,7.7,510.0
2025-06-10T18:00,16.2,67,10.2,0.00,1002.6,8.2,470.0
2025-06-10T19:00,16.1,69,10.4,0.00,1002.3,9.3,343.0
2025-06-10T20:00,15.4,72,10.3,0.00,1002.1,9.1,184.0
2025-06-10T21:00,12.8,80,9.5,0.00,1001.9,8.7,41.0
2025-06-10T22:00,11.4,83,8.5,0.00,1002.1,10.6,0.0
2025-06-10T23:00,10.8,85,8.4,0.00,1002.4,11.3,0.0
2025-06-11T00:00,10.8,89,9.1,0.00,1002.6,12.9,0.0
2025-06-11T01:00,10.4,90,8.9,0.00,1003.0,13.2,0.0
2025-06-11T02:00,10.2,91,8.8,0.00,1003.3,12.9,0.0
2025-06-11T03:00,9.8,91,8.3,0.00,1003.3,12.1,0.0
2025-06-11T04:00,9.3,91,7.9,0.00,1003.4,11.6,0.0
2025-06-11T05:00,8.9,92,7.8,0.00,1003.0,11.1,0.0
2025-06-11T06:00,8.6,93,7.6,0.00,1002.8,11.2,0.0
2025-06-11T07:00,8.4,94,7.4,0.00,1002.6,10.4,0.0
2025-06-11T08:00,8.1,95,7.4,0.00,1002.6,11.1,0.0
2025-06-11T09:00,8.0,96,7.4,0.00,1002.6,12.1,0.0
2025-06-11T10:00,7.8,97,7.4,0.00,1003.3,11.6,0.0
2025-06-11T11:00,7.8,97,7.3,0.00,1004.1,11.3,4.0
2025-06-11T12:00,9.6,94,8.6,0.00,1005.0,12.9,96.0
2025-06-11T13:00,11.1,86,8.8,0.00,1005.5,13.9,260.0
2025-06-11T14:00,12.9,77,8.9,0.00,1005.7,14.1,409.0
2025-06-11T15:00,14.8,70,9.4,0.00,1005.0,12.5,515.0
2025-06-11T16:00,16.3,63,9.4,0.00,1004.5,10.5,563.0
2025-06-11T17:00,17.2,60,9.4,0.00,1003.3,10.3,549.0
2025-06-11T18:00,17.8,58,9.4,0.00,1002.7,11.2,474.0
2025-06-11T19:00,17.8,59,9.6,0.00,1002.5,11.6,347.0
2025-06-11T20:00,16.9,66,10.4,0.00,1002.0,9.1,186.0
2025-06-11T21:00,14.1,77,10.1,0.00,1001.8,10.1,40.0
2025-06-11T22:00,12.9,77,8.9,0.00,1001.8,12.5,0.0
2025-06-11T23:00,12.4,73,7.8,0.00,1001.9,13.1,0.0
2025-06-12T00:00,11.9,75,7.6,0.00,1001.9,14.2,0.0
2025-06-12T01:00,11.6,70,6.3,0.00,1002.0,15.7,0.0
2025-06-12T02:00,11.1,69,5.7,0.00,1001.6,16.1,0.0
2025-06-12T03:00,10.4,70,5.2,0.00,1001.1,16.3,0.0
2025-06-12T04:00,9.9,72,4.9,0.00,1000.9,15.7,0.0
2025-06-12T05:00,9.4,73,4.8,0.00,1000.3,13.9,0.0
2025-06-12T06:00,8.9,76,4.8,0.00,1000.3,12.4,0.0
2025-06-12T07:00,8.6,77,4.8,0.00,1000.0,11.5,0.0
2025-06-12T08:00,8.5,77,4.7,0.00,999.4,11.8,0.0
2025-06-12T09:00,8.4,77,4.5,0.00,999.2,11.6,0.0
2025-06-12T10:00,8.2,76,4.2,0.00,999.4,12.1,0.0
2025-06-12T11:00,8.3,76,4.3,0.00,999.9,12.1,3.0
2025-06-12T12:00,10.4,74,5.8,0.00,1000.4,14.4,93.0
2025-06-12T13:00,12.9,71,7.8,0.00,1000.7,14.3,254.0
2025-06-12T14:00,15.2,67,9.2,0.00,1000.6,16.0,401.0
2025-06-12T15:00,17.1,64,10.4,0.00,1000.0,18.3,503.0
2025-06-12T16:00,18.5,63,11.3,0.00,999.3,18.3,551.0
2025-06-12T17:00,19.5,61,11.6,0.00,998.2,20.1,539.0
2025-06-12T18:00,19.6,61,11.9,0.00,997.3,20.3,467.0
2025-06-12T19:00,19.5,60,11.6,0.00,996.7,19.7,342.0
2025-06-12T20:00,18.5,63,11.2,0.00,996.3,17.4,184.0
2025-06-12T21:00,16.7,64,9.9,0.00,996.0,17.4,41.0
2025-06-12T22:00,15.8,64,9.0,0.00,996.2,19.2,0.0
2025-06-12T23:00,15.1,65,8.5,0.00,996.3,20.7,0.0
2025-06-13T00:00,14.4,66,8.1,0.00,996.2,20.9,0.0
2025-06-13T01:00,14.2,66,7.9,0.00,995.8,22.8,0.0
2025-06-13T02:00,14.1,66,7.8,0.00,996.0,20.9,0.0
2025-06-13T03:00,13.9,67,7.9,0.00,996.1,19.1,0.0
2025-06-13T04:00,14.6,65,8.2,0.00,996.1,21.0,0.0
2025-06-13T05:00,14.6,68,8.7,0.00,995.6,22.7,0.0
2025-06-13T06:00,14.4,70,9.1,0.00,995.6,23.1,0.0
2025-06-13T07:00,14.7,69,9.1,0.00,995.5,22.5,0.0
2025-06-13T08:00,14.9,68,9.1,0.00,995.6,20.6,0.0
2025-06-13T09:00,15.1,66,8.9,0.00,995.8,19.9,0.0
2025-06-13T10:00,14.9,67,8.8,0.00,996.1,20.5,0.0
2025-06-13T11:00,14.9,67,8.8,0.00,996.4,21.3,1.0
2025-06-13T12:00,15.6,67,9.4,0.00,996.9,22.3,67.0
2025-06-13T13:00,16.7,69,10.9,0.00,997.2,18.7,86.0
2025-06-13T14:00,17.6,67,11.3,0.00,997.1,21.5,110.0
2025-06-13T15:00,18.0,66,11.6,0.00,996.4,23.0,62.0
2025-06-13T16:00,19.8,62,12.3,0.00,996.0,24.7,267.0
2025-06-13T17:00,20.0,63,12.6,0.00,995.0,21.9,219.0
2025-06-13T18:00,20.2,62,12.7,0.00,994.2,20.7,214.0
2025-06-13T19:00,20.4,63,13.1,0.00,993.8,19.8,249.0
2025-06-13T20:00,19.8,64,12.9,0.00,993.7,20.4,137.0
2025-06-13T21:00,18.8,64,11.7,0.00,993.7,20.4,28.0
2025-06-13T22:00,18.3,63,11.2,0.00,994.1,22.7,0.0
2025-06-13T23:00,17.9,64,11.0,0.00,994.1,23.5,0.0
2025-06-14T00:00,17.6,66,11.3,0.00,993.8,24.0,0.0
2025-06-14T01:00,18.0,70,12.4,0.00,993.8,25.1,0.0
2025-06-14T02:00,18.1,71,12.8,0.00,993.4,24.7,0.0
2025-06-14T03:00,17.8,75,13.4,0.00,993.1,22.6,0.0
2025-06-14T04:00,17.9,78,13.9,0.00,992.6,25.4,0.0
2025-06-14T05:00,17.2,85,14.7,1.20,993.3,16.8,0.0
2025-06-14T06:00,16.9,89,14.9,0.40,992.4,20.0,0.0
2025-06-14T07:00,16.6,89,14.8,1.50,992.0,22.3,0.0
2025-06-14T08:00,16.2,90,14.6,0.60,991.0,24.5,0.0
2025-06-14T09:00,16.2,89,14.4,0.70,991.1,22.9,0.0
2025-06-14T10:00,15.9,92,14.7,3.40,990.4,27.7,0.0
2025-06-14T11:00,16.3,89,14.4,2.10,991.0,24.6,0.0
2025-06-14T12:00,16.4,89,14.6,0.10,991.4,23.5,0.0
2025-06-14T13:00,17.7,89,15.9,7.40,990.8,29.3,0.0
2025-06-14T14:00,18.5,85,15.9,1.80,991.0,33.0,2.0
2025-06-14T15:00,17.8,94,16.8,0.90,990.9,29.4,4.0
2025-06-14T16:00,18.1,94,17.2,4.00,990.8,21.9,0.0
2025-06-14T17:00,18.4,97,17.8,7.50,990.6,24.7,0.0
2025-06-14T18:00,18.3,98,17.9,1.50,990.1,20.6,1.0
2025-06-14T19:00,18.5,97,18.0,0.30,989.7,14.3,3.0
2025-06-14T20:00,18.5,95,17.6,0.10,990.4,12.6,51.0
2025-06-14T21:00,17.8,96,17.1,0.10,991.6,17.8,0.0
2025-06-14T22:00,16.5,94,15.6,0.20,992.2,24.3,0.0
2025-06-14T23:00,15.4,93,14.2,0.00,993.2,20.4,0.0
2025-06-15T00:00,15.1,90,13.4,0.00,994.4,19.6,0.0
2025-06-15T01:00,14.4,93,13.4,0.00,995.6,16.1,0.0
2025-06-15T02:00,14.1,93,12.9,0.00,995.7,15.6,0.0
2025-06-15T03:00,13.6,94,12.6,0.00,996.1,12.6,0.0
2025-06-15T04:00,13.7,92,12.4,0.00,996.5,12.4,0.0
2025-06-15T05:00,13.6,92,12.3,0.00,996.5,15.2,0.0
2025-06-15T06:00,13.5,91,12.1,0.00,996.6,13.8,0.0
2025-06-15T07:00,13.1,92,11.9,0.00,996.8,11.8,0.0
2025-06-15T08:00,12.9,93,11.8,0.00,996.9,12.5,0.0
2025-06-15T09:00,12.6,93,11.5,0.00,997.0,12.0,0.0
2025-06-15T10:00,12.4,91,11.1,0.00,997.8,12.0,0.0
2025-06-15T11:00,12.5,88,10.6,0.00,998.3,11.1,0.0
2025-06-15T12:00,12.9,86,10.6,0.00,999.5,10.2,12.0
2025-06-15T13:00,13.7,83,10.8,0.10,1000.3,8.9,21.0
2025-06-15T14:00,14.8,76,10.5,0.00,1000.4,7.7,96.0
2025-06-15T15:00,15.6,73,10.6,0.00,1000.3,4.7,134.0
2025-06-15T16:00,16.5,69,10.9,0.00,999.4,2.5,272.0
2025-06-15T17:00,17.0,68,11.1,0.00,998.3,2.2,409.0
2025-06-15T18:00,17.4,67,11.2,0.00,997.5,2.8,432.0
2025-06-15T19:00,17.5,66,11.1,0.00,997.3,4.6,324.0
2025-06-15T20:00,17.1,69,11.4,0.00,997.1,5.2,177.0
2025-06-15T21:00,14.6,82,11.5,0.00,997.1,5.3,37.0
2025-06-15T22:00,13.6,87,11.4,0.00,997.0,7.1,0.0
2025-06-15T23:00,12.8,89,11.1,0.00,997.3,6.8,0.0
2025-06-16T00:00,11.9,90,10.2,0.00,997.2,6.5,0.0
2025-06-16T01:00,11.6,90,10.0,0.00,997.8,7.6,0.0
2025-06-16T02:00,11.8,89,10.1,0.00,997.8,9.3,0.0
2025-06-16T03:00,11.8,91,10.3,0.00,997.3,11.6,0.0
2025-06-16T04:00,11.7,91,10.4,0.00,997.3,12.1,0.0
2025-06-16T05:00,11.6,93,10.4,0.00,997.0,13.2,0.0
2025-06-16T06:00,11.4,95,10.5,0.00,996.4,14.1,0.0
2025-06-16T07:00,11.4,95,10.6,0.00,995.9,14.0,0.0
2025-06-16T08:00,11.6,95,10.9,0.00,995.5,14.6,0.0
2025-06-16T09:00,11.9,95,11.2,0.00,995.2,14.3,0.0
2025-06-16T10:00,12.9,93,11.8,0.00,995.2,15.4,0.0
2025-06-16T11:00,13.4,93,12.2,0.00,995.1,15.8,2.0
2025-06-16T12:00,15.2,90,13.6,0.00,995.9,17.4,63.0
2025-06-16T13:00,17.8,84,15.1,0.00,996.3,17.1,192.0
2025-06-16T14:00,20.1,79,16.4,0.00,996.4,20.4,299.0
2025-06-16T15:00,20.9,81,17.5,0.10,995.2,20.6,190.0
2025-06-16T16:00,22.4,78,18.4,0.00,994.4,22.5,265.0
2025-06-16T17:00,22.0,82,18.9,0.10,993.2,16.6,99.0
2025-06-16T18:00,21.6,86,19.2,0.10,992.7,17.4,99.0
2025-06-16T19:00,21.0,88,19.0,0.10,992.0,16.9,26.0
2025-06-16T20:00,21.5,88,19.5,0.20,991.2,18.4,73.0
2025-06-16T21:00,20.8,91,19.3,0.10,990.9,24.4,21.0
2025-06-16T22:00,20.6,93,19.4,0.10,990.7,24.9,0.0
2025-06-16T23:00,21.0,91,19.5,0.00,991.0,22.3,0.0
2025-06-17T00:00,20.9,92,19.5,0.90,992.0,21.1,0.0
2025-06-17T01:00,22.9,79,19.0,0.00,991.0,29.1,0.0
2025-06-17T02:00,23.0,75,18.4,0.00,991.3,26.6,0.0
2025-06-17T03:00,23.8,70,18.1,0.00,991.0,26.5,0.0
2025-06-17T04:00,24.1,70,18.4,0.00,991.1,29.8,0.0
2025-06-17T05:00,23.7,74,18.9,0.40,991.7,26.2,0.0
2025-06-17T06:00,22.1,84,19.4,4.20,992.4,18.1,0.0
2025-06-17T07:00,21.4,87,19.1,0.50,992.4,6.1,0.0
2025-06-17T08:00,20.5,90,18.8,5.70,993.3,1.0,0.0
2025-06-17T09:00,19.4,95,18.5,6.00,994.0,4.7,0.0
2025-06-17T10:00,19.0,98,18.7,10.30,994.1,10.1,0.0
2025-06-17T11:00,19.1,98,18.8,0.50,995.0,11.6,0.0
2025-06-17T12:00,20.0,94,19.0,0.30,995.4,16.5,14.0
2025-06-17T13:00,22.0,89,20.2,0.00,995.8,9.8,166.0
2025-06-17T14:00,23.4,84,20.4,0.00,996.1,7.9,256.0
2025-06-17T15:00,24.2,79,20.3,0.20,995.7,11.1,303.0
2025-06-17T16:00,24.7,75,20.0,0.00,994.8,20.3,186.0
2025-06-17T17:00,25.6,70,19.8,0.00,993.9,21.2,317.0
2025-06-17T18:00,24.5,78,20.5,0.30,993.1,20.2,196.0
2025-06-17T19:00,23.6,81,20.1,2.20,993.1,18.2,119.0
2025-06-17T20:00,21.4,97,20.9,5.70,992.4,8.7,23.0
2025-06-17T21:00,21.1,97,20.7,1.90,992.8,6.4,6.0
2025-06-17T22:00,20.6,97,20.1,12.00,993.3,8.0,0.0
2025-06-17T23:00,20.5,98,20.0,0.60,993.2,4.9,0.0
2025-06-18T00:00,20.2,98,19.9,0.00,993.7,5.7,0.0
2025-06-18T01:00,22.5,88,20.5,0.00,994.1,8.6,0.0
2025-06-18T02:00,22.7,88,20.5,0.00,994.2,12.9,0.0
2025-06-18T03:00,22.3,87,20.0,0.40,994.3,11.0,0.0
2025-06-18T04:00,21.0,92,19.6,0.00,994.7,1.4,0.0
2025-06-18T05:00,20.4,93,19.3,0.00,994.3,4.4,0.0
2025-06-18T06:00,20.8,92,19.4,0.00,993.6,11.4,0.0
2025-06-18T07:00,20.4,90,18.7,0.00,993.1,12.7,0.0
2025-06-18T08:00,20.2,87,18.0,0.00,992.8,14.4,0.0
2025-06-18T09:00,20.3,85,17.7,0.00,992.8,12.4,0.0
2025-06-18T10:00,20.2,87,18.0,4.30,993.0,15.8,0.0
2025-06-18T11:00,19.4,93,18.2,8.70,994.8,4.8,0.0
2025-06-18T12:00,19.7,92,18.4,5.50,995.3,12.6,2.0
2025-06-18T13:00,21.3,86,18.8,0.30,995.5,19.8,54.0
2025-06-18T14:00,21.4,89,19.5,2.90,996.3,19.0,31.0
2025-06-18T15:00,20.9,94,19.9,3.60,995.6,17.0,5.0
2025-06-18T16:00,20.2,95,19.4,3.50,995.8,15.7,0.0
2025-06-18T17:00,19.6,96,19.0,1.90,995.5,10.6,0.0
2025-06-18T18:00,19.4,96,18.6,0.10,995.3,9.2,0.0
2025-06-18T19:00,19.0,93,17.9,1.00,995.5,10.5,17.0
2025-06-18T20:00,17.5,98,17.2,5.30,996.2,13.2,0.0
2025-06-18T21:00,16.8,98,16.5,3.50,996.5,11.2,0.0
2025-06-18T22:00,16.6,99,16.5,12.80,996.9,13.0,0.0
2025-06-18T23:00,16.6,99,16.4,8.40,997.2,16.6,0.0
2025-06-19T00:00,15.9,98,15.6,8.80,997.5,15.7,0.0
2025-06-19T01:00,15.7,98,15.4,1.40,997.2,13.4,0.0
2025-06-19T02:00,15.4,98,15.2,2.40,997.5,12.0,0.0
2025-06-19T03:00,15.3,99,15.1,2.30,997.0,10.0,0.0
2025-06-19T04:00,15.2,99,15.0,6.10,997.9,11.0,0.0
2025-06-19T05:00,15.1,99,14.9,2.10,998.0,12.5,0.0
2025-06-19T06:00,14.9,99,14.7,2.20,996.7,13.7,0.0
2025-06-19T07:00,14.6,99,14.5,7.40,997.5,11.5,0.0
2025-06-19T08:00,14.3,98,14.1,1.70,997.1,13.4,0.0
2025-06-19T09:00,14.0,98,13.8,0.90,997.1,10.0,0.0
2025-06-19T10:00,13.9,99,13.8,2.50,997.6,11.7,0.0
2025-06-19T11:00,13.9,98,13.6,0.60,998.3,7.5,0.0
2025-06-19T12:00,14.1,96,13.4,0.10,998.3,12.9,3.0
2025-06-19T13:00,14.3,98,14.0,0.50,999.0,9.9,0.0
2025-06-19T14:00,14.9,94,13.9,0.10,999.8,8.7,3.0
2025-06-19T15:00,15.0,93,13.9,0.10,999.4,7.8,0.0
2025-06-19T16:00,15.4,91,14.0,0.00,999.0,7.2,2.0
2025-06-19T17:00,15.5,90,13.9,0.20,998.8,10.0,0.0
2025-06-19T18:00,15.7,91,14.1,0.30,998.5,11.4,0.0
2025-06-19T19:00,15.6,91,14.2,0.20,998.3,12.9,1.0
2025-06-19T20:00,15.4,94,14.4,0.50,998.4,11.9,1.0
2025-06-19T21:00,15.0,98,14.7,1.30,998.7,10.7,0.0
2025-06-19T22:00,14.9,98,14.6,0.70,998.9,10.5,0.0
2025-06-19T23:00,14.8,97,14.3,0.10,999.0,11.5,0.0
2025-06-20T00:00,14.6,97,14.1,0.00,999.3,13.1,0.0
2025-06-20T01:00,15.0,97,14.6,0.00,999.6,15.7,0.0
2025-06-20T02:00,14.6,97,14.2,0.00,999.6,15.7,0.0
2025-06-20T03:00,14.4,97,14.0,0.00,999.6,16.1,0.0
2025-06-20T04:00,14.2,98,13.9,0.10,999.8,16.1,0.0
2025-06-20T05:00,14.1,99,13.9,0.00,999.5,14.6,0.0
2025-06-20T06:00,14.0,99,13.9,0.00,999.3,12.4,0.0
2025-06-20T07:00,14.0,99,13.9,0.00,999.0,12.4,0.0
2025-06-20T08:00,14.0,99,13.9,0.00,998.8,12.8,0.0
2025-06-20T09:00,14.1,99,13.9,0.10,998.7,12.6,0.0
2025-06-20T10:00,14.2,99,14.1,0.30,999.1,13.2,0.0
2025-06-20T11:00,14.4,99,14.2,0.10,999.5,10.6,0.0
2025-06-20T12:00,14.6,97,14.1,0.10,999.8,11.5,0.0
2025-06-20T13:00,15.1,94,14.1,0.10,1000.2,12.6,7.0
2025-06-20T14:00,15.7,91,14.3,0.00,1000.5,11.3,11.0
2025-06-20T15:00,15.9,91,14.4,0.00,1000.2,8.0,6.0
2025-06-20T16:00,16.5,87,14.4,0.10,999.7,10.3,9.0
2025-06-20T17:00,16.6,86,14.4,0.10,999.1,10.7,13.0
2025-06-20T18:00,16.9,84,14.2,0.00,998.6,8.9,6.0
2025-06-20T19:00,17.1,83,14.1,0.00,998.4,7.9,22.0
2025-06-20T20:00,17.0,83,14.0,0.00,998.3,7.2,11.0
2025-06-20T21:00,16.2,87,14.1,0.00,998.2,4.6,7.0
2025-06-20T22:00,15.8,91,14.2,0.00,998.3,3.1,0.0
2025-06-20T23:00,14.4,94,13.4,0.00,998.3,2.8,0.0
2025-06-21T00:00,13.4,96,12.6,0.00,998.3,2.0,0.0
2025-06-21T01:00,12.8,99,12.6,0.00,998.4,3.2,0.0
2025-06-21T02:00,12.1,100,12.1,0.00,998.4,3.4,0.0
2025-06-21T03:00,11.7,100,11.7,0.00,998.1,3.6,0.0
2025-06-21T04:00,11.9,100,11.9,0.00,997.9,3.7,0.0
2025-06-21T05:00,12.2,100,12.2,0.00,997.4,2.5,0.0
2025-06-21T06:00,11.9,100,11.9,0.00,996.9,2.1,0.0
2025-06-21T07:00,11.4,99,11.4,0.00,996.5,3.0,0.0
2025-06-21T08:00,11.2,98,11.0,0.00,996.4,3.3,0.0
2025-06-21T09:00,11.5,100,11.5,0.00,996.6,4.7,0.0
2025-06-21T10:00,11.6,100,11.6,0.00,996.9,2.2,0.0
2025-06-21T11:00,10.8,100,10.8,0.00,997.0,1.9,0.0
2025-06-21T12:00,13.6,97,13.1,0.00,997.4,3.3,10.0
2025-06-21T13:00,14.8,95,13.9,0.00,997.8,2.1,65.0
2025-06-21T14:00,16.6,82,13.6,0.00,998.0,2.6,308.0
2025-06-21T15:00,17.5,74,12.8,0.00,997.4,6.6,355.0
2025-06-21T16:00,18.0,69,12.2,0.00,996.2,7.3,490.0
2025-06-21T17:00,18.0,67,11.9,0.00,995.4,6.3,201.0
2025-06-21T18:00,18.0,68,12.0,0.00,994.6,6.1,45.0
2025-06-21T19:00,18.0,69,12.1,0.00,994.3,5.0,47.0
2025-06-21T20:00,17.8,70,12.3,0.00,994.0,3.9,100.0
2025-06-21T21:00,16.0,79,12.4,0.00,993.8,1.6,29.0
2025-06-21T22:00,14.9,82,11.9,0.00,993.9,1.4,0.0
2025-06-21T23:00,14.1,85,11.6,0.00,993.5,3.1,0.0
2025-06-22T00:00,13.9,88,12.0,0.00,993.2,5.6,0.0
2025-06-22T01:00,14.8,88,12.8,0.00,992.6,5.8,0.0
2025-06-22T02:00,13.9,92,12.6,0.00,992.2,5.4,0.0
2025-06-22T03:00,13.9,92,12.8,0.00,991.7,8.0,0.0
2025-06-22T04:00,13.4,94,12.4,0.00,991.3,5.8,0.0
2025-06-22T05:00,13.8,93,12.8,0.00,990.9,3.7,0.0
2025-06-22T06:00,14.0,92,12.8,0.00,990.2,2.0,0.0
2025-06-22T07:00,14.2,92,12.9,0.00,989.6,2.9,0.0
2025-06-22T08:00,14.2,91,12.9,0.00,988.9,3.4,0.0
2025-06-22T09:00,14.4,91,13.0,0.00,988.6,3.9,0.0
2025-06-22T10:00,14.6,91,13.1,0.00,988.8,5.6,0.0
2025-06-22T11:00,14.4,93,13.2,0.00,988.8,6.1,0.0
2025-06-22T12:00,15.1,92,13.8,0.00,988.8,8.0,0.0
2025-06-22T13:00,16.3,91,14.8,0.00,989.0,8.4,6.0
2025-06-22T14:00,17.4,86,14.9,0.00,988.5,13.1,28.0
2025-06-22T15:00,17.8,84,15.0,0.10,988.2,13.4,5.0
2025-06-22T16:00,18.2,85,15.7,0.40,986.8,11.3,2.0
2025-06-22T17:00,18.8,84,16.0,0.50,985.3,7.5,35.0
2025-06-22T18:00,18.2,92,16.9,7.40,984.7,5.1,1.0
2025-06-22T19:00,17.4,96,16.8,13.10,984.9,11.4,0.0
2025-06-22T20:00,17.1,97,16.8,2.60,984.8,12.8,0.0
2025-06-22T21:00,16.5,97,16.1,0.20,984.8,17.4,9.0
2025-06-22T22:00,16.4,98,16.1,0.20,985.6,19.2,0.0
2025-06-22T23:00,16.1,97,15.6,0.40,986.4,20.6,0.0
2025-06-23T00:00,15.3,97,14.8,0.20,987.4,21.2,0.0
2025-06-23T01:00,14.9,95,14.1,0.00,987.6,17.6,0.0
2025-06-23T02:00,14.8,95,13.9,0.00,988.8,19.1,0.0
2025-06-23T03:00,14.4,96,13.7,0.40,990.6,20.6,0.0
2025-06-23T04:00,13.5,94,12.6,0.10,991.1,23.0,0.0
2025-06-23T05:00,12.6,93,11.6,0.00,992.5,22.1,0.0
2025-06-23T06:00,12.2,95,11.4,0.00,992.8,26.0,0.0
2025-06-23T07:00,12.4,90,10.9,0.00,993.6,25.8,0.0
2025-06-23T08:00,11.2,88,9.4,0.00,994.0,23.5,0.0
2025-06-23T09:00,10.3,84,7.7,0.00,995.0,23.5,0.0
2025-06-23T10:00,9.4,68,3.8,0.00,996.3,22.3,0.0
2025-06-23T11:00,8.3,59,0.9,0.00,997.6,20.4,2.0
2025-06-23T12:00,8.6,59,1.0,0.00,998.7,18.4,85.0
2025-06-23T13:00,8.7,60,1.5,0.00,1000.0,20.9,244.0
2025-06-23T14:00,9.5,57,1.4,0.00,1000.8,19.1,366.0
2025-06-23T15:00,9.9,54,0.9,0.00,1000.8,17.1,379.0
2025-06-23T16:00,10.6,53,1.5,0.00,1000.5,15.9,420.0
2025-06-23T17:00,10.3,50,0.3,0.00,999.9,15.2,29.0
2025-06-23T18:00,11.4,46,0.0,0.00,999.8,19.1,369.0
2025-06-23T19:00,10.9,45,-0.4,0.00,1000.0,20.5,139.0
2025-06-23T20:00,10.4,41,-2.2,0.00,1000.0,18.6,177.0
2025-06-23T21:00,8.7,42,-3.6,0.00,1000.7,18.0,45.0
2025-06-23T22:00,7.4,42,-4.7,0.00,1001.0,15.8,0.0
2025-06-23T23:00,6.3,48,-4.0,0.00,1001.4,13.2,0.0
2025-06-24T00:00,5.7,52,-3.3,0.00,1001.7,12.5,0.0
2025-06-24T01:00,4.5,62,-2.2,0.00,1002.5,10.7,0.0
2025-06-24T02:00,4.1,65,-1.9,0.00,1002.7,9.9,0.0
2025-06-24T03:00,3.7,68,-1.6,0.00,1003.1,8.9,0.0
2025-06-24T04:00,3.5,70,-1.5,0.00,1003.0,9.6,0.0
2025-06-24T05:00,3.3,71,-1.5,0.00,1002.8,9.8,0.0
2025-06-24T06:00,3.0,73,-1.4,0.00,1002.4,10.1,0.0
2025-06-24T07:00,2.8,74,-1.3,0.00,1002.3,10.1,0.0
2025-06-24T08:00,2.2,79,-1.1,0.00,1002.0,7.2,0.0
2025-06-24T09:00,1.9,81,-1.0,0.00,1002.1,8.5,0.0
2025-06-24T10:00,1.7,83,-0.9,0.00,1002.6,8.6,0.0
2025-06-24T11:00,1.6,85,-0.6,0.00,1003.0,7.1,2.0
2025-06-24T12:00,4.2,78,0.7,0.00,1003.4,7.7,90.0
2025-06-24T13:00,7.6,63,0.9,0.00,1004.7,7.3,253.0
2025-06-24T14:00,9.5,55,0.9,0.00,1004.7,9.7,403.0
2025-06-24T15:00,10.8,54,1.9,0.00,1004.2,12.0,508.0
2025-06-24T16:00,11.6,49,1.2,0.00,1003.2,13.1,559.0
2025-06-24T17:00,12.0,49,1.5,0.00,1002.1,14.2,548.0
2025-06-24T18:00,12.2,49,1.8,0.00,1001.0,14.6,476.0
2025-06-24T19:00,12.0,49,1.6,0.00,1000.5,15.5,352.0
2025-06-24T20:00,11.4,53,2.0,0.00,1000.2,13.4,192.0
2025-06-24T21:00,9.3,58,1.5,0.00,999.8,9.8,45.0
2025-06-24T22:00,8.1,61,1.1,0.00,999.8,9.2,0.0
2025-06-24T23:00,7.2,66,1.2,0.00,999.8,9.0,0.0
2025-06-25T00:00,6.8,67,1.2,0.00,999.8,11.8,0.0
2025-06-25T01:00,6.6,63,0.1,0.00,999.4,12.2,0.0
2025-06-25T02:00,5.8,67,0.1,0.00,999.1,10.1,0.0
2025-06-25T03:00,5.2,70,0.2,0.00,999.0,11.2,0.0
2025-06-25T04:00,4.7,73,0.2,0.00,998.4,12.2,0.0
2025-06-25T05:00,4.4,73,0.1,0.00,998.3,13.4,0.0
2025-06-25T06:00,4.2,73,-0.2,0.00,997.5,14.9,0.0
2025-06-25T07:00,4.2,73,-0.2,0.00,996.9,16.0,0.0
2025-06-25T08:00,4.1,75,0.1,0.00,996.3,15.9,0.0
2025-06-25T09:00,3.9,76,0.1,0.00,996.1,16.1,0.0
2025-06-25T10:00,3.8,76,-0.1,0.00,996.3,16.2,0.0
2025-06-25T11:00,4.0,74,-0.2,0.00,996.8,17.3,2.0
2025-06-25T12:00,5.7,73,1.1,0.00,997.2,19.5,90.0
2025-06-25T13:00,8.3,63,1.8,0.00,997.1,18.3,255.0
2025-06-25T14:00,10.6,56,2.2,0.00,996.8,19.9,398.0
2025-06-25T15:00,12.6,53,3.3,0.00,996.0,19.1,363.0
2025-06-25T16:00,14.4,50,4.1,0.00,994.8,17.7,517.0
2025-06-25T17:00,14.6,53,5.1,0.00,993.3,16.2,185.0
2025-06-25T18:00,15.2,53,5.6,0.00,992.5,15.0,166.0
2025-06-25T19:00,14.6,58,6.3,0.10,992.1,12.7,5.0
2025-06-25T20:00,14.2,57,5.9,0.00,992.0,12.2,1.0
2025-06-25T21:00,14.1,57,5.8,0.00,991.8,13.9,0.0
2025-06-25T22:00,13.6,62,6.4,0.30,992.4,15.6,0.0
2025-06-25T23:00,11.5,88,9.6,2.10,992.2,14.4,0.0
2025-06-26T00:00,11.9,83,9.1,0.50,992.5,15.6,0.0
2025-06-26T01:00,11.4,92,10.2,0.30,994.1,8.7,0.0
2025-06-26T02:00,11.4,93,10.3,0.90,994.7,10.5,0.0
2025-06-26T03:00,11.3,96,10.6,0.10,994.7,10.4,0.0
2025-06-26T04:00,11.4,94,10.5,0.20,993.9,13.1,0.0
2025-06-26T05:00,11.5,95,10.6,0.00,993.8,10.8,0.0
2025-06-26T06:00,10.9,97,10.4,0.10,993.1,10.5,0.0
2025-06-26T07:00,11.3,97,10.9,0.20,992.6,11.4,0.0
2025-06-26T08:00,11.4,97,11.0,0.40,993.2,9.5,0.0
2025-06-26T09:00,11.4,98,11.1,0.50,993.3,9.7,0.0
2025-06-26T10:00,11.4,98,11.1,0.10,993.3,10.6,0.0
2025-06-26T11:00,11.4,98,11.1,0.20,993.8,8.4,0.0
2025-06-26T12:00,11.9,97,11.4,1.80,994.6,10.1,3.0
2025-06-26T13:00,12.9,86,10.8,0.00,995.4,10.9,140.0
2025-06-26T14:00,14.6,83,11.7,0.00,995.6,7.8,318.0
2025-06-26T15:00,16.0,78,12.1,0.00,996.1,5.9,332.0
2025-06-26T16:00,16.9,74,12.2,0.00,995.9,10.8,180.0
2025-06-26T17:00,16.7,73,11.9,0.00,995.6,14.2,57.0
2025-06-26T18:00,16.6,72,11.6,0.00,995.4,14.3,46.0
2025-06-26T19:00,16.6,69,10.9,0.00,995.7,15.1,29.0
2025-06-26T20:00,16.3,70,10.8,0.00,996.3,15.4,13.0
2025-06-26T21:00,15.4,70,10.1,0.00,997.3,14.5,4.0
2025-06-26T22:00,14.2,75,9.9,0.00,998.0,12.3,0.0
2025-06-26T23:00,12.5,82,9.6,0.00,998.7,12.2,0.0
2025-06-27T00:00,11.7,85,9.3,0.00,999.3,11.7,0.0
2025-06-27T01:00,10.9,83,8.1,0.00,1000.0,11.6,0.0
2025-06-27T02:00,10.4,86,8.1,0.00,1000.0,12.1,0.0
2025-06-27T03:00,10.1,87,8.1,0.00,1000.4,12.0,0.0
2025-06-27T04:00,9.8,89,8.1,0.00,1000.4,11.2,0.0
2025-06-27T05:00,9.2,91,7.8,0.00,1000.4,8.7,0.0
2025-06-27T06:00,8.3,93,7.2,0.00,1000.5,6.4,0.0
2025-06-27T07:00,8.6,93,7.5,0.00,1000.0,9.0,0.0
2025-06-27T08:00,8.4,93,7.4,0.00,999.8,6.8,0.0
2025-06-27T09:00,8.4,95,7.6,0.00,1000.0,9.1,0.0
2025-06-27T10:00,8.9,95,8.1,0.00,1000.1,11.9,0.0
2025-06-27T11:00,9.4,94,8.5,0.00,1000.4,12.2,0.0
2025-06-27T12:00,10.1,92,8.9,0.00,1001.2,8.2,3.0
2025-06-27T13:00,11.8,88,9.9,0.00,1002.0,10.9,87.0
2025-06-27T14:00,13.9,83,11.1,0.00,1001.8,11.2,340.0
2025-06-27T15:00,15.4,79,11.8,0.00,1001.1,10.8,474.0
2025-06-27T16:00,16.5,74,11.9,0.00,1000.1,11.2,482.0
2025-06-27T17:00,17.5,71,12.2,0.00,999.4,10.7,462.0
2025-06-27T18:00,18.1,67,12.0,0.00,998.9,9.9,456.0
2025-06-27T19:00,18.2,66,11.8,0.00,998.5,9.3,195.0
2025-06-27T20:00,17.4,74,12.6,0.00,997.9,5.4,0.0
2025-06-27T21:00,16.2,81,13.0,0.00,998.0,4.0,3.0
2025-06-27T22:00,15.6,82,12.6,0.00,998.1,8.6,0.0
2025-06-27T23:00,15.0,81,11.7,0.00,997.8,11.8,0.0
2025-06-28T00:00,14.9,80,11.4,0.00,997.9,10.5,0.0
2025-06-28T01:00,13.1,90,11.4,0.00,997.9,9.7,0.0
2025-06-28T02:00,14.2,87,12.1,0.00,997.8,10.7,0.0
2025-06-28T03:00,13.5,92,12.1,0.00,997.6,9.6,0.0
2025-06-28T04:00,13.6,92,12.4,0.00,997.1,9.9,0.0
2025-06-28T05:00,13.9,92,12.6,0.00,996.4,10.1,0.0
2025-06-28T06:00,14.4,90,12.7,0.00,995.8,11.1,0.0
2025-06-28T07:00,14.4,90,12.8,0.00,995.2,10.2,0.0
2025-06-28T08:00,14.4,89,12.7,0.50,994.9,8.5,0.0
2025-06-28T09:00,14.3,92,12.9,0.10,994.8,6.6,0.0
2025-06-28T10:00,14.2,92,12.9,0.50,994.7,4.0,0.0
2025-06-28T11:00,14.2,94,13.2,0.10,994.7,1.5,0.0
2025-06-28T12:00,14.6,97,14.1,0.50,995.3,3.8,0.0
2025-06-28T13:00,15.1,96,14.6,3.50,996.2,2.1,5.0
2025-06-28T14:00,15.9,92,14.6,3.60,996.3,4.7,50.0
2025-06-28T15:00,16.5,90,14.9,0.00,995.7,3.3,7.0
2025-06-28T16:00,16.6,91,15.1,0.20,994.9,3.0,1.0
2025-06-28T17:00,17.0,89,15.1,0.10,994.1,10.4,9.0
2025-06-28T18:00,16.3,93,15.2,0.50,993.5,6.6,1.0
2025-06-28T19:00,16.2,93,15.0,1.60,993.0,6.6,9.0
2025-06-28T20:00,15.6,98,15.2,2.70,992.8,7.7,0.0
2025-06-28T21:00,15.2,99,15.1,2.50,993.3,6.3,0.0
2025-06-28T22:00,15.0,99,14.9,3.20,993.3,6.8,0.0
2025-06-28T23:00,14.7,99,14.6,0.70,993.5,11.0,0.0
2025-06-29T00:00,14.3,99,14.1,0.90,994.0,12.7,0.0
2025-06-29T01:00,14.0,98,13.8,1.20,995.1,12.9,0.0
2025-06-29T02:00,13.6,99,13.4,1.00,995.6,14.9,0.0
2025-06-29T03:00,13.1,98,12.9,1.90,994.7,21.6,0.0
2025-06-29T04:00,12.8,98,12.5,2.40,996.4,14.5,0.0
2025-06-29T05:00,12.4,98,12.1,3.70,995.9,19.0,0.0
2025-06-29T06:00,12.1,98,11.8,2.50,996.3,16.5,0.0
2025-06-29T07:00,11.8,98,11.6,2.10,997.3,17.4,0.0
2025-06-29T08:00,11.6,97,11.1,0.50,997.9,18.8,0.0
2025-06-29T09:00,11.1,97,10.6,0.00,998.4,22.5,0.0
2025-06-29T10:00,10.5,96,9.9,0.00,999.5,19.4,0.0
2025-06-29T11:00,9.6,95,8.9,0.00,1000.5,18.8,0.0
2025-06-29T12:00,9.5,92,8.2,0.00,1001.3,20.2,55.0
2025-06-29T13:00,10.6,86,8.3,0.00,1002.2,24.8,191.0
2025-06-29T14:00,11.8,83,9.0,0.00,1003.1,22.4,108.0
2025-06-29T15:00,12.2,82,9.3,0.00,1003.4,19.1,27.0
2025-06-29T16:00,13.1,76,8.9,0.10,1003.6,19.4,17.0
2025-06-29T17:00,13.9,73,9.1,0.10,1003.5,21.4,83.0
2025-06-29T18:00,13.6,70,8.4,0.00,1003.4,19.9,52.0
2025-06-29T19:00,13.6,71,8.3,0.00,1003.6,20.8,5.0
2025-06-29T20:00,13.4,70,8.1,0.00,1004.0,20.1,55.0
2025-06-29T21:00,12.5,80,9.2,0.10,1004.1,17.1,0.0
2025-06-29T22:00,12.4,79,8.9,0.00,1004.5,16.6,0.0
2025-06-29T23:00,11.9,78,8.3,0.00,1005.0,17.3,0.0
2025-06-30T00:00,11.4,81,8.2,0.00,1005.6,16.5,0.0
2025-06-30T01:00,10.8,89,8.9,0.00,1006.4,16.6,0.0
2025-06-30T02:00,10.5,91,9.1,0.20,1007.0,17.8,0.0
2025-06-30T03:00,10.0,93,8.9,0.10,1007.6,19.8,0.0
2025-06-30T04:00,9.6,89,7.8,0.10,1008.1,21.3,0.0
2025-06-30T05:00,9.2,84,6.7,0.00,1008.4,21.1,0.0
2025-06-30T06:00,8.9,81,5.8,0.00,1008.1,21.3,0.0
2025-06-30T07:00,8.3,81,5.2,0.00,1007.9,19.8,0.0
2025-06-30T08:00,8.0,79,4.6,0.00,1008.4,20.7,0.0
2025-06-30T09:00,7.4,78,3.9,0.00,1008.9,21.3,0.0
2025-06-30T10:00,6.7,80,3.4,0.00,1009.6,20.5,0.0
2025-06-30T11:00,5.4,85,3.0,0.00,1010.4,19.2,1.0
2025-06-30T12:00,5.8,82,3.0,0.00,1011.2,21.3,71.0
2025-06-30T13:00,6.7,76,2.8,0.00,1011.9,20.0,222.0
2025-06-30T14:00,7.8,66,1.9,0.00,1012.6,18.6,376.0
2025-06-30T15:00,8.9,57,0.9,0.00,1012.4,16.7,497.0
2025-06-30T16:00,9.8,52,0.3,0.00,1011.4,15.4,551.0
2025-06-30T17:00,10.3,49,0.1,0.00,1010.6,13.9,540.0
2025-06-30T18:00,10.6,47,-0.2,0.00,1010.0,13.7,470.0
2025-06-30T19:00,10.4,47,-0.4,0.00,1010.0,13.8,347.0
2025-06-30T20:00,9.6,51,-0.2,0.00,1010.1,13.5,192.0
2025-06-30T21:00,7.8,61,0.8,0.00,1009.7,7.7,46.0
2025-06-30T22:00,6.6,68,1.1,0.00,1009.6,8.2,0.0
2025-06-30T23:00,6.1,71,1.2,0.00,1010.3,11.4,0.0
2025-07-01T00:00,5.5,75,1.4,0.00,1010.7,13.1,0.0
2025-07-01T01:00,4.3,81,1.4,0.00,1011.2,13.1,0.0
2025-07-01T02:00,3.9,84,1.4,0.00,1011.4,13.4,0.0
2025-07-01T03:00,3.6,86,1.5,0.00,1011.5,14.7,0.0
2025-07-01T04:00,3.3,89,1.6,0.00,1011.4,15.1,0.0
2025-07-01T05:00,3.0,91,1.8,0.00,1011.1,14.6,0.0
2025-07-01T06:00,2.8,92,1.7,0.00,1010.8,15.0,0.0
2025-07-01T07:00,2.7,92,1.5,0.00,1010.4,14.9,0.0
2025-07-01T08:00,2.5,92,1.4,0.00,1010.2,13.6,0.0
2025-07-01T09:00,2.3,93,1.2,0.00,1010.3,13.0,0.0
2025-07-01T10:00,2.2,93,1.1,0.00,1010.6,12.6,0.0
2025-07-01T11:00,2.2,93,1.2,0.00,1011.4,10.7,2.0
2025-07-01T12:00,4.3,83,1.8,0.00,1011.5,14.8,84.0
2025-07-01T13:00,5.8,73,1.4,0.00,1012.4,17.3,247.0
2025-07-01T14:00,7.2,65,0.9,0.00,1013.1,14.6,399.0
2025-07-01T15:00,8.3,57,0.3,0.00,1013.1,12.1,507.0
2025-07-01T16:00,9.2,54,0.3,0.00,1012.3,13.1,560.0
2025-07-01T17:00,9.8,50,-0.3,0.00,1010.8,14.2,552.0
2025-07-01T18:00,9.9,48,-0.7,0.00,1010.3,15.4,482.0
2025-07-01T19:00,9.5,48,-0.9,0.00,1009.9,16.6,359.0
2025-07-01T20:00,8.6,54,-0.2,0.00,1010.1,15.7,200.0
2025-07-01T21:00,7.0,63,0.5,0.00,1010.0,10.6,49.0
2025-07-01T22:00,5.8,69,0.5,0.00,1010.0,10.2,0.0
2025-07-01T23:00,5.4,70,0.4,0.00,1010.3,13.4,0.0
2025-07-02T00:00,4.9,73,0.4,0.00,1010.5,11.9,0.0
2025-07-02T01:00,4.2,74,0.1,0.00,1011.0,11.2,0.0
2025-07-02T02:00,3.9,75,-0.2,0.00,1011.0,12.1,0.0
2025-07-02T03:00,3.7,76,-0.2,0.00,1010.8,12.2,0.0
2025-07-02T04:00,3.5,79,0.2,0.00,1010.8,12.2,0.0
2025-07-02T05:00,3.2,82,0.5,0.00,1010.6,13.0,0.0
2025-07-02T06:00,3.0,86,0.8,0.00,1010.3,13.0,0.0
2025-07-02T07:00,2.7,88,0.9,0.00,1010.2,13.2,0.0
2025-07-02T08:00,2.5,89,0.9,0.00,1010.1,13.7,0.0
2025-07-02T09:00,2.3,90,0.8,0.00,1010.2,14.4,0.0
2025-07-02T10:00,2.2,90,0.8,0.00,1010.5,14.5,0.0
2025-07-02T11:00,2.2,90,0.7,0.00,1010.8,14.3,2.0
2025-07-02T12:00,3.9,84,1.5,0.00,1011.0,14.6,85.0
2025-07-02T13:00,5.8,75,1.6,0.00,1011.8,16.6,247.0
2025-07-02T14:00,7.7,70,2.5,0.00,1012.1,15.0,398.0
2025-07-02T15:00,9.4,65,3.1,0.00,1012.1,14.0,506.0
2025-07-02T16:00,10.8,60,3.2,0.00,1011.2,12.1,542.0
2025-07-02T17:00,11.6,56,3.2,0.00,1010.4,11.8,548.0
2025-07-02T18:00,12.1,55,3.2,0.00,1010.1,11.8,481.0
2025-07-02T19:00,11.7,56,3.1,0.00,1009.9,12.9,359.0
2025-07-02T20:00,10.9,59,3.2,0.00,1009.7,11.9,200.0
2025-07-02T21:00,8.8,67,3.0,0.00,1009.5,9.7,50.0
2025-07-02T22:00,7.7,72,2.8,0.00,1009.6,11.6,0.0
2025-07-02T23:00,7.3,76,3.3,0.00,1009.8,14.1,0.0
2025-07-03T00:00,6.9,81,3.8,0.00,1009.8,14.5,0.0
2025-07-03T01:00,6.7,84,4.1,0.00,1010.1,13.8,0.0
2025-07-03T02:00,6.3,87,4.3,0.00,1010.2,13.4,0.0
2025-07-03T03:00,6.1,89,4.3,0.00,1010.0,12.9,0.0
2025-07-03T04:00,5.7,90,4.2,0.00,1009.8,11.7,0.0
2025-07-03T05:00,5.3,92,4.1,0.00,1009.5,12.1,0.0
2025-07-03T06:00,5.1,93,4.1,0.00,1009.2,11.8,0.0
2025-07-03T07:00,4.8,95,4.0,0.00,1008.8,11.8,0.0
2025-07-03T08:00,4.6,95,3.9,0.00,1008.5,11.5,0.0
2025-07-03T09:00,4.3,96,3.8,0.00,1008.3,10.7,0.0
2025-07-03T10:00,4.1,96,3.5,0.00,1008.4,9.8,0.0
2025-07-03T11:00,4.0,97,3.5,0.00,1008.6,9.1,2.0
2025-07-03T12:00,6.0,94,5.2,0.00,1009.0,10.7,84.0
2025-07-03T13:00,8.0,88,6.1,0.00,1009.5,9.6,247.0
2025-07-03T14:00,10.1,81,6.9,0.00,1009.9,7.5,399.0
2025-07-03T15:00,12.1,74,7.6,0.00,1009.0,5.5,508.0
2025-07-03T16:00,13.8,69,8.2,0.00,1008.2,5.0,563.0
2025-07-03T17:00,14.9,64,8.2,0.00,1007.1,5.1,553.0
2025-07-03T18:00,15.5,61,8.1,0.00,1006.4,5.6,483.0
2025-07-03T19:00,15.6,61,8.1,0.00,1006.0,5.8,359.0
2025-07-03T20:00,14.8,68,9.0,0.00,1006.0,5.0,200.0
2025-07-03T21:00,11.5,81,8.4,0.00,1005.9,5.9,49.0
2025-07-03T22:00,10.2,87,8.2,0.00,1006.1,8.9,0.0
2025-07-03T23:00,9.1,87,7.1,0.00,1006.0,8.0,0.0
2025-07-04T00:00,8.4,85,6.1,0.00,1005.9,7.7,0.0
2025-07-04T01:00,8.9,83,6.2,0.00,1005.4,7.8,0.0
2025-07-04T02:00,9.2,82,6.3,0.00,1005.1,8.4,0.0
2025-07-04T03:00,8.9,85,6.4,0.00,1005.0,8.4,0.0
2025-07-04T04:00,8.4,88,6.6,0.00,1004.7,8.3,0.0
2025-07-04T05:00,8.1,91,6.7,0.00,1004.4,8.3,0.0
2025-07-04T06:00,7.9,93,6.8,0.00,1004.0,7.9,0.0
2025-07-04T07:00,7.6,95,6.8,0.00,1003.8,7.0,0.0
2025-07-04T08:00,7.2,96,6.7,0.00,1003.9,6.8,0.0
2025-07-04T09:00,7.3,96,6.8,0.00,1004.0,7.1,0.0
2025-07-04T10:00,7.8,96,7.2,0.00,1004.5,8.1,0.0
2025-07-04T11:00,8.1,96,7.4,0.00,1005.1,9.9,2.0
2025-07-04T12:00,10.2,92,9.1,0.00,1005.7,12.4,80.0
2025-07-04T13:00,12.4,88,10.5,0.00,1005.9,11.5,237.0
2025-07-04T14:00,14.9,81,11.6,0.00,1006.2,12.2,386.0
2025-07-04T15:00,17.1,75,12.7,0.00,1006.1,12.3,493.0
2025-07-04T16:00,18.7,71,13.4,0.00,1005.0,12.1,532.0
2025-07-04T17:00,19.9,68,13.8,0.00,1004.0,11.6,485.0
2025-07-04T18:00,20.5,66,13.9,0.00,1003.3,11.7,452.0
2025-07-04T19:00,20.5,66,13.9,0.00,1003.2,10.9,347.0
2025-07-04T20:00,19.6,73,14.6,0.00,1003.2,7.2,191.0
2025-07-04T21:00,16.5,84,13.6,0.00,1003.1,7.1,43.0
2025-07-04T22:00,15.3,84,12.7,0.00,1003.1,7.9,0.0
2025-07-04T23:00,14.6,85,12.0,0.00,1003.1,8.1,0.0
2025-07-05T00:00,13.9,86,11.6,0.00,1003.5,9.3,0.0
2025-07-05T01:00,13.9,86,11.5,0.00,1003.3,11.1,0.0
2025-07-05T02:00,13.3,86,11.1,0.00,1003.6,10.3,0.0
2025-07-05T03:00,12.8,86,10.6,0.00,1003.7,9.8,0.0
2025-07-05T04:00,12.1,88,10.1,0.00,1003.6,9.2,0.0
2025-07-05T05:00,11.5,88,9.6,0.00,1003.6,8.1,0.0
2025-07-05T06:00,10.6,89,8.9,0.00,1003.5,7.4,0.0
2025-07-05T07:00,10.3,90,8.6,0.00,1003.3,7.5,0.0
2025-07-05T08:00,10.0,90,8.4,0.00,1003.2,7.3,0.0
2025-07-05T09:00,9.6,91,8.2,0.00,1003.3,7.6,0.0
2025-07-05T10:00,9.4,92,8.1,0.00,1003.8,7.6,0.0
2025-07-05T11:00,9.3,92,8.1,0.00,1004.2,7.8,2.0
2025-07-05T12:00,11.6,88,9.7,0.00,1004.6,10.7,82.0
2025-07-05T13:00,14.6,82,11.7,0.00,1004.8,10.0,241.0
2025-07-05T14:00,17.0,76,12.7,0.00,1005.3,8.0,390.0
2025-07-05T15:00,19.1,70,13.4,0.00,1005.0,8.2,498.0
2025-07-05T16:00,20.5,65,13.6,0.00,1004.2,7.8,551.0
2025-07-05T17:00,21.5,61,13.7,0.00,1003.2,6.5,543.0
2025-07-05T18:00,21.9,59,13.4,0.00,1002.7,5.4,475.0
2025-07-05T19:00,21.9,57,13.1,0.00,1002.3,4.6,354.0
2025-07-05T20:00,20.9,76,16.5,0.00,1002.0,2.1,198.0
2025-07-05T21:00,17.7,77,13.7,0.00,1001.6,1.8,50.0
2025-07-05T22:00,15.7,81,12.4,0.00,1001.6,5.5,0.0
2025-07-05T23:00,14.8,83,11.9,0.00,1001.7,7.6,0.0
2025-07-06T00:00,14.1,85,11.6,0.00,1001.7,7.7,0.0
2025-07-06T01:00,14.1,84,11.4,0.00,1001.3,8.7,0.0
2025-07-06T02:00,13.7,84,11.1,0.00,1001.5,10.2,0.0
2025-07-06T03:00,13.3,86,11.1,0.00,1001.4,11.1,0.0
2025-07-06T04:00,12.7,90,11.1,0.00,1001.2,10.8,0.0
2025-07-06T05:00,12.4,92,11.1,0.00,1001.1,9.6,0.0
2025-07-06T06:00,12.1,93,11.0,0.00,1000.8,9.0,0.0
2025-07-06T07:00,11.9,94,10.9,0.00,1000.5,9.5,0.0
2025-07-06T08:00,11.6,94,10.7,0.00,1000.3,9.7,0.0
2025-07-06T09:00,11.4,94,10.4,0.00,1000.6,9.9,0.0
2025-07-06T10:00,11.1,95,10.2,0.00,1000.8,10.2,0.0
2025-07-06T11:00,11.1,94,10.2,0.00,1001.0,11.0,2.0
2025-07-06T12:00,13.1,89,11.4,0.00,1001.4,13.0,80.0
2025-07-06T13:00,15.4,84,12.8,0.00,1001.8,12.2,238.0
2025-07-06T14:00,17.7,75,13.1,0.00,1002.2,11.7,387.0
2025-07-06T15:00,20.0,68,13.9,0.00,1001.9,12.0,493.0
2025-07-06T16:00,21.6,65,14.8,0.00,1001.0,12.2,545.0
2025-07-06T17:00,22.8,63,15.2,0.00,1000.3,12.0,533.0
2025-07-06T18:00,23.2,61,15.2,0.00,999.4,12.4,465.0
2025-07-06T19:00,23.1,62,15.4,0.00,998.7,12.4,345.0
2025-07-06T20:00,22.1,69,16.1,0.00,998.6,9.4,193.0
2025-07-06T21:00,19.5,78,15.4,0.00,998.7,7.8,49.0
2025-07-06T22:00,18.3,80,14.7,0.00,999.1,8.8,0.0
2025-07-06T23:00,17.6,79,14.1,0.00,999.3,9.8,0.0
2025-07-07T00:00,16.9,81,13.6,0.00,999.6,11.4,0.0
2025-07-07T01:00,16.6,83,13.8,0.00,999.3,12.5,0.0
2025-07-07T02:00,15.9,87,13.7,0.00,999.4,11.3,0.0
2025-07-07T03:00,15.4,88,13.3,0.00,999.8,9.6,0.0
2025-07-07T04:00,14.7,88,12.8,0.00,1000.1,8.3,0.0
2025-07-07T05:00,14.4,88,12.5,0.00,1000.3,8.3,0.0
2025-07-07T06:00,14.2,88,12.3,0.00,1000.3,8.7,0.0
2025-07-07T07:00,14.0,88,12.1,0.00,1000.1,9.4,0.0
2025-07-07T08:00,13.7,88,11.8,0.00,1000.3,9.1,0.0
2025-07-07T09:00,13.4,89,11.6,0.00,1000.6,9.8,0.0
2025-07-07T10:00,13.1,89,11.4,0.00,1001.1,11.1,0.0
2025-07-07T11:00,12.9,90,11.4,0.00,1001.3,11.5,2.0
2025-07-07T12:00,14.6,86,12.3,0.00,1002.0,13.7,79.0
2025-07-07T13:00,17.2,80,13.9,0.00,1002.3,11.9,232.0
2025-07-07T14:00,19.5,74,14.7,0.00,1002.5,12.2,377.0
2025-07-07T15:00,21.6,67,15.2,0.00,1002.4,12.8,481.0
2025-07-07T16:00,23.2,64,15.9,0.00,1001.9,13.2,533.0
2025-07-07T17:00,24.2,61,16.2,0.00,1001.1,11.4,524.0
2025-07-07T18:00,24.6,58,15.9,0.00,1000.7,10.7,456.0
2025-07-07T19:00,24.6,57,15.6,0.00,1000.6,10.4,339.0
2025-07-07T20:00,23.5,70,17.7,0.00,1000.8,4.2,190.0
2025-07-07T21:00,21.3,73,16.2,0.00,1001.1,2.2,41.0
2025-07-07T22:00,19.7,79,15.9,0.00,1001.7,6.8,0.0
2025-07-07T23:00,18.2,85,15.6,0.10,1002.3,14.2,0.0
2025-07-08T00:00,16.7,93,15.5,0.00,1002.7,10.1,0.0
2025-07-08T01:00,17.0,91,15.4,0.00,1002.9,9.2,0.0
2025-07-08T02:00,16.0,95,15.2,0.00,1003.1,9.3,0.0
2025-07-08T03:00,15.9,95,15.0,0.00,1002.8,9.0,0.0
2025-07-08T04:00,15.4,94,14.4,0.00,1002.7,8.0,0.0
2025-07-08T05:00,15.1,93,14.0,0.00,1002.3,6.0,0.0
2025-07-08T06:00,15.4,93,14.1,0.00,1001.8,6.4,0.0
2025-07-08T07:00,15.6,92,14.3,0.00,1001.5,6.4,0.0
2025-07-08T08:00,15.6,91,14.1,0.00,1001.6,3.5,0.0
2025-07-08T09:00,15.6,92,14.3,0.00,1001.8,5.2,0.0
2025-07-08T10:00,14.1,96,13.6,0.00,1002.2,7.9,0.0
2025-07-08T11:00,13.8,97,13.4,0.00,1002.6,10.1,2.0
2025-07-08T12:00,15.4,95,14.7,0.00,1003.1,11.3,71.0
2025-07-08T13:00,18.0,85,15.4,0.00,1003.8,10.9,208.0
2025-07-08T14:00,19.6,80,16.1,0.00,1004.1,9.0,295.0
2025-07-08T15:00,20.5,78,16.4,0.00,1004.0,8.3,70.0
2025-07-08T16:00,21.5,73,16.5,0.00,1003.3,8.3,122.0
2025-07-08T17:00,22.2,71,16.6,0.00,1002.7,7.3,86.0
2025-07-08T18:00,22.8,68,16.5,0.00,1001.9,7.0,117.0
2025-07-08T19:00,22.6,69,16.6,0.00,1001.9,6.5,29.0
2025-07-08T20:00,22.1,75,17.6,0.00,1001.7,4.7,25.0
2025-07-08T21:00,20.6,80,17.1,0.00,1001.5,5.4,7.0
2025-07-08T22:00,19.5,83,16.6,0.00,1001.8,8.1,0.0
2025-07-08T23:00,18.0,88,16.0,0.00,1001.9,10.7,0.0
2025-07-09T00:00,17.6,84,15.0,0.00,1002.3,12.1,0.0
2025-07-09T01:00,17.3,81,14.1,0.00,1002.6,12.6,0.0
2025-07-09T02:00,16.3,86,13.9,0.00,1002.4,12.8,0.0
2025-07-09T03:00,15.6,87,13.4,0.00,1002.7,13.2,0.0
2025-07-09T04:00,15.1,88,13.1,0.00,1003.1,11.3,0.0
2025-07-09T05:00,14.4,90,12.8,0.00,1002.9,10.8,0.0
2025-07-09T06:00,13.9,91,12.4,0.00,1002.6,11.2,0.0
2025-07-09T07:00,13.6,91,12.2,0.00,1002.5,11.9,0.0
2025-07-09T08:00,13.4,91,11.9,0.00,1002.4,12.0,0.0
2025-07-09T09:00,13.1,91,11.7,0.00,1002.6,12.3,0.0
2025-07-09T10:00,12.8,92,11.5,0.00,1002.9,12.2,0.0
2025-07-09T11:00,12.6,92,11.4,0.00,1003.2,11.7,2.0
2025-07-09T12:00,14.1,88,12.2,0.00,1003.7,13.0,81.0
2025-07-09T13:00,17.0,81,13.8,0.00,1004.4,10.2,238.0
2025-07-09T14:00,19.0,75,14.4,0.00,1004.7,10.3,388.0
2025-07-09T15:00,20.7,68,14.6,0.00,1004.6,9.9,497.0
2025-07-09T16:00,22.0,61,14.1,0.00,1004.0,9.9,551.0
2025-07-09T17:00,22.7,55,13.2,0.00,1003.0,9.9,545.0
2025-07-09T18:00,22.9,52,12.6,0.00,1002.2,9.7,480.0
2025-07-09T19:00,22.7,51,12.1,0.00,1001.9,9.5,360.0
2025-07-09T20:00,21.5,61,13.6,0.00,1001.7,6.9,204.0
2025-07-09T21:00,18.3,71,12.9,0.00,1001.4,6.8,53.0
2025-07-09T22:00,16.8,74,12.1,0.00,1001.6,8.0,0.0
2025-07-09T23:00,16.1,73,11.3,0.00,1002.0,9.2,0.0
2025-07-10T00:00,15.4,75,11.0,0.00,1002.1,9.0,0.0
2025-07-10T01:00,15.4,76,11.1,0.00,1002.4,10.3,0.0
2025-07-10T02:00,14.8,78,10.9,0.00,1002.1,10.3,0.0
2025-07-10T03:00,13.6,83,10.7,0.00,1002.2,9.0,0.0
2025-07-10T04:00,12.9,84,10.4,0.00,1002.1,8.7,0.0
2025-07-10T05:00,12.6,84,9.9,0.00,1001.9,8.1,0.0
2025-07-10T06:00,12.3,83,9.6,0.00,1001.8,8.8,0.0
2025-07-10T07:00,12.8,81,9.5,0.00,1001.7,11.1,0.0
2025-07-10T08:00,13.9,76,9.6,0.00,1001.6,11.1,0.0
2025-07-10T09:00,14.4,75,9.9,0.00,1001.9,8.5,0.0
2025-07-10T10:00,14.1,77,10.2,0.00,1002.4,5.5,0.0
2025-07-10T11:00,14.4,79,10.7,0.00,1002.7,6.5,0.0
2025-07-10T12:00,15.4,79,11.8,0.00,1003.3,9.2,26.0
2025-07-10T13:00,15.4,80,12.1,0.00,1003.8,12.9,26.0
2025-07-10T14:00,17.5,77,13.4,0.00,1004.2,12.5,86.0
2025-07-10T15:00,19.5,71,14.1,0.00,1004.1,12.6,309.0
2025-07-10T16:00,21.4,65,14.4,0.00,1003.5,12.0,373.0
2025-07-10T17:00,22.0,61,14.2,0.00,1002.8,11.4,192.0
2025-07-10T18:00,22.5,57,13.5,0.00,1002.4,11.3,157.0
2025-07-10T19:00,22.5,56,13.2,0.00,1001.9,9.6,170.0
2025-07-10T20:00,21.8,63,14.5,0.00,1002.0,4.7,187.0
2025-07-10T21:00,19.1,68,12.9,0.00,1001.8,3.4,49.0
2025-07-10T22:00,17.1,73,12.1,0.00,1002.2,3.8,0.0
2025-07-10T23:00,15.9,83,13.0,0.00,1002.5,6.5,0.0
2025-07-11T00:00,15.1,89,13.3,0.00,1002.9,7.2,0.0
2025-07-11T01:00,15.4,85,12.9,0.00,1003.4,8.0,0.0
2025-07-11T02:00,14.9,84,12.1,0.00,1003.4,8.2,0.0
2025-07-11T03:00,14.0,85,11.4,0.00,1003.6,7.5,0.0
2025-07-11T04:00,13.1,86,10.9,0.00,1003.8,6.6,0.0
2025-07-11T05:00,12.6,86,10.4,0.00,1003.5,5.9,0.0
2025-07-11T06:00,12.4,86,10.1,0.00,1003.2,5.1,0.0
2025-07-11T07:00,12.2,86,9.9,0.00,1002.8,4.6,0.0
2025-07-11T08:00,12.0,86,9.7,0.00,1002.7,5.2,0.0
2025-07-11T09:00,11.8,86,9.6,0.00,1002.8,5.4,0.0
2025-07-11T10:00,11.4,87,9.4,0.00,1003.3,6.0,0.0
2025-07-11T11:00,11.6,88,9.7,0.00,1003.7,6.2,2.0
2025-07-11T12:00,14.5,82,11.5,0.00,1004.3,8.9,80.0
2025-07-11T13:00,17.6,77,13.6,0.00,1004.9,6.6,241.0
2025-07-11T14:00,19.8,71,14.4,0.00,1005.6,6.1,391.0
2025-07-11T15:00,21.3,64,14.2,0.00,1005.3,6.7,499.0
2025-07-11T16:00,22.4,56,13.2,0.00,1004.7,7.6,552.0
2025-07-11T17:00,22.8,48,11.4,0.00,1003.8,7.7,544.0
2025-07-11T18:00,22.8,48,11.2,0.00,1003.1,8.3,476.0
2025-07-11T19:00,22.5,49,11.2,0.00,1003.0,8.8,356.0
2025-07-11T20:00,21.2,60,13.1,0.00,1002.9,8.0,200.0
2025-07-11T21:00,18.6,66,12.1,0.00,1002.9,10.9,52.0
2025-07-11T22:00,17.0,66,10.6,0.00,1003.0,11.8,0.0
2025-07-11T23:00,16.0,65,9.4,0.00,1003.2,9.8,0.0
2025-07-12T00:00,15.6,63,8.4,0.00,1003.4,10.2,0.0
2025-07-12T01:00,15.2,67,9.1,0.00,1003.8,13.2,0.0
2025-07-12T02:00,14.8,73,10.1,0.00,1003.9,14.2,0.0
2025-07-12T03:00,14.1,79,10.4,0.00,1004.0,12.5,0.0
2025-07-12T04:00,13.6,80,10.2,0.00,1004.3,11.9,0.0
2025-07-12T05:00,13.4,80,10.0,0.00,1003.9,12.8,0.0
2025-07-12T06:00,13.1,81,9.9,0.00,1003.5,13.1,0.0
2025-07-12T07:00,12.8,83,9.9,0.00,1003.1,13.1,0.0
2025-07-12T08:00,12.4,84,9.8,0.00,1002.5,12.9,0.0
2025-07-12T09:00,12.1,85,9.7,0.00,1002.3,12.1,0.0
2025-07-12T10:00,12.0,86,9.7,0.00,1002.4,11.9,0.0
2025-07-12T11:00,12.1,86,9.8,0.00,1002.9,11.7,1.0
2025-07-12T12:00,13.9,83,11.1,0.00,1003.1,12.9,77.0
2025-07-12T13:00,15.9,79,12.4,0.00,1003.4,10.2,186.0
2025-07-12T14:00,18.4,75,13.8,0.00,1003.8,9.3,361.0
2025-07-12T15:00,20.4,70,14.8,0.00,1003.4,7.9,474.0
2025-07-12T16:00,22.0,67,15.6,0.00,1002.8,7.3,528.0
2025-07-12T17:00,23.1,64,16.0,0.00,1001.7,6.4,515.0
2025-07-12T18:00,23.6,63,16.1,0.00,1001.2,5.6,392.0
2025-07-12T19:00,23.8,62,16.0,0.00,1000.9,5.1,327.0
2025-07-12T20:00,22.9,71,17.4,0.00,1000.7,5.6,195.0
2025-07-12T21:00,20.0,82,16.9,0.00,1000.5,6.5,50.0
2025-07-12T22:00,18.6,87,16.4,0.00,1000.5,9.4,0.0
2025-07-12T23:00,17.5,89,15.7,0.00,1000.7,8.8,0.0
2025-07-13T00:00,16.9,89,15.0,0.00,1000.9,9.1,0.0
2025-07-13T01:00,17.0,83,14.1,0.00,1001.4,10.4,0.0
2025-07-13T02:00,16.5,87,14.2,0.00,1001.4,9.8,0.0
2025-07-13T03:00,15.9,89,14.1,0.00,1001.5,8.7,0.0
2025-07-13T04:00,15.4,89,13.6,0.00,1001.5,7.8,0.0
2025-07-13T05:00,15.0,89,13.1,0.00,1001.2,7.4,0.0
2025-07-13T06:00,14.8,88,12.9,0.00,1000.9,7.4,0.0
2025-07-13T07:00,14.4,88,12.6,0.00,1000.6,7.4,0.0
2025-07-13T08:00,14.2,88,12.2,0.00,1000.3,7.9,0.0
2025-07-13T09:00,14.1,88,12.1,0.00,1000.5,8.6,0.0
2025-07-13T10:00,13.9,87,11.8,0.00,1000.8,9.2,0.0
2025-07-13T11:00,14.2,84,11.6,0.00,1001.3,10.4,2.0
2025-07-13T12:00,16.4,78,12.6,0.00,1001.9,12.3,81.0
2025-07-13T13:00,18.6,77,14.4,0.00,1002.8,11.9,235.0
2025-07-13T14:00,21.1,68,15.1,0.00,1003.4,9.1,380.0
2025-07-13T15:00,23.3,63,15.9,0.00,1003.0,7.2,486.0
2025-07-13T16:00,24.6,60,16.4,0.00,1002.5,6.2,525.0
2025-07-13T17:00,25.4,57,16.4,0.00,1001.5,4.4,514.0
2025-07-13T18:00,25.9,55,16.0,0.00,1001.1,3.6,464.0
2025-07-13T19:00,25.9,54,15.9,0.00,1000.9,4.6,349.0
2025-07-13T20:00,24.6,69,18.6,0.00,1000.7,3.8,197.0
2025-07-13T21:00,21.5,76,17.2,0.00,1000.5,4.1,52.0
2025-07-13T22:00,19.5,82,16.5,0.00,1000.8,6.3,0.0
2025-07-13T23:00,18.7,86,16.2,0.00,1001.1,6.9,0.0
2025-07-14T00:00,18.4,86,15.9,0.00,1001.1,7.8,0.0
2025-07-14T01:00,18.2,81,14.8,0.00,1001.5,9.2,0.0
2025-07-14T02:00,17.5,82,14.4,0.00,1001.9,9.2,0.0
2025-07-14T03:00,17.2,84,14.6,0.00,1002.0,8.8,0.0
2025-07-14T04:00,16.9,85,14.4,0.00,1001.8,8.7,0.0
2025-07-14T05:00,16.5,86,14.1,0.00,1001.7,8.9,0.0
2025-07-14T06:00,16.1,87,13.9,0.00,1001.2,8.5,0.0
2025-07-14T07:00,15.8,88,13.8,0.00,1001.0,8.8,0.0
2025-07-14T08:00,15.3,89,13.6,0.00,1000.6,8.4,0.0
2025-07-14T09:00,15.1,90,13.4,0.00,1000.5,8.8,0.0
2025-07-14T10:00,14.9,90,13.2,0.00,1001.0,9.5,0.0
2025-07-14T11:00,14.9,89,13.1,0.00,1001.4,11.4,2.0
2025-07-14T12:00,16.9,83,13.9,0.00,1002.0,13.2,81.0
2025-07-14T13:00,19.1,79,15.4,0.00,1002.6,12.1,238.0
2025-07-14T14:00,21.2,72,16.0,0.00,1002.8,12.1,387.0
2025-07-14T15:00,23.3,66,16.5,0.00,1002.5,12.7,494.0
2025-07-14T16:00,24.8,61,16.6,0.00,1002.0,12.4,548.0
2025-07-14T17:00,25.7,56,16.3,0.00,1001.1,12.4,541.0
2025-07-14T18:00,26.0,54,15.9,0.00,1000.5,12.2,475.0
2025-07-14T19:00,25.8,54,15.7,0.00,1000.1,11.4,359.0
2025-07-14T20:00,24.4,62,16.5,0.00,999.6,9.3,185.0
2025-07-14T21:00,21.9,68,15.6,0.00,999.4,8.2,49.0
2025-07-14T22:00,20.0,72,14.8,0.00,999.5,8.0,0.0
2025-07-14T23:00,19.7,70,14.0,0.00,999.6,10.1,0.0
2025-07-15T00:00,19.5,69,13.6,0.00,999.9,13.0,0.0
2025-07-15T01:00,19.0,72,13.8,0.00,999.9,11.8,0.0
2025-07-15T02:00,18.2,78,14.4,0.00,999.9,10.8,0.0
2025-07-15T03:00,17.7,83,14.8,0.00,999.9,10.2,0.0
2025-07-15T04:00,17.2,86,14.9,0.00,1000.0,9.3,0.0
2025-07-15T05:00,16.8,87,14.6,0.00,999.8,8.7,0.0
2025-07-15T06:00,16.5,87,14.2,0.00,999.4,8.5,0.0
2025-07-15T07:00,16.4,86,14.0,0.00,998.8,10.0,0.0
2025-07-15T08:00,16.1,85,13.6,0.00,998.1,10.9,0.0
2025-07-15T09:00,15.8,84,13.1,0.00,997.8,12.3,0.0
2025-07-15T10:00,15.4,83,12.6,0.00,997.9,12.2,0.0
2025-07-15T11:00,15.4,82,12.4,0.00,998.3,12.1,2.0
2025-07-15T12:00,17.3,77,13.2,0.00,998.8,14.6,82.0
2025-07-15T13:00,19.9,73,14.9,0.00,999.0,13.8,189.0
2025-07-15T14:00,21.5,69,15.6,0.00,998.8,14.0,189.0
2025-07-15T15:00,22.9,66,16.2,0.00,998.6,14.5,185.0
2025-07-15T16:00,24.2,63,16.7,0.00,997.7,14.8,436.0
2025-07-15T17:00,25.3,61,17.2,0.00,996.6,14.1,535.0
2025-07-15T18:00,25.9,60,17.5,0.00,996.0,13.9,453.0
2025-07-15T19:00,25.6,61,17.6,0.00,995.3,13.4,339.0
2025-07-15T20:00,24.8,68,18.4,0.00,994.9,11.6,203.0
2025-07-15T21:00,22.5,74,17.7,0.00,994.7,11.1,55.0
2025-07-15T22:00,21.2,78,17.2,0.00,994.6,11.2,0.0
2025-07-15T23:00,20.6,78,16.7,0.00,994.7,12.2,0.0
2025-07-16T00:00,20.1,79,16.5,0.00,995.1,13.2,0.0
2025-07-16T01:00,20.2,81,16.9,0.00,995.3,13.4,0.0
2025-07-16T02:00,19.9,83,16.9,0.00,995.2,13.1,0.0
2025-07-16T03:00,19.2,85,16.8,0.00,995.2,12.2,0.0
2025-07-16T04:00,19.0,85,16.5,0.00,995.0,13.5,0.0
2025-07-16T05:00,18.5,86,16.2,0.00,994.7,12.1,0.0
2025-07-16T06:00,18.1,87,15.9,0.00,994.3,12.8,0.0
2025-07-16T07:00,17.9,86,15.5,0.00,994.0,13.5,0.0
2025-07-16T08:00,17.6,85,15.1,0.00,993.7,13.9,0.0
2025-07-16T09:00,17.6,83,14.7,0.00,993.7,14.7,0.0
2025-07-16T10:00,18.0,80,14.4,0.00,994.4,15.7,0.0
2025-07-16T11:00,18.0,78,14.1,0.00,994.8,17.4,2.0
2025-07-16T12:00,19.4,73,14.3,0.00,995.2,18.0,7.0
2025-07-16T13:00,21.2,68,14.9,0.00,996.2,15.2,14.0
2025-07-16T14:00,22.7,68,16.5,0.00,996.6,12.5,91.0
2025-07-16T15:00,24.8,60,16.5,0.00,996.3,18.3,238.0
2025-07-16T16:00,25.4,62,17.5,0.00,995.9,12.7,86.0
2025-07-16T17:00,26.0,54,16.0,0.00,995.2,20.7,325.0
2025-07-16T18:00,25.4,58,16.6,0.00,995.2,10.7,210.0
2025-07-16T19:00,22.7,75,18.0,2.50,995.8,14.2,102.0
2025-07-16T20:00,20.9,88,18.9,0.30,995.9,11.7,31.0
2025-07-16T21:00,19.9,91,18.4,0.00,996.1,13.0,26.0
2025-07-16T22:00,19.4,92,18.0,0.30,996.4,14.8,0.0
2025-07-16T23:00,19.2,94,18.3,0.10,996.9,19.0,0.0
2025-07-17T00:00,16.5,96,15.9,0.20,997.9,25.8,0.0
2025-07-17T01:00,14.1,94,13.1,1.70,1000.2,28.8,0.0
2025-07-17T02:00,12.7,95,11.9,1.30,1000.5,27.9,0.0
2025-07-17T03:00,11.9,96,11.3,3.70,1001.0,24.9,0.0
2025-07-17T04:00,11.7,94,10.7,0.30,1001.6,22.7,0.0
2025-07-17T05:00,11.3,94,10.4,2.00,1001.8,20.4,0.0
2025-07-17T06:00,11.3,92,10.1,0.00,1001.5,18.8,0.0
2025-07-17T07:00,11.2,90,9.7,0.00,1001.2,14.4,0.0
2025-07-17T08:00,11.0,88,9.1,0.00,1001.0,15.1,0.0
2025-07-17T09:00,10.0,89,8.4,0.00,1001.3,15.7,0.0
2025-07-17T10:00,9.4,89,7.7,0.00,1001.6,17.3,0.0
2025-07-17T11:00,8.4,89,6.7,0.00,1002.2,18.2,3.0
2025-07-17T12:00,9.1,78,5.6,0.00,1003.2,19.0,88.0
2025-07-17T13:00,10.0,76,5.9,0.00,1003.7,17.0,235.0
2025-07-17T14:00,10.8,70,5.5,0.00,1004.1,17.6,201.0
2025-07-17T15:00,11.9,64,5.2,0.00,1003.8,20.8,257.0
2025-07-17T16:00,13.2,57,4.9,0.00,1002.9,18.7,279.0
2025-07-17T17:00,13.9,58,5.8,0.00,1002.1,23.0,415.0
2025-07-17T18:00,13.8,57,5.4,0.00,1002.4,23.4,236.0
2025-07-17T19:00,14.4,54,5.2,0.00,1002.0,19.8,115.0
2025-07-17T20:00,14.1,56,5.5,0.00,1002.1,19.6,120.0
2025-07-17T21:00,13.4,60,5.8,0.00,1002.2,13.4,22.0
2025-07-17T22:00,11.8,67,5.9,0.00,1002.4,10.1,0.0
2025-07-17T23:00,11.2,71,6.2,0.00,1002.4,11.7,0.0
2025-07-18T00:00,10.5,75,6.3,0.00,1002.8,11.0,0.0
2025-07-18T01:00,9.4,81,6.2,0.00,1003.6,7.8,0.0
2025-07-18T02:00,8.8,83,6.2,0.00,1003.6,6.7,0.0
2025-07-18T03:00,8.2,86,6.1,0.00,1003.8,5.9,0.0
2025-07-18T04:00,8.1,85,5.7,0.00,1003.5,4.5,0.0
2025-07-18T05:00,8.0,84,5.5,0.00,1002.9,3.5,0.0
2025-07-18T06:00,7.7,85,5.2,0.00,1002.4,4.7,0.0
2025-07-18T07:00,7.5,86,5.3,0.00,1002.3,6.5,0.0
2025-07-18T08:00,7.2,88,5.4,0.00,1002.3,7.0,0.0
2025-07-18T09:00,6.7,90,5.2,0.00,1002.0,6.3,0.0
2025-07-18T10:00,6.2,92,4.9,0.00,1002.4,5.8,0.0
2025-07-18T11:00,6.4,92,5.2,0.00,1002.6,5.1,3.0
2025-07-18T12:00,9.6,84,6.9,0.00,1003.2,6.6,89.0
2025-07-18T13:00,11.9,73,7.2,0.00,1004.3,5.2,255.0
2025-07-18T14:00,13.4,67,7.3,0.00,1005.0,6.9,410.0
2025-07-18T15:00,14.5,63,7.5,0.00,1004.9,7.1,521.0
2025-07-18T16:00,15.4,60,7.8,0.00,1004.1,5.4,577.0
2025-07-18T17:00,16.1,58,7.9,0.00,1003.6,3.2,570.0
2025-07-18T18:00,16.6,57,8.1,0.00,1002.7,2.2,503.0
2025-07-18T19:00,16.8,57,8.1,0.00,1002.4,1.8,382.0
2025-07-18T20:00,16.4,58,8.1,0.00,1002.6,2.5,220.0
2025-07-18T21:00,14.0,72,9.0,0.00,1002.2,1.3,62.0
2025-07-18T22:00,12.6,75,8.2,0.00,1001.9,0.9,0.0
2025-07-18T23:00,11.8,77,7.8,0.00,1002.2,0.8,0.0
2025-07-19T00:00,10.9,80,7.4,0.00,1002.0,3.1,0.0
2025-07-19T01:00,10.3,85,7.9,0.00,1002.2,8.3,0.0
2025-07-19T02:00,9.9,88,7.9,0.00,1002.0,8.5,0.0
2025-07-19T03:00,9.6,89,7.8,0.00,1002.0,8.4,0.0
2025-07-19T04:00,9.2,90,7.7,0.00,1001.9,8.0,0.0
2025-07-19T05:00,8.9,90,7.4,0.00,1001.7,7.7,0.0
2025-07-19T06:00,8.6,91,7.2,0.00,1001.4,7.6,0.0
2025-07-19T07:00,7.9,92,6.8,0.00,1001.2,7.1,0.0
2025-07-19T08:00,7.5,94,6.6,0.00,1001.3,6.9,0.0
2025-07-19T09:00,7.0,96,6.3,0.00,1001.1,6.6,0.0
2025-07-19T10:00,7.0,96,6.4,0.00,1001.6,6.8,0.0
2025-07-19T11:00,7.5,97,7.0,0.00,1002.0,7.5,3.0
2025-07-19T12:00,10.1,92,8.9,0.00,1002.4,9.2,90.0
2025-07-19T13:00,12.4,88,10.4,0.00,1002.9,9.4,255.0
2025-07-19T14:00,14.9,78,11.2,0.00,1003.2,9.9,410.0
2025-07-19T15:00,17.1,70,11.6,0.00,1002.8,9.0,522.0
2025-07-19T16:00,18.5,64,11.7,0.00,1002.1,7.8,578.0
2025-07-19T17:00,19.5,61,11.7,0.00,1001.5,6.1,571.0
2025-07-19T18:00,20.0,59,11.6,0.00,1000.8,5.3,502.0
2025-07-19T19:00,19.9,59,11.6,0.00,1000.3,6.2,379.0
2025-07-19T20:00,19.1,67,12.9,0.00,1000.0,5.3,219.0
2025-07-19T21:00,16.3,77,12.3,0.00,999.8,4.3,62.0
2025-07-19T22:00,14.6,80,11.1,0.00,999.8,5.1,0.0
2025-07-19T23:00,13.4,83,10.7,0.00,1000.0,6.5,0.0
2025-07-20T00:00,12.9,89,11.1,0.00,1000.3,9.5,0.0
2025-07-20T01:00,13.3,86,10.9,0.00,1000.1,9.8,0.0
2025-07-20T02:00,13.1,85,10.6,0.00,999.9,11.4,0.0
2025-07-20T03:00,12.4,88,10.5,0.00,999.7,10.5,0.0
2025-07-20T04:00,11.8,90,10.2,0.00,999.9,8.7,0.0
2025-07-20T05:00,11.2,91,9.8,0.00,999.4,8.0,0.0
2025-07-20T06:00,10.8,92,9.4,0.00,998.9,7.8,0.0
2025-07-20T07:00,10.3,92,9.1,0.00,998.7,7.7,0.0
2025-07-20T08:00,10.3,93,9.1,0.00,998.4,9.7,0.0
2025-07-20T09:00,10.0,93,8.9,0.00,998.4,9.2,0.0
2025-07-20T10:00,9.8,92,8.6,0.00,999.2,8.7,0.0
2025-07-20T11:00,10.2,92,8.9,0.00,999.5,9.2,3.0
2025-07-20T12:00,12.4,89,10.6,0.00,1000.0,11.4,89.0
2025-07-20T13:00,14.6,85,12.1,0.00,1000.0,10.5,223.0
2025-07-20T14:00,17.0,78,13.1,0.00,1000.4,9.6,396.0
2025-07-20T15:00,19.2,70,13.6,0.00,1000.0,10.5,521.0
2025-07-20T16:00,20.9,63,13.7,0.00,999.4,9.8,537.0
2025-07-20T17:00,22.0,59,13.6,0.00,998.2,6.5,573.0
2025-07-20T18:00,22.2,57,13.3,0.00,997.5,5.2,306.0
2025-07-20T19:00,22.5,55,13.0,0.00,997.1,4.5,354.0
2025-07-20T20:00,21.6,68,15.4,0.00,997.0,3.8,214.0
2025-07-20T21:00,18.6,75,14.1,0.00,996.9,5.2,61.0
2025-07-20T22:00,16.6,79,12.9,0.00,996.8,7.1,0.0
2025-07-20T23:00,15.9,79,12.3,0.00,996.9,7.9,0.0
2025-07-21T00:00,15.4,78,11.6,0.00,997.0,8.1,0.0
2025-07-21T01:00,15.6,79,11.9,0.00,996.9,9.8,0.0
2025-07-21T02:00,14.8,83,11.9,0.00,996.7,9.8,0.0
2025-07-21T03:00,14.5,86,12.1,0.00,996.6,9.7,0.0
2025-07-21T04:00,14.3,87,12.2,0.00,996.9,10.3,0.0
2025-07-21T05:00,14.0,89,12.2,0.00,996.6,9.8,0.0
2025-07-21T06:00,13.6,90,12.1,0.00,996.5,9.0,0.0
2025-07-21T07:00,13.4,90,11.8,0.00,996.2,8.5,0.0
2025-07-21T08:00,13.2,90,11.6,0.00,996.0,8.5,0.0
2025-07-21T09:00,13.1,89,11.4,0.00,996.4,8.6,0.0
2025-07-21T10:00,13.1,89,11.2,0.00,996.6,9.5,0.0
2025-07-21T11:00,13.1,88,11.2,0.00,997.0,10.3,3.0
2025-07-21T12:00,15.1,83,12.3,0.00,997.3,11.9,82.0
2025-07-21T13:00,17.3,79,13.6,0.00,997.5,11.2,238.0
2025-07-21T14:00,19.7,72,14.6,0.00,997.6,10.3,386.0
2025-07-21T15:00,22.0,67,15.6,0.00,997.6,9.4,494.0
2025-07-21T16:00,23.7,62,16.1,0.00,996.6,8.7,546.0
2025-07-21T17:00,24.8,60,16.4,0.00,996.1,7.4,539.0
2025-07-21T18:00,25.2,58,16.3,0.00,995.2,7.2,473.0
2025-07-21T19:00,25.2,59,16.5,0.00,995.3,6.3,359.0
2025-07-21T20:00,24.5,70,18.5,0.00,995.4,3.2,204.0
2025-07-21T21:00,22.3,74,17.4,0.00,995.1,1.0,56.0
2025-07-21T22:00,20.8,76,16.5,0.00,995.2,0.5,0.0
2025-07-21T23:00,19.8,78,15.9,0.00,995.6,2.6,0.0
2025-07-22T00:00,18.6,81,15.4,0.00,995.5,5.8,0.0
2025-07-22T01:00,18.0,85,15.4,0.00,995.4,6.7,0.0
2025-07-22T02:00,17.5,87,15.2,0.00,995.2,6.9,0.0
2025-07-22T03:00,17.1,87,15.0,0.00,995.4,7.2,0.0
2025-07-22T04:00,16.8,89,14.9,0.00,995.6,7.4,0.0
2025-07-22T05:00,16.0,90,14.4,0.00,995.5,6.9,0.0
2025-07-22T06:00,15.8,91,14.2,0.00,995.3,7.0,0.0
2025-07-22T07:00,15.2,92,13.9,0.00,995.1,6.7,0.0
2025-07-22T08:00,15.1,92,13.8,0.00,995.0,7.1,0.0
2025-07-22T09:00,15.1,91,13.6,0.00,995.0,7.2,0.0
2025-07-22T10:00,15.4,91,13.9,0.00,995.8,7.2,0.0
2025-07-22T11:00,16.1,89,14.3,0.00,996.5,8.5,0.0
2025-07-22T12:00,17.5,85,15.0,0.00,997.2,10.1,21.0
2025-07-22T13:00,18.7,84,15.9,0.00,997.6,8.8,26.0
2025-07-22T14:00,20.5,78,16.5,0.00,998.3,9.3,67.0
2025-07-22T15:00,22.1,73,17.0,0.00,998.2,7.6,145.0
2025-07-22T16:00,24.5,64,17.4,0.00,997.4,6.8,388.0
2025-07-22T17:00,25.9,59,17.2,0.00,996.8,5.0,422.0
2025-07-22T18:00,26.4,55,16.5,0.00,996.5,2.5,326.0
2025-07-22T19:00,26.6,52,15.8,0.00,996.5,2.2,305.0
2025-07-22T20:00,25.6,67,19.1,0.00,996.6,2.3,198.0
2025-07-22T21:00,22.2,79,18.4,0.00,996.9,6.1,54.0
2025-07-22T22:00,20.6,86,18.1,0.00,997.3,10.2,0.0
2025-07-22T23:00,19.6,83,16.6,0.00,997.8,10.2,0.0
2025-07-23T00:00,19.2,76,14.9,0.00,998.2,11.4,0.0
2025-07-23T01:00,19.3,82,16.1,0.00,999.1,14.7,0.0
2025-07-23T02:00,19.1,83,16.1,0.00,999.3,14.1,0.0
2025-07-23T03:00,19.1,83,16.0,0.00,999.6,15.9,0.0
2025-07-23T04:00,19.0,82,15.9,0.00,1000.1,16.1,0.0
2025-07-23T05:00,18.7,82,15.6,0.00,999.9,16.3,0.0
2025-07-23T06:00,18.5,82,15.4,0.00,999.1,17.3,0.0
2025-07-23T07:00,18.0,83,15.1,0.00,999.0,17.0,0.0
2025-07-23T08:00,18.0,82,14.9,0.00,998.9,19.2,0.0
2025-07-23T09:00,17.9,82,14.8,0.00,999.0,18.0,0.0
2025-07-23T10:00,17.6,84,14.8,0.00,999.6,15.4,0.0
2025-07-23T11:00,17.1,89,15.2,0.30,1000.3,17.1,0.0
2025-07-23T12:00,16.5,93,15.3,0.20,1000.6,19.5,0.0
2025-07-23T13:00,19.1,81,15.8,0.00,1001.3,14.8,50.0
2025-07-23T14:00,19.8,79,16.0,0.00,1001.5,18.1,207.0
2025-07-23T15:00,19.6,79,15.9,0.00,1001.2,15.3,88.0
2025-07-23T16:00,19.4,79,15.6,0.00,1000.4,16.8,51.0
2025-07-23T17:00,19.8,77,15.7,0.00,999.6,18.6,74.0
2025-07-23T18:00,18.6,82,15.4,0.00,999.1,22.8,30.0
2025-07-23T19:00,18.2,83,15.3,0.00,998.5,20.3,46.0
2025-07-23T20:00,17.7,86,15.4,0.00,998.8,19.5,21.0
2025-07-23T21:00,16.8,91,15.3,0.00,998.6,23.3,0.0
2025-07-23T22:00,16.2,93,15.1,1.60,998.9,24.5,0.0
2025-07-23T23:00,16.0,96,15.4,2.70,999.2,22.5,0.0
2025-07-24T00:00,15.8,96,15.2,3.90,999.5,22.7,0.0
2025-07-24T01:00,14.9,88,12.9,0.50,1000.0,21.2,0.0
2025-07-24T02:00,14.5,95,13.8,5.70,999.9,24.9,0.0
2025-07-24T03:00,14.3,95,13.4,2.80,999.5,25.3,0.0
2025-07-24T04:00,14.1,95,13.3,3.10,999.5,21.1,0.0
2025-07-24T05:00,14.1,93,13.0,1.00,998.8,22.7,0.0
2025-07-24T06:00,13.8,93,12.7,0.10,998.5,20.2,0.0
2025-07-24T07:00,13.9,93,12.8,3.00,998.2,19.8,0.0
2025-07-24T08:00,13.7,94,12.7,3.20,997.5,20.0,0.0
2025-07-24T09:00,13.4,94,12.6,0.20,997.3,18.3,0.0
2025-07-24T10:00,13.3,94,12.4,0.00,997.3,16.4,0.0
2025-07-24T11:00,13.3,95,12.4,0.00,997.7,15.0,1.0
2025-07-24T12:00,14.1,93,13.1,0.10,997.8,13.4,30.0
2025-07-24T13:00,16.4,87,14.1,0.00,998.1,15.5,103.0
2025-07-24T14:00,17.8,82,14.8,0.00,998.7,14.6,160.0
2025-07-24T15:00,18.5,81,15.1,0.00,997.7,14.3,63.0
2025-07-24T16:00,19.9,77,15.7,0.00,996.9,14.5,170.0
2025-07-24T17:00,19.6,79,15.9,0.20,995.7,14.6,17.0
2025-07-24T18:00,20.0,79,16.2,0.20,995.4,13.2,79.0
2025-07-24T19:00,20.6,74,15.7,0.00,995.0,15.1,234.0
2025-07-24T20:00,19.9,78,15.9,0.00,994.7,11.7,105.0
2025-07-24T21:00,18.5,85,15.9,0.00,994.9,7.5,46.0
2025-07-24T22:00,17.0,91,15.6,0.00,994.9,7.3,0.0
2025-07-24T23:00,16.3,92,15.1,0.00,994.7,9.5,0.0
2025-07-25T00:00,15.7,94,14.7,0.00,994.8,10.6,0.0
2025-07-25T01:00,15.8,94,14.9,0.00,995.5,11.4,0.0
2025-07-25T02:00,15.3,96,14.6,0.00,995.5,11.8,0.0
2025-07-25T03:00,15.0,97,14.4,0.00,995.1,12.9,0.0
2025-07-25T04:00,15.0,97,14.5,0.00,994.9,13.3,0.0
2025-07-25T05:00,14.8,97,14.2,0.00,994.8,12.0,0.0
2025-07-25T06:00,14.6,97,14.1,0.00,994.6,11.7,0.0
2025-07-25T07:00,14.4,97,13.9,0.00,994.5,11.4,0.0
2025-07-25T08:00,14.4,97,13.9,0.00,994.0,13.2,0.0
2025-07-25T09:00,14.6,96,13.9,0.00,994.2,12.2,0.0
2025-07-25T10:00,15.2,93,14.1,0.00,994.5,12.9,0.0
2025-07-25T11:00,15.4,92,14.1,0.00,994.8,13.5,0.0
2025-07-25T12:00,16.2,91,14.7,0.00,995.3,13.5,0.0
2025-07-25T13:00,17.9,85,15.4,0.00,995.7,14.0,66.0
2025-07-25T14:00,19.9,77,15.6,0.00,995.9,15.3,169.0
2025-07-25T15:00,21.9,69,16.0,0.00,995.4,17.4,355.0
2025-07-25T16:00,23.2,64,16.1,0.00,994.4,18.3,382.0
2025-07-25T17:00,24.0,63,16.4,0.00,993.3,17.7,341.0
2025-07-25T18:00,24.5,63,16.9,0.00,992.6,15.3,408.0
2025-07-25T19:00,24.5,64,17.2,0.00,992.0,12.9,322.0
2025-07-25T20:00,24.0,70,18.1,0.00,991.6,9.3,188.0
2025-07-25T21:00,22.0,78,17.9,0.00,991.5,7.5,54.0
2025-07-25T22:00,20.5,81,17.1,0.00,991.8,9.2,0.0
2025-07-25T23:00,20.0,81,16.6,0.00,992.1,10.2,0.0
2025-07-26T00:00,19.3,82,16.1,0.00,992.6,10.8,0.0
2025-07-26T01:00,19.4,83,16.5,0.00,992.9,12.4,0.0
2025-07-26T02:00,18.8,86,16.4,0.00,993.1,12.1,0.0
2025-07-26T03:00,18.4,87,16.2,0.00,993.5,11.8,0.0
2025-07-26T04:00,18.0,88,16.0,0.00,993.4,11.4,0.0
2025-07-26T05:00,17.8,89,15.9,0.00,993.2,10.9,0.0
2025-07-26T06:00,17.6,89,15.8,0.00,993.0,11.2,0.0
2025-07-26T07:00,17.6,88,15.6,0.00,992.2,12.4,0.0
2025-07-26T08:00,17.0,90,15.4,0.00,992.6,7.1,0.0
2025-07-26T09:00,17.6,87,15.4,0.10,992.1,13.8,0.0
2025-07-26T10:00,17.5,87,15.2,0.00,992.8,15.2,0.0
2025-07-26T11:00,17.4,87,15.1,0.00,993.6,13.7,2.0
2025-07-26T12:00,18.0,87,15.9,0.30,993.8,20.2,30.0
2025-07-26T13:00,20.9,79,17.2,0.00,993.8,17.3,166.0
2025-07-26T14:00,23.0,71,17.4,0.00,994.1,18.5,309.0
2025-07-26T15:00,24.6,65,17.6,0.10,993.9,20.2,447.0
2025-07-26T16:00,24.0,66,17.3,0.10,993.0,25.1,268.0
2025-07-26T17:00,23.8,70,18.0,0.40,992.6,22.1,467.0
2025-07-26T18:00,22.6,80,19.0,0.70,991.5,21.1,246.0
2025-07-26T19:00,22.9,77,18.7,0.00,991.2,21.7,292.0
2025-07-26T20:00,22.2,78,18.1,0.00,990.9,15.4,145.0
2025-07-26T21:00,22.0,76,17.6,0.00,990.6,17.3,55.0
2025-07-26T22:00,21.3,78,17.4,0.00,990.8,16.4,0.0
2025-07-26T23:00,20.0,84,17.4,0.00,991.0,17.3,0.0
2025-07-27T00:00,19.6,86,17.2,0.00,991.1,16.9,0.0
2025-07-27T01:00,21.6,78,17.6,0.00,991.2,13.7,0.0
2025-07-27T02:00,21.2,78,17.3,0.00,991.2,11.2,0.0
2025-07-27T03:00,20.9,81,17.4,0.10,992.1,16.5,0.0
2025-07-27T04:00,20.2,86,17.9,0.30,991.8,19.7,0.0
2025-07-27T05:00,19.3,90,17.6,2.80,991.1,19.7,0.0
2025-07-27T06:00,19.0,91,17.5,0.00,989.7,14.2,0.0
2025-07-27T07:00,18.2,93,17.0,7.60,990.4,8.5,0.0
2025-07-27T08:00,17.8,97,17.2,0.60,988.7,17.5,0.0
2025-07-27T09:00,17.4,96,16.8,0.00,988.7,11.9,0.0
2025-07-27T10:00,17.1,98,16.8,0.10,989.8,7.9,0.0
2025-07-27T11:00,17.0,97,16.6,2.50,989.4,15.6,0.0
2025-07-27T12:00,17.5,97,17.0,2.10,988.9,15.9,0.0
2025-07-27T13:00,17.8,96,17.2,2.40,989.8,13.2,0.0
2025-07-27T14:00,18.0,97,17.5,0.60,989.4,11.0,1.0
2025-07-27T15:00,19.5,90,17.8,0.20,989.7,12.6,24.0
2025-07-27T16:00,19.6,93,18.5,0.80,988.5,17.3,32.0
2025-07-27T17:00,20.8,85,18.2,0.10,987.4,22.3,119.0
2025-07-27T18:00,20.5,84,17.8,0.10,987.3,25.0,160.0
2025-07-27T19:00,18.2,93,17.1,0.40,987.8,24.0,1.0
2025-07-27T20:00,17.5,90,15.9,0.00,988.7,24.0,9.0
2025-07-27T21:00,16.5,90,14.8,0.20,990.2,28.7,0.0
2025-07-27T22:00,15.2,88,13.2,0.20,991.4,28.2,0.0
2025-07-27T23:00,14.4,86,12.1,0.00,992.6,26.7,0.0
2025-07-28T00:00,14.1,83,11.1,0.00,993.6,25.0,0.0
2025-07-28T01:00,13.6,85,11.1,0.00,994.5,25.6,0.0
2025-07-28T02:00,13.2,84,10.5,0.00,995.0,22.1,0.0
2025-07-28T03:00,12.7,82,9.8,0.00,995.7,22.2,0.0
2025-07-28T04:00,12.4,81,9.2,0.00,996.7,21.7,0.0
2025-07-28T05:00,12.2,81,8.9,0.00,996.6,20.2,0.0
2025-07-28T06:00,11.9,82,8.9,0.00,997.0,21.7,0.0
2025-07-28T07:00,11.7,83,8.9,0.00,997.6,23.4,0.0
2025-07-28T08:00,11.6,85,9.1,0.00,997.9,23.4,0.0
2025-07-28T09:00,11.8,86,9.4,0.00,998.2,20.7,0.0
2025-07-28T10:00,11.9,87,9.7,0.00,999.0,18.4,0.0
2025-07-28T11:00,12.0,88,10.0,0.00,999.9,17.1,0.0
2025-07-28T12:00,12.4,88,10.5,0.00,1000.9,19.5,0.0
2025-07-28T13:00,13.6,80,10.3,0.10,1002.2,25.8,25.0
2025-07-28T14:00,14.8,73,10.0,0.00,1002.9,24.5,96.0
2025-07-28T15:00,15.8,68,9.9,0.00,1003.2,23.8,163.0
2025-07-28T16:00,16.4,64,9.6,0.00,1003.3,21.5,126.0
2025-07-28T17:00,17.0,62,9.6,0.00,1003.0,20.9,204.0
2025-07-28T18:00,16.3,63,9.4,0.00,1003.3,18.7,29.0
2025-07-28T19:00,16.1,63,9.0,0.00,1003.5,17.9,39.0
2025-07-28T20:00,16.0,61,8.6,0.00,1003.9,17.6,24.0
2025-07-28T21:00,15.4,63,8.6,0.00,1004.4,13.0,9.0
2025-07-28T22:00,14.9,65,8.4,0.00,1004.6,11.4,0.0
2025-07-28T23:00,14.4,67,8.4,0.00,1005.3,12.4,0.0
2025-07-29T00:00,12.5,77,8.6,0.00,1005.6,9.6,0.0
2025-07-29T01:00,11.4,86,9.1,0.00,1005.9,9.8,0.0
2025-07-29T02:00,10.9,89,9.1,0.00,1005.7,10.8,0.0
2025-07-29T03:00,10.5,90,8.9,0.00,1005.9,10.3,0.0
2025-07-29T04:00,10.0,92,8.8,0.00,1006.2,9.5,0.0
2025-07-29T05:00,9.6,93,8.5,0.00,1005.8,8.7,0.0
2025-07-29T06:00,9.4,94,8.4,0.00,1005.5,9.5,0.0
2025-07-29T07:00,9.2,94,8.4,0.00,1005.0,10.4,0.0
2025-07-29T08:00,8.9,96,8.2,0.00,1004.7,9.2,0.0
2025-07-29T09:00,8.6,97,8.1,0.00,1005.1,7.6,0.0
2025-07-29T10:00,8.4,97,7.9,0.00,1005.4,7.8,0.0
2025-07-29T11:00,8.7,97,8.2,0.00,1005.8,7.8,4.0
2025-07-29T12:00,10.8,93,9.7,0.00,1006.3,7.0,89.0
2025-07-29T13:00,12.4,83,9.6,0.00,1007.2,9.5,251.0
2025-07-29T14:00,13.9,74,9.4,0.00,1007.5,9.5,404.0
2025-07-29T15:00,15.1,64,8.3,0.00,1007.3,9.2,516.0
2025-07-29T16:00,15.9,57,7.5,0.00,1006.5,8.3,573.0
2025-07-29T17:00,16.4,57,7.8,0.00,1005.6,7.7,567.0
2025-07-29T18:00,16.6,56,7.8,0.00,1005.0,8.0,499.0
2025-07-29T19:00,16.6,55,7.4,0.00,1004.7,9.4,377.0
2025-07-29T20:00,15.8,53,6.2,0.00,1004.2,11.0,220.0
2025-07-29T21:00,13.6,61,6.1,0.00,1003.9,9.4,66.0
2025-07-29T22:00,11.8,67,5.8,0.00,1003.5,8.2,1.0
2025-07-29T23:00,11.0,71,5.8,0.00,1003.4,7.7,0.0
2025-07-30T00:00,10.2,74,5.8,0.00,1003.7,6.7,0.0
2025-07-30T01:00,10.2,74,5.8,0.00,1004.0,6.8,0.0
2025-07-30T02:00,10.5,72,5.8,0.00,1003.8,8.8,0.0
2025-07-30T03:00,10.5,75,6.3,0.00,1003.6,12.0,0.0
2025-07-30T04:00,10.1,79,6.6,0.00,1003.3,13.9,0.0
2025-07-30T05:00,9.4,80,6.2,0.00,1003.1,12.9,0.0
2025-07-30T06:00,8.7,82,5.8,0.00,1002.5,11.9,0.0
2025-07-30T07:00,8.4,83,5.7,0.00,1001.8,13.2,0.0
2025-07-30T08:00,8.1,84,5.7,0.00,1001.2,13.3,0.0
2025-07-30T09:00,7.9,85,5.6,0.00,1001.3,13.2,0.0
2025-07-30T10:00,7.7,87,5.6,0.00,1001.8,12.3,0.0
2025-07-30T11:00,7.8,86,5.6,0.00,1002.0,13.5,4.0
2025-07-30T12:00,9.6,82,6.7,0.00,1002.2,13.6,96.0
2025-07-30T13:00,11.9,73,7.2,0.00,1002.7,13.8,262.0
2025-07-30T14:00,14.1,66,7.8,0.00,1002.9,13.6,418.0
2025-07-30T15:00,16.4,58,8.1,0.00,1002.2,14.4,531.0
2025-07-30T16:00,18.0,53,8.3,0.00,1001.1,13.6,588.0
2025-07-30T17:00,19.3,49,8.2,0.00,1000.0,13.9,582.0
2025-07-30T18:00,19.9,48,8.4,0.00,999.2,14.5,514.0
2025-07-30T19:00,20.0,49,9.0,0.00,998.5,13.4,390.0
2025-07-30T20:00,19.2,56,10.2,0.00,998.3,9.7,228.0
2025-07-30T21:00,16.7,64,9.8,0.00,997.8,8.7,69.0
2025-07-30T22:00,15.2,64,8.4,0.00,997.6,10.4,1.0
2025-07-30T23:00,14.8,62,7.6,0.00,997.6,13.6,0.0
2025-07-31T00:00,14.1,63,7.2,0.00,997.6,16.5,0.0
2025-07-31T01:00,14.1,67,8.1,0.00,997.2,18.9,0.0
2025-07-31T02:00,13.8,71,8.6,0.00,996.9,19.3,0.0
2025-07-31T03:00,13.6,71,8.5,0.00,997.0,19.3,0.0
2025-07-31T04:00,13.8,69,8.1,0.00,997.1,19.4,0.0
2025-07-31T05:00,13.8,68,8.1,0.00,996.7,19.5,0.0
2025-07-31T06:00,13.9,68,8.1,0.00,996.3,20.0,0.0
2025-07-31T07:00,14.1,67,8.1,0.00,996.0,20.5,0.0
2025-07-31T08:00,14.4,65,7.8,0.00,995.7,20.6,0.0
2025-07-31T09:00,14.4,62,7.2,0.00,995.8,20.5,0.0
2025-07-31T10:00,14.4,60,6.6,0.00,996.3,20.8,0.0
2025-07-31T11:00,14.4,59,6.5,0.00,996.7,21.9,4.0
2025-07-31T12:00,15.6,59,7.6,0.00,997.0,23.2,90.0
2025-07-31T13:00,18.0,60,9.9,0.00,997.1,21.4,248.0
2025-07-31T14:00,19.5,55,10.4,0.00,997.1,23.4,397.0
2025-07-31T15:00,21.2,53,11.1,0.00,996.6,23.4,504.0
2025-07-31T16:00,22.5,52,12.1,0.00,996.1,24.1,556.0
2025-07-31T17:00,23.5,50,12.6,0.00,994.9,23.9,548.0
2025-07-31T18:00,24.0,50,12.9,0.00,994.1,22.5,482.0
2025-07-31T19:00,23.9,53,13.6,0.00,993.6,20.2,360.0
2025-07-31T20:00,23.0,53,12.9,0.00,993.5,22.2,198.0
2025-07-31T21:00,21.5,53,11.6,0.00,993.9,22.2,52.0
2025-07-31T22:00,20.5,51,10.1,0.00,994.3,22.8,1.0
2025-07-31T23:00,19.7,51,9.4,0.00,994.6,23.0,0.0
2025-08-01T00:00,19.1,51,8.8,0.00,994.8,24.0,0.0
2025-08-01T01:00,19.6,50,8.9,0.00,994.5,25.7,0.0
2025-08-01T02:00,19.4,50,8.8,0.00,994.4,25.9,0.0
2025-08-01T03:00,19.0,50,8.4,0.00,994.9,25.0,0.0
2025-08-01T04:00,18.9,48,7.7,0.00,994.7,25.7,0.0
2025-08-01T05:00,18.8,46,6.9,0.00,993.8,26.2,0.0
2025-08-01T06:00,18.7,44,6.1,0.00,992.9,27.6,0.0
2025-08-01T07:00,18.5,43,5.8,0.00,992.5,27.6,0.0
2025-08-01T08:00,18.3,45,6.2,0.00,992.4,26.7,0.0
2025-08-01T09:00,18.2,47,6.6,0.00,992.3,26.1,0.0
2025-08-01T10:00,18.2,47,6.9,0.00,992.7,26.1,0.0
2025-08-01T11:00,18.2,49,7.3,0.00,992.7,26.9,1.0
2025-08-01T12:00,19.1,50,8.6,0.00,992.6,30.1,80.0
2025-08-01T13:00,21.0,51,10.5,0.00,993.3,29.8,205.0
2025-08-01T14:00,22.6,53,12.6,0.00,993.5,24.2,383.0
2025-08-01T15:00,24.0,51,13.3,0.00,992.6,26.4,492.0
2025-08-01T16:00,25.1,50,14.1,0.00,991.6,27.2,551.0
2025-08-01T17:00,26.0,50,14.9,0.00,990.4,28.8,546.0
2025-08-01T18:00,26.4,52,15.8,0.00,989.4,26.7,481.0
2025-08-01T19:00,26.5,52,16.0,0.00,988.8,33.8,355.0
2025-08-01T20:00,26.4,48,14.6,0.00,988.2,34.4,214.0
2025-08-01T21:00,25.9,49,14.2,0.00,987.7,33.2,65.0
2025-08-01T22:00,25.5,46,13.1,0.00,987.7,33.1,1.0
2025-08-01T23:00,24.9,47,12.9,0.00,988.1,31.3,0.0
2025-08-02T00:00,24.5,48,12.6,0.00,988.5,30.5,0.0
2025-08-02T01:00,23.8,49,12.6,0.00,989.9,27.7,0.0
2025-08-02T02:00,23.5,50,12.6,0.00,989.7,27.4,0.0
2025-08-02T03:00,23.4,51,12.6,0.00,989.9,26.6,0.0
2025-08-02T04:00,23.4,51,12.6,0.00,989.2,28.5,0.0
2025-08-02T05:00,23.6,50,12.5,0.00,988.6,29.8,0.0
2025-08-02T06:00,23.6,50,12.6,0.00,988.9,26.9,0.0
2025-08-02T07:00,23.4,51,12.8,0.00,989.6,23.8,0.0
2025-08-02T08:00,22.9,54,13.2,0.00,990.8,17.5,0.0
2025-08-02T09:00,21.4,61,13.6,0.00,991.4,9.9,0.0
2025-08-02T10:00,20.8,65,13.9,0.00,992.1,10.3,0.0
2025-08-02T11:00,21.0,66,14.3,0.00,992.5,14.4,2.0
2025-08-02T12:00,22.1,66,15.6,0.00,993.3,14.9,41.0
2025-08-02T13:00,25.4,63,17.8,0.00,993.6,19.4,232.0
2025-08-02T14:00,27.0,60,18.6,0.00,993.5,17.6,374.0
2025-08-02T15:00,28.3,56,18.8,0.00,992.9,19.5,458.0
2025-08-02T16:00,29.2,53,18.6,0.00,992.0,21.8,535.0
2025-08-02T17:00,29.5,54,19.1,0.00,991.3,20.5,530.0
2025-08-02T18:00,29.6,54,19.2,0.00,990.5,19.6,451.0
2025-08-02T19:00,29.4,57,20.0,0.00,990.1,16.6,274.0
2025-08-02T20:00,28.5,62,20.4,0.00,989.7,12.5,134.0
2025-08-02T21:00,26.3,70,20.4,0.00,990.3,9.3,40.0
2025-08-02T22:00,25.2,74,20.3,0.00,990.9,12.8,0.0
2025-08-02T23:00,24.0,77,19.8,0.00,990.9,14.8,0.0
2025-08-03T00:00,23.3,80,19.6,0.10,991.3,22.2,0.0
2025-08-03T01:00,20.8,90,19.0,1.40,992.0,2.4,0.0
2025-08-03T02:00,19.9,95,19.0,0.00,992.5,11.7,0.0
2025-08-03T03:00,19.8,94,18.8,0.00,991.4,11.9,0.0
2025-08-03T04:00,19.2,92,18.0,0.00,992.3,0.6,0.0
2025-08-03T05:00,18.6,98,18.2,6.40,992.7,10.2,0.0
2025-08-03T06:00,18.5,99,18.3,4.80,992.3,12.5,0.0
2025-08-03T07:00,18.8,95,18.0,0.10,991.8,8.7,0.0
2025-08-03T08:00,18.5,96,17.9,3.10,992.4,11.9,0.0
2025-08-03T09:00,18.6,96,18.0,3.80,993.3,8.7,0.0
2025-08-03T10:00,18.5,97,18.0,7.90,993.3,22.2,0.0
2025-08-03T11:00,18.7,96,18.0,15.90,994.0,20.4,0.0
2025-08-03T12:00,18.9,95,18.0,3.70,994.6,20.3,0.0
2025-08-03T13:00,18.9,98,18.5,6.50,996.2,3.6,2.0
2025-08-03T14:00,19.8,92,18.4,0.10,995.0,6.5,10.0
2025-08-03T15:00,21.3,86,18.9,2.40,996.1,12.6,323.0
2025-08-03T16:00,22.6,79,18.8,0.00,994.1,12.0,283.0
2025-08-03T17:00,24.5,72,19.2,0.00,993.3,11.1,491.0
2025-08-03T18:00,25.3,70,19.5,0.00,992.3,10.9,373.0
2025-08-03T19:00,26.0,69,19.9,0.00,992.4,5.4,340.0
2025-08-03T20:00,25.7,71,20.0,0.00,992.8,7.2,185.0
2025-08-03T21:00,23.8,79,20.0,0.00,992.9,14.9,25.0
2025-08-03T22:00,21.6,83,18.6,0.10,992.8,14.2,0.0
2025-08-03T23:00,20.7,87,18.4,0.10,993.8,12.6,0.0
2025-08-04T00:00,19.2,94,18.3,2.70,996.0,11.8,0.0
2025-08-04T01:00,19.0,97,18.5,3.30,995.3,17.1,0.0
2025-08-04T02:00,19.0,98,18.8,6.20,996.1,12.3,0.0
2025-08-04T03:00,18.9,98,18.6,10.30,995.7,11.9,0.0
2025-08-04T04:00,19.0,98,18.6,2.20,995.2,19.5,0.0
2025-08-04T05:00,19.0,97,18.5,0.00,994.7,14.9,0.0
2025-08-04T06:00,19.0,97,18.5,0.00,994.5,12.1,0.0
2025-08-04T07:00,18.8,99,18.5,0.30,994.7,9.3,0.0
2025-08-04T08:00,18.6,99,18.5,2.10,995.1,9.6,0.0
2025-08-04T09:00,18.5,99,18.4,2.50,995.7,11.6,0.0
2025-08-04T10:00,18.3,99,18.1,0.60,996.0,16.6,0.0
2025-08-04T11:00,18.1,99,17.9,0.10,997.2,17.4,0.0
2025-08-04T12:00,18.0,98,17.8,0.20,997.9,19.7,0.0
2025-08-04T13:00,18.7,97,18.2,0.20,1000.4,12.1,0.0
2025-08-04T14:00,18.7,98,18.4,0.20,1000.6,16.3,0.0
2025-08-04T15:00,18.8,97,18.4,0.90,1000.9,18.0,0.0
2025-08-04T16:00,19.2,95,18.4,0.50,1000.6,16.2,6.0
2025-08-04T17:00,19.7,91,18.1,0.20,1000.0,14.3,3.0
2025-08-04T18:00,19.6,92,18.3,0.40,999.8,15.3,1.0
2025-08-04T19:00,19.0,98,18.6,0.40,999.6,16.6,1.0
2025-08-04T20:00,18.8,95,17.9,0.10,1000.1,18.3,1.0
2025-08-04T21:00,18.5,95,17.7,0.20,1000.8,18.5,0.0
2025-08-04T22:00,17.6,94,16.8,0.30,1001.3,23.5,0.0
2025-08-04T23:00,16.9,92,15.6,0.00,1001.8,24.1,0.0
2025-08-05T00:00,16.5,90,14.9,0.00,1002.5,24.0,0.0
2025-08-05T01:00,16.3,94,15.4,0.00,1003.2,22.3,0.0
2025-08-05T02:00,16.0,92,14.8,0.00,1003.5,22.1,0.0
2025-08-05T03:00,15.8,90,14.1,0.00,1003.4,21.7,0.0
2025-08-05T04:00,15.5,89,13.6,0.00,1003.8,21.0,0.0
2025-08-05T05:00,15.2,88,13.3,0.00,1003.6,20.2,0.0
2025-08-05T06:00,14.8,89,13.0,0.00,1003.4,19.6,0.0
2025-08-05T07:00,14.6,88,12.6,0.00,1003.1,18.9,0.0
2025-08-05T08:00,14.4,87,12.4,0.00,1003.0,19.1,0.0
2025-08-05T09:00,14.5,86,12.2,0.00,1003.2,16.9,0.0
2025-08-05T10:00,14.6,85,12.1,0.00,1003.8,15.9,0.0
2025-08-05T11:00,14.6,85,12.1,0.00,1004.4,16.6,0.0
2025-08-05T12:00,14.8,84,12.1,0.00,1004.7,17.5,0.0
2025-08-05T13:00,14.4,97,13.9,0.40,1005.5,17.1,0.0
2025-08-05T14:00,14.9,93,13.7,0.10,1005.5,16.8,3.0
2025-08-05T15:00,15.8,87,13.6,0.00,1005.2,15.7,0.0
2025-08-05T16:00,17.2,80,13.8,0.00,1004.2,15.1,39.0
2025-08-05T17:00,19.0,75,14.6,0.00,1003.3,13.6,257.0
2025-08-05T18:00,19.5,75,14.9,0.00,1002.3,12.0,236.0
2025-08-05T19:00,19.1,76,14.8,0.00,1002.1,10.8,84.0
2025-08-05T20:00,19.0,76,14.6,0.00,1002.3,9.5,44.0
2025-08-05T21:00,18.6,78,14.6,0.00,1002.4,7.8,10.0
2025-08-05T22:00,17.9,80,14.4,0.00,1002.4,7.7,0.0
2025-08-05T23:00,18.0,77,14.1,0.00,1002.6,10.5,0.0
2025-08-06T00:00,18.3,77,14.2,0.00,1002.7,13.4,0.0
2025-08-06T01:00,17.6,81,14.4,0.00,1002.9,14.0,0.0
2025-08-06T02:00,16.5,85,14.0,0.00,1002.5,14.0,0.0
2025-08-06T03:00,15.9,88,13.9,0.00,1002.4,13.1,0.0
2025-08-06T04:00,15.4,90,13.8,0.00,1002.2,11.1,0.0
2025-08-06T05:00,14.9,92,13.6,0.00,1002.0,10.3,0.0
2025-08-06T06:00,14.6,93,13.5,0.00,1001.6,10.5,0.0
2025-08-06T07:00,14.2,95,13.4,0.00,1001.4,9.5,0.0
2025-08-06T08:00,14.1,95,13.4,0.00,1001.1,9.0,0.0
2025-08-06T09:00,14.6,94,13.6,0.00,1001.0,9.4,0.0
2025-08-06T10:00,14.9,92,13.6,0.00,1001.4,9.6,0.0
2025-08-06T11:00,14.9,92,13.7,0.00,1001.6,8.9,0.0
2025-08-06T12:00,15.6,91,14.1,0.00,1001.7,7.4,3.0
2025-08-06T13:00,17.0,86,14.7,0.00,1002.1,6.8,81.0
2025-08-06T14:00,18.4,82,15.4,0.00,1002.3,4.8,79.0
2025-08-06T15:00,19.5,80,15.9,0.00,1001.7,3.3,93.0
2025-08-06T16:00,21.0,74,16.3,0.00,1000.6,3.6,192.0
2025-08-06T17:00,21.6,72,16.4,0.10,999.8,3.3,164.0
2025-08-06T18:00,22.0,70,16.3,0.10,998.8,3.7,223.0
2025-08-06T19:00,22.4,69,16.5,0.00,998.5,4.0,220.0
2025-08-06T20:00,22.0,69,16.2,0.00,998.5,4.7,84.0
2025-08-06T21:00,19.8,85,17.2,0.00,998.6,3.5,45.0
2025-08-06T22:00,18.5,90,16.7,0.00,998.3,5.1,1.0
2025-08-06T23:00,18.6,89,16.8,0.00,998.3,6.6,0.0
2025-08-07T00:00,18.5,89,16.6,0.00,998.4,7.4,0.0
2025-08-07T01:00,17.4,92,16.0,0.00,998.6,5.6,0.0
2025-08-07T02:00,17.0,93,15.9,0.00,998.1,6.2,0.0
2025-08-07T03:00,16.5,94,15.6,0.00,998.4,5.0,0.0
2025-08-07T04:00,16.1,94,15.2,0.00,998.6,3.0,0.0
2025-08-07T05:00,16.5,93,15.3,0.10,998.3,0.5,0.0
2025-08-07T06:00,15.8,94,14.9,0.00,997.7,2.7,0.0
2025-08-07T07:00,15.4,96,14.8,0.00,997.5,2.2,0.0
2025-08-07T08:00,15.6,98,15.3,0.10,996.9,6.7,0.0
2025-08-07T09:00,15.5,99,15.4,0.10,997.3,8.9,0.0
2025-08-07T10:00,15.8,100,15.8,0.00,997.8,8.3,0.0
2025-08-07T11:00,15.8,100,15.8,0.00,998.1,12.0,1.0
2025-08-07T12:00,16.5,96,15.9,0.00,998.3,12.2,7.0
2025-08-07T13:00,17.5,95,16.6,0.00,999.1,9.8,1.0
2025-08-07T14:00,18.3,92,17.0,0.00,999.2,6.5,2.0
2025-08-07T15:00,18.7,88,16.8,0.50,999.1,5.6,4.0
2025-08-07T16:00,17.4,93,16.3,6.00,998.2,13.0,3.0
2025-08-07T17:00,17.1,99,16.9,1.80,997.6,18.8,88.0
2025-08-07T18:00,16.3,97,15.9,2.00,997.7,22.7,5.0
2025-08-07T19:00,14.9,94,13.9,2.90,997.9,22.9,8.0
2025-08-07T20:00,14.4,84,11.7,1.10,998.2,20.8,19.0
2025-08-07T21:00,13.8,78,10.1,0.00,998.8,18.4,27.0
2025-08-07T22:00,12.6,82,9.6,0.00,999.1,16.4,1.0
2025-08-07T23:00,12.4,87,10.3,0.00,999.7,15.3,0.0
2025-08-08T00:00,12.1,90,10.4,0.00,1000.4,18.0,0.0
2025-08-08T01:00,11.2,87,9.2,0.00,1001.1,17.0,0.0
2025-08-08T02:00,10.9,87,8.8,0.00,1001.2,17.5,0.0
2025-08-08T03:00,10.9,90,9.2,0.00,1001.7,16.8,0.0
2025-08-08T04:00,10.8,92,9.5,0.00,1002.1,16.6,0.0
2025-08-08T05:00,10.6,93,9.5,0.00,1001.9,17.0,0.0
2025-08-08T06:00,10.3,94,9.4,0.00,1001.7,16.7,0.0
2025-08-08T07:00,9.9,95,9.1,0.00,1001.5,16.7,0.0
2025-08-08T08:00,9.6,95,8.9,0.00,1001.5,17.0,0.0
2025-08-08T09:00,9.6,94,8.7,0.00,1001.5,18.6,0.0
2025-08-08T10:00,9.0,95,8.2,0.00,1002.6,17.1,0.0
2025-08-08T11:00,8.9,93,7.9,0.00,1003.5,16.1,5.0
2025-08-08T12:00,10.3,86,8.1,0.00,1004.6,20.6,52.0
2025-08-08T13:00,11.4,82,8.4,0.00,1004.9,21.8,65.0
2025-08-08T14:00,11.9,79,8.4,0.10,1005.5,20.9,73.0
2025-08-08T15:00,12.4,74,7.8,0.10,1005.2,18.8,30.0
2025-08-08T16:00,13.6,64,7.1,0.00,1004.7,17.6,356.0
2025-08-08T17:00,14.2,59,6.3,0.00,1004.0,17.6,409.0
2025-08-08T18:00,14.6,55,5.6,0.00,1003.3,18.7,409.0
2025-08-08T19:00,14.1,55,5.1,0.00,1003.1,19.9,281.0
2025-08-08T20:00,13.0,56,4.4,0.00,1003.4,21.4,164.0
2025-08-08T21:00,11.8,57,3.7,0.00,1003.8,18.1,30.0
2025-08-08T22:00,11.5,57,3.2,0.00,1004.2,18.6,0.0
2025-08-08T23:00,10.5,59,2.8,0.00,1005.0,20.6,0.0
2025-08-09T00:00,9.6,61,2.4,0.00,1005.4,14.6,0.0
2025-08-09T01:00,9.1,65,2.8,0.00,1005.9,13.0,0.0
2025-08-09T02:00,8.6,68,3.0,0.00,1005.7,11.4,0.0
2025-08-09T03:00,8.1,72,3.5,0.00,1005.6,11.6,0.0
2025-08-09T04:00,7.1,80,3.8,0.00,1005.6,9.5,0.0
2025-08-09T05:00,6.8,83,4.1,0.00,1005.0,9.5,0.0
2025-08-09T06:00,6.4,86,4.2,0.00,1004.5,10.5,0.0
2025-08-09T07:00,5.9,89,4.2,0.00,1004.3,11.2,0.0
2025-08-09T08:00,5.6,91,4.2,0.00,1004.3,10.4,0.0
2025-08-09T09:00,5.3,92,4.2,0.00,1004.5,8.9,0.0
2025-08-09T10:00,5.1,93,4.0,0.00,1005.4,7.7,0.0
2025-08-09T11:00,5.5,92,4.3,0.00,1006.3,8.8,7.0
2025-08-09T12:00,7.8,85,5.4,0.00,1007.1,8.0,104.0
2025-08-09T13:00,9.6,77,5.8,0.00,1007.8,8.9,269.0
2025-08-09T14:00,11.2,67,5.3,0.00,1008.0,9.5,422.0
2025-08-09T15:00,11.8,61,4.4,0.00,1007.4,9.3,238.0
2025-08-09T16:00,11.9,61,4.6,0.00,1006.7,7.2,64.0
2025-08-09T17:00,12.6,57,4.3,0.00,1005.7,6.1,96.0
2025-08-09T18:00,13.3,54,4.2,0.00,1004.8,6.3,266.0
2025-08-09T19:00,13.4,52,3.8,0.00,1004.2,7.2,123.0
2025-08-09T20:00,13.1,52,3.5,0.00,1004.0,7.7,90.0
2025-08-09T21:00,11.8,62,4.7,0.00,1003.8,6.2,42.0
2025-08-09T22:00,9.6,71,4.5,0.00,1003.8,7.0,1.0
2025-08-09T23:00,8.7,74,4.4,0.00,1003.8,6.3,0.0
2025-08-10T00:00,7.9,77,4.1,0.00,1004.0,4.9,0.0
2025-08-10T01:00,7.6,77,3.9,0.00,1004.2,6.7,0.0
2025-08-10T02:00,7.3,80,4.1,0.00,1004.3,6.3,0.0
2025-08-10T03:00,7.1,82,4.2,0.00,1004.0,6.8,0.0
2025-08-10T04:00,7.2,82,4.3,0.00,1003.6,7.8,0.0
2025-08-10T05:00,7.2,84,4.6,0.00,1003.1,8.3,0.0
2025-08-10T06:00,6.8,87,4.7,0.00,1002.7,7.8,0.0
2025-08-10T07:00,5.6,91,4.2,0.00,1002.7,6.3,0.0
2025-08-10T08:00,5.2,90,3.8,0.00,1002.8,4.2,0.0
2025-08-10T09:00,5.2,89,3.6,0.00,1002.8,3.1,0.0
2025-08-10T10:00,4.9,89,3.3,0.00,1003.4,4.9,0.0
2025-08-10T11:00,5.9,88,4.1,0.00,1004.2,5.9,8.0
2025-08-10T12:00,8.8,81,5.7,0.00,1004.8,7.2,109.0
2025-08-10T13:00,11.1,73,6.4,0.00,1005.7,8.8,277.0
2025-08-10T14:00,13.1,65,6.7,0.00,1006.2,10.3,434.0
2025-08-10T15:00,14.4,61,6.9,0.00,1006.0,8.8,546.0
2025-08-10T16:00,15.3,59,7.3,0.00,1005.2,7.0,602.0
2025-08-10T17:00,16.0,58,7.8,0.00,1004.1,6.7,595.0
2025-08-10T18:00,16.4,57,7.8,0.00,1003.7,6.1,525.0
2025-08-10T19:00,16.5,56,7.8,0.00,1003.6,6.6,399.0
2025-08-10T20:00,16.1,59,8.1,0.00,1003.6,7.3,236.0
2025-08-10T21:00,14.0,73,9.1,0.00,1003.1,6.8,75.0
2025-08-10T22:00,11.9,77,8.0,0.00,1003.3,10.2,2.0
2025-08-10T23:00,10.8,75,6.6,0.00,1003.5,7.8,0.0
2025-08-11T00:00,9.7,78,6.1,0.00,1003.7,7.1,0.0
2025-08-11T01:00,10.1,74,5.7,0.00,1003.4,8.4,0.0
2025-08-11T02:00,10.1,75,5.9,0.00,1003.3,9.9,0.0
2025-08-11T03:00,9.8,82,6.9,0.00,1003.4,11.0,0.0
2025-08-11T04:00,9.5,87,7.4,0.00,1003.0,11.4,0.0
2025-08-11T05:00,8.9,89,7.2,0.00,1002.7,9.7,0.0
2025-08-11T06:00,8.4,91,7.0,0.00,1002.1,8.8,0.0
2025-08-11T07:00,8.0,92,6.7,0.00,1001.5,8.1,0.0
2025-08-11T08:00,7.6,92,6.3,0.00,1001.2,7.6,0.0
2025-08-11T09:00,6.8,93,5.8,0.00,1001.1,6.9,0.0
2025-08-11T10:00,6.2,94,5.3,0.00,1001.9,6.5,0.0
2025-08-11T11:00,7.2,93,6.2,0.00,1002.2,7.1,9.0
2025-08-11T12:00,9.9,87,7.8,0.00,1003.0,6.8,114.0
2025-08-11T13:00,12.4,79,9.0,0.00,1004.0,5.2,285.0
2025-08-11T14:00,14.9,71,9.6,0.00,1004.6,3.8,442.0
2025-08-11T15:00,16.8,62,9.4,0.00,1004.5,3.3,555.0
2025-08-11T16:00,17.8,56,8.9,0.00,1003.6,3.1,609.0
2025-08-11T17:00,18.4,53,8.6,0.00,1002.6,3.5,584.0
2025-08-11T18:00,18.7,50,8.1,0.00,1002.1,4.9,449.0
2025-08-11T19:00,18.5,50,7.8,0.00,1001.5,5.6,196.0
2025-08-11T20:00,17.9,56,8.9,0.00,1001.3,5.8,81.0
2025-08-11T21:00,15.4,71,10.1,0.00,1001.0,5.4,54.0
2025-08-11T22:00,13.1,74,8.5,0.00,1000.9,9.0,2.0
2025-08-11T23:00,11.8,65,5.3,0.00,1000.6,7.8,0.0
2025-08-12T00:00,10.6,65,4.3,0.00,1000.3,7.3,0.0
2025-08-12T01:00,11.1,61,3.8,0.00,1000.4,7.8,0.0
2025-08-12T02:00,10.6,65,4.2,0.00,1000.1,7.8,0.0
2025-08-12T03:00,10.2,69,4.8,0.00,1000.2,7.5,0.0
2025-08-12T04:00,9.6,73,5.1,0.00,999.8,7.5,0.0
2025-08-12T05:00,9.1,79,5.6,0.00,999.4,7.2,0.0
2025-08-12T06:00,8.6,85,6.1,0.00,998.8,7.1,0.0
2025-08-12T07:00,7.9,88,6.0,0.00,998.3,6.7,0.0
2025-08-12T08:00,7.2,90,5.8,0.00,998.0,5.9,0.0
2025-08-12T09:00,6.9,91,5.6,0.00,998.2,5.0,0.0
2025-08-12T10:00,6.7,91,5.4,0.00,998.4,5.9,0.0
2025-08-12T11:00,7.8,91,6.4,0.00,998.7,6.8,10.0
2025-08-12T12:00,10.9,82,7.9,0.00,999.4,7.9,117.0
2025-08-12T13:00,13.6,76,9.4,0.00,999.5,7.6,290.0
2025-08-12T14:00,16.2,65,9.5,0.00,999.8,8.6,448.0
2025-08-12T15:00,18.3,55,9.1,0.00,999.5,10.3,562.0
2025-08-12T16:00,19.5,49,8.4,0.00,998.8,10.6,618.0
2025-08-12T17:00,20.4,46,8.2,0.00,998.0,9.4,609.0
2025-08-12T18:00,20.8,44,7.9,0.00,997.3,8.4,537.0
2025-08-12T19:00,20.7,44,8.0,0.00,996.9,7.6,409.0
2025-08-12T20:00,20.0,54,10.6,0.00,996.6,4.9,244.0
2025-08-12T21:00,17.8,62,10.3,0.00,996.2,2.9,79.0
2025-08-12T22:00,15.6,66,9.1,0.00,996.1,2.3,2.0
2025-08-12T23:00,14.1,72,9.1,0.00,996.3,4.8,0.0
2025-08-13T00:00,13.0,76,8.8,0.00,996.3,7.4,0.0
2025-08-13T01:00,13.4,74,8.9,0.00,995.9,8.8,0.0
2025-08-13T02:00,12.6,75,8.2,0.00,996.0,8.2,0.0
2025-08-13T03:00,12.2,74,7.8,0.00,996.1,8.2,0.0
2025-08-13T04:00,11.6,77,7.7,0.00,996.2,8.0,0.0
2025-08-13T05:00,10.8,79,7.3,0.00,996.2,6.4,0.0
2025-08-13T06:00,10.4,80,7.2,0.00,996.2,4.8,0.0
2025-08-13T07:00,9.9,83,7.2,0.00,996.1,5.5,0.0
2025-08-13T08:00,9.6,84,7.2,0.00,996.6,4.6,0.0
2025-08-13T09:00,9.8,84,7.1,0.00,997.2,3.4,0.0
2025-08-13T10:00,9.8,83,6.9,0.00,998.0,3.8,0.0
2025-08-13T11:00,10.2,85,7.8,0.00,998.5,5.0,10.0
2025-08-13T12:00,13.4,79,9.7,0.00,999.3,7.4,115.0
2025-08-13T13:00,16.9,73,12.0,0.00,1000.4,5.0,285.0
2025-08-13T14:00,19.6,65,12.8,0.00,1000.9,5.0,440.0
2025-08-13T15:00,21.7,55,12.2,0.00,1001.0,4.0,552.0
2025-08-13T16:00,23.0,47,11.1,0.00,1000.5,1.0,604.0
2025-08-13T17:00,23.6,43,10.4,0.00,999.6,2.3,596.0
2025-08-13T18:00,23.9,43,10.6,0.00,999.2,4.2,522.0
2025-08-13T19:00,23.6,44,10.6,0.00,998.8,7.0,378.0
2025-08-13T20:00,22.4,55,12.9,0.00,998.8,7.0,202.0
2025-08-13T21:00,19.4,66,12.8,0.00,999.3,7.4,75.0
2025-08-13T22:00,16.8,73,11.9,0.00,999.7,8.0,2.0
2025-08-13T23:00,15.7,72,10.7,0.00,1000.1,8.7,0.0
2025-08-14T00:00,15.6,70,10.1,0.00,1000.6,11.0,0.0
2025-08-14T01:00,15.6,70,10.1,0.00,1001.4,12.1,0.0
2025-08-14T02:00,14.9,74,10.4,0.00,1001.3,12.6,0.0
2025-08-14T03:00,14.1,79,10.5,0.00,1001.7,12.8,0.0
2025-08-14T04:00,13.4,82,10.5,0.00,1002.1,12.4,0.0
2025-08-14T05:00,12.9,85,10.4,0.00,1002.0,11.7,0.0
2025-08-14T06:00,12.4,85,10.1,0.00,1001.7,11.8,0.0
2025-08-14T07:00,12.1,86,9.9,0.00,1001.5,12.3,0.0
2025-08-14T08:00,11.7,88,9.8,0.00,1001.6,13.7,0.0
2025-08-14T09:00,11.1,91,9.8,0.00,1002.1,15.0,0.0
2025-08-14T10:00,10.9,92,9.6,0.00,1003.0,15.3,0.0
2025-08-14T11:00,11.1,93,10.1,0.00,1003.8,16.0,10.0
2025-08-14T12:00,12.9,89,11.1,0.00,1004.4,16.8,111.0
2025-08-14T13:00,14.9,81,11.7,0.00,1005.0,15.5,278.0
2025-08-14T14:00,16.6,76,12.4,0.00,1005.3,14.6,432.0
2025-08-14T15:00,18.2,70,12.6,0.00,1005.1,13.3,544.0
2025-08-14T16:00,19.4,64,12.3,0.00,1004.4,12.5,599.0
2025-08-14T17:00,20.0,59,11.9,0.00,1003.9,13.0,590.0
2025-08-14T18:00,20.2,56,11.2,0.00,1003.2,14.6,519.0
2025-08-14T19:00,19.8,56,10.9,0.00,1002.9,16.5,396.0
2025-08-14T20:00,19.0,61,11.4,0.00,1002.7,16.6,235.0
2025-08-14T21:00,17.5,70,11.9,0.00,1002.5,15.0,75.0
2025-08-14T22:00,15.9,75,11.6,0.00,1002.6,15.7,2.0
2025-08-14T23:00,15.1,78,11.2,0.00,1003.0,18.6,0.0
2025-08-15T00:00,14.4,80,11.0,0.00,1003.3,19.1,0.0
2025-08-15T01:00,13.9,81,10.7,0.00,1003.8,19.3,0.0
2025-08-15T02:00,13.1,83,10.3,0.00,1004.0,18.8,0.0
2025-08-15T03:00,12.2,85,9.8,0.00,1004.1,17.4,0.0
2025-08-15T04:00,11.4,88,9.4,0.00,1004.2,16.3,0.0
2025-08-15T05:00,10.8,90,9.1,0.00,1003.7,15.5,0.0
2025-08-15T06:00,10.3,91,8.9,0.00,1003.0,15.1,0.0
2025-08-15T07:00,9.9,93,8.8,0.00,1002.3,14.7,0.0
2025-08-15T08:00,9.6,93,8.6,0.00,1002.1,14.1,0.0
2025-08-15T09:00,9.2,94,8.4,0.00,1002.0,13.4,0.0
2025-08-15T10:00,9.0,94,8.1,0.00,1002.3,13.4,0.0
2025-08-15T11:00,9.4,93,8.4,0.00,1002.7,13.9,10.0
2025-08-15T12:00,11.1,87,9.0,0.00,1002.9,13.6,112.0
2025-08-15T13:00,12.8,81,9.6,0.00,1003.4,12.1,279.0
2025-08-15T14:00,14.7,76,10.6,0.00,1003.5,9.4,433.0
2025-08-15T15:00,16.4,73,11.5,0.00,1002.9,7.5,543.0
2025-08-15T16:00,17.7,70,12.1,0.00,1001.8,6.0,595.0
2025-08-15T17:00,18.6,68,12.6,0.00,1000.5,5.2,586.0
2025-08-15T18:00,19.1,67,12.9,0.00,999.6,5.2,514.0
2025-08-15T19:00,19.2,67,12.9,0.00,999.2,6.3,387.0
2025-08-15T20:00,18.7,68,12.8,0.00,999.0,6.7,226.0
2025-08-15T21:00,16.9,78,13.1,0.00,998.6,5.2,72.0
2025-08-15T22:00,14.8,83,11.9,0.00,998.4,8.0,2.0
2025-08-15T23:00,13.8,83,10.9,0.00,998.3,7.4,0.0
2025-08-16T00:00,13.4,82,10.4,0.00,998.1,7.4,0.0
2025-08-16T01:00,13.0,82,10.1,0.00,998.1,6.5,0.0
2025-08-16T02:00,12.8,82,9.8,0.00,997.9,6.6,0.0
2025-08-16T03:00,12.6,82,9.6,0.00,997.9,6.4,0.0
2025-08-16T04:00,12.6,81,9.5,0.00,998.0,3.9,0.0
2025-08-16T05:00,13.1,79,9.6,0.00,997.5,2.4,0.0
2025-08-16T06:00,13.1,80,9.6,0.00,996.8,2.4,0.0
2025-08-16T07:00,12.7,82,9.6,0.00,996.2,3.3,0.0
2025-08-16T08:00,12.6,83,9.8,0.00,995.9,4.0,0.0
2025-08-16T09:00,12.8,84,10.1,0.00,995.9,4.2,0.0
2025-08-16T10:00,13.1,87,10.9,0.00,996.4,5.4,0.0
2025-08-16T11:00,13.7,87,11.6,0.00,997.1,9.5,3.0
2025-08-16T12:00,14.9,86,12.6,0.00,997.7,8.8,9.0
2025-08-16T13:00,16.1,85,13.6,0.00,998.3,9.6,5.0
2025-08-16T14:00,17.6,78,13.8,0.00,998.4,9.6,18.0
2025-08-16T15:00,20.1,69,14.3,0.00,997.9,9.6,223.0
2025-08-16T16:00,20.4,69,14.5,0.00,997.7,5.5,16.0
2025-08-16T17:00,22.4,63,14.9,0.00,996.9,3.2,223.0
2025-08-16T18:00,22.1,65,15.2,0.00,996.3,3.9,37.0
2025-08-16T19:00,21.4,71,15.9,0.00,996.2,9.5,7.0
2025-08-16T20:00,20.5,75,15.9,0.00,996.2,10.7,27.0
2025-08-16T21:00,19.5,78,15.6,0.00,996.2,10.4,0.0
2025-08-16T22:00,18.4,81,15.1,0.00,996.2,10.2,0.0
2025-08-16T23:00,17.5,84,14.7,0.00,996.2,9.4,0.0
2025-08-17T00:00,17.6,79,14.1,0.00,996.6,9.3,0.0
2025-08-17T01:00,16.1,87,13.9,0.00,997.4,11.1,0.0
2025-08-17T02:00,15.4,90,13.8,0.00,997.5,13.0,0.0
2025-08-17T03:00,15.1,90,13.5,0.00,997.6,12.9,0.0
2025-08-17T04:00,15.0,90,13.4,0.00,997.7,12.4,0.0
2025-08-17T05:00,15.0,90,13.4,0.00,997.7,12.8,0.0
2025-08-17T06:00,14.8,91,13.4,0.00,997.4,12.8,0.0
2025-08-17T07:00,14.6,92,13.2,0.00,997.4,13.0,0.0
2025-08-17T08:00,14.4,92,13.1,0.00,997.3,14.0,0.0
2025-08-17T09:00,14.1,93,13.1,0.00,997.2,15.1,0.0
2025-08-17T10:00,13.9,94,13.0,0.00,997.8,15.5,0.0
2025-08-17T11:00,14.2,94,13.3,0.00,998.4,15.6,10.0
2025-08-17T12:00,15.9,90,14.2,0.00,998.8,12.9,108.0
2025-08-17T13:00,18.0,83,15.1,0.00,999.7,14.1,260.0
2025-08-17T14:00,20.2,77,16.0,0.00,999.6,14.3,411.0
2025-08-17T15:00,22.1,69,16.2,0.00,999.0,15.2,527.0
2025-08-17T16:00,23.5,64,16.4,0.00,998.3,14.6,582.0
2025-08-17T17:00,24.5,61,16.4,0.00,997.0,14.9,574.0
2025-08-17T18:00,24.9,61,16.7,0.00,996.2,13.8,507.0
2025-08-17T19:00,24.8,61,16.9,0.00,995.4,14.7,384.0
2025-08-17T20:00,24.1,66,17.4,0.00,995.0,13.6,227.0
2025-08-17T21:00,22.0,74,17.1,0.00,994.5,13.3,73.0
2025-08-17T22:00,20.5,76,16.0,0.00,994.5,15.7,2.0
2025-08-17T23:00,20.0,73,15.1,0.00,994.7,17.7,0.0
2025-08-18T00:00,19.3,74,14.6,0.00,994.7,17.9,0.0
2025-08-18T01:00,19.4,72,14.1,0.00,995.2,17.6,0.0
2025-08-18T02:00,18.8,73,13.9,0.00,995.3,16.1,0.0
2025-08-18T03:00,19.1,71,13.6,0.00,995.6,16.7,0.0
2025-08-18T04:00,18.5,73,13.6,0.00,995.6,16.4,0.0
2025-08-18T05:00,19.3,69,13.6,0.00,995.2,16.0,0.0
2025-08-18T06:00,19.3,68,13.2,0.00,994.7,18.6,0.0
2025-08-18T07:00,18.5,69,12.8,0.00,994.2,18.1,0.0
2025-08-18T08:00,18.5,68,12.5,0.00,994.4,13.8,0.0
2025-08-18T09:00,18.7,67,12.4,0.00,994.8,10.0,0.0
2025-08-18T10:00,18.0,74,13.3,0.90,995.4,16.2,0.0
2025-08-18T11:00,18.2,75,13.8,0.00,995.6,18.6,0.0
2025-08-18T12:00,19.4,71,13.9,0.00,995.1,22.5,46.0
2025-08-18T13:00,20.7,70,15.1,0.00,996.9,14.4,39.0
2025-08-18T14:00,21.5,70,15.7,0.00,996.9,14.6,28.0
2025-08-18T15:00,21.6,67,15.2,0.10,995.9,19.3,12.0
2025-08-18T16:00,23.0,67,16.5,0.00,994.9,17.3,40.0
2025-08-18T17:00,25.1,59,16.7,0.00,993.3,20.4,293.0
2025-08-18T18:00,25.6,56,16.4,0.00,992.2,19.4,337.0
2025-08-18T19:00,25.2,61,17.1,0.00,991.5,17.7,94.0
2025-08-18T20:00,25.0,61,17.0,0.00,991.5,16.5,86.0
2025-08-18T21:00,23.4,68,17.2,0.00,991.6,16.9,42.0
2025-08-18T22:00,22.3,69,16.4,0.00,991.5,19.8,1.0
2025-08-18T23:00,22.2,67,15.9,0.00,991.5,21.8,0.0
2025-08-19T00:00,22.2,66,15.6,0.00,991.2,22.4,0.0
2025-08-19T01:00,21.5,69,15.5,0.20,991.6,17.6,0.0
2025-08-19T02:00,20.6,71,15.1,0.00,991.0,18.0,0.0
2025-08-19T03:00,20.7,66,14.1,0.00,990.4,19.4,0.0
2025-08-19T04:00,21.3,61,13.5,0.00,989.5,21.7,0.0
2025-08-19T05:00,21.7,61,13.8,0.20,989.3,16.7,0.0
2025-08-19T06:00,22.1,58,13.4,0.00,987.5,21.5,0.0
2025-08-19T07:00,22.6,54,12.7,0.00,986.4,26.2,0.0
2025-08-19T08:00,22.6,52,12.2,0.00,985.2,27.2,0.0
2025-08-19T09:00,22.5,51,11.9,0.00,984.8,28.3,0.0
2025-08-19T10:00,22.5,50,11.4,0.00,984.5,28.7,0.0
2025-08-19T11:00,22.1,50,11.1,0.00,984.5,30.1,1.0
2025-08-19T12:00,22.5,50,11.6,0.00,984.4,32.3,46.0
2025-08-19T13:00,20.3,76,16.0,4.90,986.7,24.6,18.0
2025-08-19T14:00,19.2,87,17.0,3.70,985.8,26.3,0.0
2025-08-19T15:00,18.8,94,17.8,11.90,986.3,29.9,2.0
2025-08-19T16:00,17.9,93,16.8,3.50,986.3,21.5,0.0
2025-08-19T17:00,17.1,93,16.0,1.80,986.1,13.5,0.0
2025-08-19T18:00,17.4,89,15.5,1.00,985.2,7.8,4.0
2025-08-19T19:00,17.6,88,15.6,1.30,985.5,8.6,1.0
2025-08-19T20:00,17.0,93,15.9,0.10,986.6,15.5,12.0
2025-08-19T21:00,16.2,91,14.8,0.00,987.0,19.2,0.0
2025-08-19T22:00,15.2,93,14.0,0.00,989.1,20.2,1.0
2025-08-19T23:00,14.8,91,13.3,0.00,989.6,19.8,0.0
2025-08-20T00:00,15.1,85,12.6,0.00,990.1,20.6,0.0
2025-08-20T01:00,14.2,90,12.6,0.00,990.6,19.4,0.0
2025-08-20T02:00,13.5,93,12.4,0.00,990.4,19.2,0.0
2025-08-20T03:00,13.4,93,12.4,0.00,990.9,21.1,0.0
2025-08-20T04:00,13.8,92,12.4,0.00,991.4,22.9,0.0
2025-08-20T05:00,14.1,90,12.4,0.00,991.2,22.7,0.0
2025-08-20T06:00,13.6,93,12.4,0.00,991.0,23.3,0.0
2025-08-20T07:00,13.3,94,12.3,0.00,990.8,21.9,0.0
2025-08-20T08:00,13.1,94,12.2,0.00,991.3,21.7,0.0
2025-08-20T09:00,13.1,93,11.9,0.00,991.9,21.2,0.0
2025-08-20T10:00,12.9,92,11.6,0.00,992.8,19.1,0.0
2025-08-20T11:00,13.2,88,11.4,0.00,993.8,18.3,13.0
2025-08-20T12:00,14.8,82,11.8,0.00,994.9,16.2,118.0
2025-08-20T13:00,15.9,73,11.1,0.00,995.8,23.6,271.0
2025-08-20T14:00,17.1,68,11.2,0.00,996.1,22.0,346.0
2025-08-20T15:00,18.2,65,11.4,0.00,995.8,19.6,324.0
2025-08-20T16:00,19.8,59,11.4,0.00,995.2,20.0,398.0
2025-08-20T17:00,20.3,59,11.9,0.00,994.5,16.7,531.0
2025-08-20T18:00,20.5,60,12.4,0.00,993.8,14.2,527.0
2025-08-20T19:00,20.4,61,12.7,0.00,993.7,12.4,400.0
2025-08-20T20:00,19.8,64,12.8,0.00,993.9,10.8,236.0
2025-08-20T21:00,18.1,73,13.2,0.00,994.0,6.9,76.0
2025-08-20T22:00,15.8,83,12.9,0.00,994.3,6.0,3.0
2025-08-20T23:00,14.9,86,12.6,0.00,994.6,4.9,0.0
2025-08-21T00:00,14.4,87,12.2,0.00,995.1,4.5,0.0
2025-08-21T01:00,14.8,87,12.6,0.00,995.7,3.7,0.0
2025-08-21T02:00,14.9,85,12.4,0.00,995.8,1.4,0.0
2025-08-21T03:00,14.9,83,12.1,0.00,995.9,0.8,0.0
2025-08-21T04:00,14.8,83,11.9,0.00,995.7,1.3,0.0
2025-08-21T05:00,14.5,83,11.6,0.00,995.3,1.4,0.0
2025-08-21T06:00,13.8,86,11.4,0.00,995.0,2.0,0.0
2025-08-21T07:00,12.4,92,11.1,0.00,994.4,5.0,0.0
2025-08-21T08:00,11.7,96,11.1,0.00,994.1,6.1,0.0
2025-08-21T09:00,11.9,96,11.4,0.00,994.1,7.5,0.0
2025-08-21T10:00,12.3,95,11.6,0.00,994.4,10.8,0.0
2025-08-21T11:00,13.1,93,12.1,0.00,994.8,14.1,14.0
2025-08-21T12:00,15.3,89,13.5,0.00,994.9,14.8,119.0
2025-08-21T13:00,16.9,83,14.1,0.00,995.1,15.4,49.0
2025-08-21T14:00,19.0,76,14.8,0.00,994.6,16.5,146.0
2025-08-21T15:00,20.8,70,15.2,0.00,993.9,18.2,221.0
2025-08-21T16:00,21.8,66,15.2,0.00,992.3,16.5,180.0
2025-08-21T17:00,22.9,66,16.0,0.00,991.1,14.4,89.0
2025-08-21T18:00,24.5,62,16.7,0.00,989.8,16.2,334.0
2025-08-21T19:00,23.0,74,18.1,1.50,989.2,10.2,51.0
2025-08-21T20:00,20.2,88,18.1,1.50,988.7,20.0,0.0
2025-08-21T21:00,19.9,89,18.0,0.20,987.0,19.2,5.0
2025-08-21T22:00,18.9,96,18.2,3.50,987.8,16.9,2.0
2025-08-21T23:00,18.8,97,18.2,1.80,987.6,22.7,0.0
2025-08-22T00:00,18.7,96,18.1,0.00,987.7,19.3,0.0
2025-08-22T01:00,21.6,83,18.6,0.00,986.2,17.6,0.0
2025-08-22T02:00,22.4,78,18.4,0.00,986.0,20.8,0.0
2025-08-22T03:00,22.8,77,18.5,0.00,985.8,23.6,0.0
2025-08-22T04:00,23.0,76,18.5,0.00,985.5,25.4,0.0
2025-08-22T05:00,23.6,72,18.3,0.00,984.8,26.6,0.0
2025-08-22T06:00,24.5,66,17.6,0.00,984.3,27.9,0.0
2025-08-22T07:00,24.8,63,17.2,0.00,984.0,28.1,0.0
2025-08-22T08:00,25.1,60,16.8,0.00,983.8,29.7,0.0
2025-08-22T09:00,25.4,58,16.5,0.00,983.9,29.7,0.0
2025-08-22T10:00,25.2,58,16.5,0.00,984.5,27.2,0.0
2025-08-22T11:00,25.1,60,16.8,0.00,984.9,27.8,14.0
2025-08-22T12:00,26.1,60,17.6,0.00,985.3,29.9,119.0
2025-08-22T13:00,28.8,58,19.8,0.00,985.5,31.9,279.0
2025-08-22T14:00,30.0,59,21.1,0.00,985.4,25.6,426.0
2025-08-22T15:00,31.0,55,20.9,0.00,984.8,31.4,532.0
2025-08-22T16:00,31.5,54,20.9,0.00,983.9,31.7,584.0
2025-08-22T17:00,31.6,53,21.0,0.00,982.8,32.7,575.0
2025-08-22T18:00,31.8,54,21.2,0.00,981.3,32.2,505.0
2025-08-22T19:00,31.6,51,20.4,0.00,980.7,37.1,383.0
2025-08-22T20:00,30.9,53,20.1,0.00,981.1,33.4,229.0
2025-08-22T21:00,29.9,56,20.0,0.00,981.5,28.8,68.0
2025-08-22T22:00,29.5,52,18.7,0.00,981.9,27.0,3.0
2025-08-22T23:00,29.1,50,17.7,0.00,982.0,28.5,0.0
2025-08-23T00:00,29.0,48,16.9,0.00,981.8,28.8,0.0
2025-08-23T01:00,29.3,46,16.6,0.00,983.5,28.9,0.0
2025-08-23T02:00,28.6,48,16.6,0.00,983.7,18.9,0.0
2025-08-23T03:00,20.5,97,20.0,5.60,987.7,23.1,0.0
2025-08-23T04:00,21.5,93,20.4,0.10,987.2,6.4,0.0
2025-08-23T05:00,21.2,90,19.6,0.00,988.4,14.0,0.0
2025-08-23T06:00,20.9,94,19.9,0.50,987.4,10.4,0.0
2025-08-23T07:00,20.5,95,19.6,0.00,988.6,10.0,0.0
2025-08-23T08:00,19.2,99,19.0,0.00,988.9,22.1,0.0
2025-08-23T09:00,17.3,96,16.7,0.20,990.4,24.6,0.0
2025-08-23T10:00,16.0,95,15.3,0.40,991.7,29.1,0.0
2025-08-23T11:00,14.9,97,14.3,2.60,993.1,33.2,0.0
2025-08-23T12:00,14.1,96,13.4,1.30,995.0,34.1,0.0
2025-08-23T13:00,13.0,95,12.2,1.80,996.7,35.5,0.0
2025-08-23T14:00,13.2,90,11.6,1.00,998.7,30.0,4.0
2025-08-23T15:00,13.4,89,11.6,0.30,999.2,26.3,3.0
2025-08-23T16:00,13.6,81,10.5,0.00,999.2,26.1,8.0
2025-08-23T17:00,14.6,72,9.6,0.00,999.0,25.1,58.0
2025-08-23T18:00,13.9,74,9.4,0.00,999.5,24.2,2.0
2025-08-23T19:00,13.9,73,9.1,0.20,999.1,27.9,5.0
2025-08-23T20:00,14.1,69,8.6,0.00,999.4,25.6,0.0
2025-08-23T21:00,14.1,68,8.4,0.00,1000.5,21.2,0.0
2025-08-23T22:00,13.9,68,8.2,0.00,1001.5,20.4,0.0
2025-08-23T23:00,13.7,66,7.6,0.00,1002.8,20.2,0.0
2025-08-24T00:00,13.6,56,5.0,0.00,1003.5,22.3,0.0
2025-08-24T01:00,12.1,62,5.0,0.00,1004.6,21.4,0.0
2025-08-24T02:00,11.9,65,5.5,0.00,1005.4,20.4,0.0
2025-08-24T03:00,12.2,66,6.1,0.00,1005.3,20.3,0.0
2025-08-24T04:00,11.6,75,7.3,0.70,1005.7,17.9,0.0
2025-08-24T05:00,11.1,78,7.4,0.00,1005.2,18.6,0.0
2025-08-24T06:00,11.1,77,7.3,0.00,1005.5,15.1,0.0
2025-08-24T07:00,11.1,75,6.9,0.00,1004.6,16.1,0.0
2025-08-24T08:00,11.1,75,6.8,0.00,1004.8,15.9,0.0
2025-08-24T09:00,11.1,75,6.8,0.00,1005.5,14.7,0.0
2025-08-24T10:00,10.9,75,6.7,0.00,1005.4,15.7,0.0
2025-08-24T11:00,10.8,78,7.2,0.00,1006.5,13.7,2.0
2025-08-24T12:00,11.3,76,7.2,0.00,1006.6,15.1,64.0
2025-08-24T13:00,12.2,73,7.4,0.00,1007.4,16.4,78.0
2025-08-24T14:00,12.3,72,7.4,0.00,1007.4,16.4,25.0
2025-08-24T15:00,13.2,64,6.6,0.00,1007.5,16.4,47.0
2025-08-24T16:00,14.2,54,4.9,0.00,1006.7,16.5,110.0
2025-08-24T17:00,14.1,50,4.0,0.00,1006.2,14.9,14.0
2025-08-24T18:00,14.4,50,4.1,0.00,1005.4,14.1,61.0
2025-08-24T19:00,14.8,48,3.9,0.00,1004.7,14.0,129.0
2025-08-24T20:00,14.4,49,3.8,0.00,1004.4,12.5,156.0
2025-08-24T21:00,13.0,59,5.1,0.00,1004.3,6.8,9.0
2025-08-24T22:00,10.5,69,4.9,0.00,1004.4,6.0,1.0
2025-08-24T23:00,10.6,69,5.2,0.00,1004.2,5.5,0.0
2025-08-25T00:00,10.4,68,4.8,0.00,1004.6,4.0,0.0
2025-08-25T01:00,10.9,70,5.6,0.00,1004.8,1.7,0.0
2025-08-25T02:00,10.5,70,5.3,0.00,1004.8,1.6,0.0
2025-08-25T03:00,10.2,71,5.2,0.00,1005.4,1.5,0.0
2025-08-25T04:00,9.8,74,5.2,0.00,1005.7,2.9,0.0
2025-08-25T05:00,9.4,75,5.2,0.00,1005.4,3.3,0.0
2025-08-25T06:00,9.1,76,5.1,0.00,1004.8,5.6,0.0
2025-08-25T07:00,8.9,79,5.4,0.00,1004.6,5.2,0.0
2025-08-25T08:00,8.4,82,5.5,0.00,1004.6,4.8,0.0
2025-08-25T09:00,8.4,82,5.5,0.00,1004.6,5.4,0.0
2025-08-25T10:00,8.8,81,5.6,0.00,1004.6,8.6,0.0
2025-08-25T11:00,9.1,82,6.2,0.00,1005.4,5.4,2.0
2025-08-25T12:00,11.2,75,7.1,0.00,1006.1,8.1,25.0
2025-08-25T13:00,13.1,62,5.9,0.00,1007.1,5.9,117.0
2025-08-25T14:00,14.1,52,4.4,0.00,1007.4,7.5,211.0
2025-08-25T15:00,15.2,51,5.0,0.00,1007.1,7.5,393.0
2025-08-25T16:00,15.8,49,5.1,0.00,1006.4,7.1,290.0
2025-08-25T17:00,16.7,47,5.4,0.00,1005.6,5.3,570.0
2025-08-25T18:00,17.0,46,5.4,0.00,1005.0,3.6,567.0
2025-08-25T19:00,17.1,46,5.2,0.00,1004.6,4.2,421.0
2025-08-25T20:00,16.8,47,5.4,0.00,1004.9,4.9,253.0
2025-08-25T21:00,14.6,66,8.3,0.00,1004.5,5.0,86.0
2025-08-25T22:00,12.1,66,6.0,0.00,1004.8,7.4,4.0
2025-08-25T23:00,10.8,66,4.6,0.00,1004.9,5.9,0.0
2025-08-26T00:00,10.4,65,4.2,0.00,1005.2,3.7,0.0
2025-08-26T01:00,10.1,73,5.3,0.00,1005.7,2.6,0.0
2025-08-26T02:00,10.4,72,5.5,0.00,1005.4,3.5,0.0
2025-08-26T03:00,9.6,71,4.6,0.00,1005.3,2.9,0.0
2025-08-26T04:00,9.6,66,3.6,0.00,1005.4,3.1,0.0
2025-08-26T05:00,9.5,64,3.0,0.00,1005.1,3.0,0.0
2025-08-26T06:00,9.2,64,2.7,0.00,1004.7,2.3,0.0
2025-08-26T07:00,8.5,67,2.7,0.00,1004.6,3.6,0.0
2025-08-26T08:00,7.6,73,3.0,0.00,1004.5,4.8,0.0
2025-08-26T09:00,7.1,76,3.0,0.00,1004.5,5.1,0.0
2025-08-26T10:00,6.7,78,3.2,0.00,1005.0,5.9,0.0
2025-08-26T11:00,8.4,77,4.6,0.00,1005.7,5.5,21.0
2025-08-26T12:00,12.0,70,6.8,0.00,1006.2,7.3,147.0
2025-08-26T13:00,14.6,67,8.5,0.00,1006.8,8.3,319.0
2025-08-26T14:00,16.4,60,8.5,0.00,1007.0,9.8,474.0
2025-08-26T15:00,17.6,53,7.9,0.00,1006.9,11.0,584.0
2025-08-26T16:00,18.5,52,8.4,0.00,1006.3,12.8,634.0
2025-08-26T17:00,19.2,44,6.8,0.00,1005.0,14.1,620.0
2025-08-26T18:00,19.4,43,6.3,0.00,1004.3,14.5,549.0
2025-08-26T19:00,19.1,45,6.8,0.00,1004.0,14.7,421.0
2025-08-26T20:00,18.5,51,8.1,0.00,1004.0,12.4,253.0
2025-08-26T21:00,16.3,61,8.9,0.00,1003.7,7.4,87.0
2025-08-26T22:00,14.3,66,8.1,0.00,1003.3,9.0,4.0
2025-08-26T23:00,14.1,66,8.0,0.00,1003.5,12.3,0.0
2025-08-27T00:00,13.8,68,7.9,0.00,1003.8,13.7,0.0
2025-08-27T01:00,13.8,68,8.1,0.00,1004.4,13.5,0.0
2025-08-27T02:00,13.2,73,8.5,0.00,1004.1,13.2,0.0
2025-08-27T03:00,13.1,74,8.6,0.00,1004.1,13.6,0.0
2025-08-27T04:00,12.8,77,8.9,0.00,1003.9,13.0,0.0
2025-08-27T05:00,12.1,82,9.0,0.00,1003.6,11.0,0.0
2025-08-27T06:00,11.4,86,9.1,0.00,1003.2,10.4,0.0
2025-08-27T07:00,11.1,87,9.0,0.00,1003.0,10.3,0.0
2025-08-27T08:00,10.7,88,8.9,0.00,1002.9,9.8,0.0
2025-08-27T09:00,10.3,90,8.7,0.00,1003.0,9.4,0.0
2025-08-27T10:00,9.9,91,8.5,0.00,1003.5,8.5,0.0
2025-08-27T11:00,10.9,90,9.2,0.00,1004.3,10.8,21.0
2025-08-27T12:00,13.2,84,10.6,0.00,1004.5,9.9,144.0
2025-08-27T13:00,15.1,76,10.9,0.00,1004.9,10.3,311.0
2025-08-27T14:00,17.0,71,11.6,0.00,1004.9,10.3,459.0
2025-08-27T15:00,18.6,69,12.8,0.00,1004.7,10.5,565.0
2025-08-27T16:00,19.9,67,13.5,0.00,1003.9,10.7,615.0
2025-08-27T17:00,20.6,65,13.8,0.00,1002.9,11.3,602.0
2025-08-27T18:00,21.0,63,13.9,0.00,1001.8,12.8,529.0
2025-08-27T19:00,21.0,63,13.6,0.00,1001.5,14.3,405.0
2025-08-27T20:00,20.2,66,13.6,0.00,1001.8,15.0,243.0
2025-08-27T21:00,18.6,73,13.7,0.00,1001.7,9.6,82.0
2025-08-27T22:00,16.6,80,13.1,0.00,1001.5,9.2,3.0
2025-08-27T23:00,16.5,78,12.6,0.00,1001.7,12.1,0.0
2025-08-28T00:00,16.3,78,12.4,0.00,1001.9,12.0,0.0
2025-08-28T01:00,16.4,79,12.7,0.00,1002.3,14.6,0.0
2025-08-28T02:00,16.1,83,13.1,0.00,1002.2,13.1,0.0
2025-08-28T03:00,15.5,87,13.3,0.00,1002.1,11.7,0.0
2025-08-28T04:00,15.1,89,13.2,0.00,1001.9,10.8,0.0
2025-08-28T05:00,14.8,90,13.1,0.00,1001.4,10.9,0.0
2025-08-28T06:00,14.5,91,13.1,0.00,1000.7,11.9,0.0
2025-08-28T07:00,14.2,92,13.0,0.00,1000.6,12.0,0.0
2025-08-28T08:00,13.8,93,12.8,0.00,1000.4,9.6,0.0
2025-08-28T09:00,13.4,94,12.5,0.00,1000.6,8.4,0.0
2025-08-28T10:00,13.2,95,12.4,0.00,1001.3,9.0,0.0
2025-08-28T11:00,13.9,94,13.0,0.00,1002.0,9.8,20.0
2025-08-28T12:00,16.2,89,14.5,0.00,1002.4,8.8,135.0
2025-08-28T13:00,18.8,81,15.4,0.00,1002.5,9.6,302.0
2025-08-28T14:00,20.9,73,15.8,0.00,1002.4,9.3,456.0
2025-08-28T15:00,22.8,67,16.3,0.00,1001.9,7.7,569.0
2025-08-28T16:00,24.1,60,15.9,0.00,1000.8,5.8,623.0
2025-08-28T17:00,24.9,54,14.9,0.00,999.9,5.9,613.0
2025-08-28T18:00,25.1,53,14.8,0.00,999.0,5.8,537.0
2025-08-28T19:00,25.0,53,14.8,0.00,998.4,6.0,404.0
2025-08-28T20:00,24.4,59,15.8,0.00,998.4,6.2,222.0
2025-08-28T21:00,22.0,74,17.1,0.00,998.2,4.9,73.0
2025-08-28T22:00,20.2,76,15.8,0.00,998.0,3.0,3.0
2025-08-28T23:00,18.8,80,15.2,0.00,997.9,2.7,0.0
2025-08-29T00:00,17.9,83,14.9,0.00,998.2,7.9,0.0
2025-08-29T01:00,18.6,75,14.1,0.00,998.0,9.0,0.0
2025-08-29T02:00,17.8,78,13.9,0.00,997.6,9.5,0.0
2025-08-29T03:00,17.0,83,14.0,0.00,997.2,9.9,0.0
2025-08-29T04:00,16.5,85,13.9,0.00,996.7,8.2,0.0
2025-08-29T05:00,15.6,87,13.4,0.00,996.5,8.3,0.0
2025-08-29T06:00,14.9,88,12.9,0.00,996.0,8.1,0.0
2025-08-29T07:00,14.5,88,12.6,0.00,995.6,7.7,0.0
2025-08-29T08:00,14.3,88,12.4,0.00,995.5,8.0,0.0
2025-08-29T09:00,14.1,89,12.3,0.00,995.8,9.6,0.0
2025-08-29T10:00,13.9,89,12.1,0.00,996.0,10.5,0.0
2025-08-29T11:00,15.1,84,12.4,0.00,996.5,12.9,21.0
2025-08-29T12:00,17.5,79,13.9,0.00,996.7,13.3,141.0
2025-08-29T13:00,20.2,70,14.6,0.00,996.9,11.7,313.0
2025-08-29T14:00,22.4,64,15.2,0.00,996.7,12.0,467.0
2025-08-29T15:00,24.4,61,16.4,0.00,996.3,12.1,577.0
2025-08-29T16:00,26.0,57,16.8,0.00,995.6,12.8,628.0
2025-08-29T17:00,26.9,53,16.4,0.00,994.4,13.9,616.0
2025-08-29T18:00,27.5,50,16.1,0.00,993.8,14.6,538.0
2025-08-29T19:00,27.3,52,16.6,0.00,993.3,14.1,408.0
2025-08-29T20:00,26.6,59,18.0,0.00,993.2,10.9,243.0
2025-08-29T21:00,24.5,66,17.8,0.00,993.0,10.0,83.0
2025-08-29T22:00,23.0,69,16.9,0.00,992.9,12.3,4.0
2025-08-29T23:00,22.5,69,16.5,0.00,993.3,14.9,0.0
2025-08-30T00:00,21.5,73,16.4,0.00,993.6,15.3,0.0
2025-08-30T01:00,21.6,74,16.8,0.00,993.9,14.9,0.0
2025-08-30T02:00,21.1,77,17.0,0.00,994.0,16.0,0.0
2025-08-30T03:00,20.9,78,17.0,0.00,994.1,16.8,0.0
2025-08-30T04:00,20.5,79,16.7,0.00,994.2,16.3,0.0
2025-08-30T05:00,20.0,81,16.5,0.00,993.9,15.3,0.0
2025-08-30T06:00,19.6,82,16.5,0.00,993.7,15.1,0.0
2025-08-30T07:00,19.6,81,16.2,0.00,993.8,15.5,0.0
2025-08-30T08:00,19.5,80,15.9,0.00,994.0,15.9,0.0
2025-08-30T09:00,19.2,80,15.6,0.00,994.3,17.0,0.0
2025-08-30T10:00,19.1,79,15.4,0.00,995.0,18.5,0.0
2025-08-30T11:00,19.7,76,15.4,0.00,995.5,21.1,22.0
2025-08-30T12:00,21.4,73,16.2,0.00,995.9,20.1,144.0
2025-08-30T13:00,24.0,67,17.4,0.00,996.0,19.8,307.0
2025-08-30T14:00,25.5,62,17.7,0.00,995.7,22.4,458.0
2025-08-30T15:00,26.9,59,18.1,0.00,995.3,22.4,564.0
2025-08-30T16:00,28.0,57,18.7,0.00,994.5,21.9,606.0
2025-08-30T17:00,28.6,56,19.0,0.00,993.3,21.8,602.0
2025-08-30T18:00,29.0,55,19.0,0.00,992.4,21.9,532.0
2025-08-30T19:00,28.8,57,19.3,0.00,991.8,20.2,385.0
2025-08-30T20:00,27.9,60,19.5,0.00,991.9,18.3,228.0
2025-08-30T21:00,26.4,62,18.6,0.00,991.8,19.5,80.0
2025-08-30T22:00,25.2,63,17.8,0.00,991.4,22.2,1.0
2025-08-30T23:00,24.5,65,17.4,0.00,991.2,23.8,0.0
2025-08-31T00:00,24.0,65,17.0,0.00,990.9,25.6,0.0
2025-08-31T01:00,24.0,65,17.0,0.00,992.1,21.4,0.0
2025-08-31T02:00,23.8,64,16.6,0.00,992.2,21.1,0.0
2025-08-31T03:00,23.6,63,16.2,0.00,992.0,21.5,0.0
2025-08-31T04:00,23.6,60,15.6,0.00,992.1,22.7,0.0
2025-08-31T05:00,23.3,61,15.3,0.00,991.9,25.0,0.0
2025-08-31T06:00,22.7,62,14.9,0.00,991.3,24.6,0.0
2025-08-31T07:00,22.4,61,14.5,0.00,991.1,23.6,0.0
2025-08-31T08:00,22.0,60,14.0,0.00,991.1,24.9,0.0
2025-08-31T09:00,21.8,60,13.6,0.00,992.5,19.1,0.0
2025-08-31T10:00,19.5,78,15.4,2.00,996.4,9.7,0.0
2025-08-31T11:00,19.3,80,15.7,0.20,994.3,27.1,0.0
2025-08-31T12:00,19.7,76,15.4,0.10,994.4,27.3,0.0
2025-08-31T13:00,23.5,60,15.2,0.00,992.6,31.5,10.0
2025-08-31T14:00,25.4,58,16.5,0.00,993.6,22.9,203.0
2025-08-31T15:00,23.5,63,16.1,0.00,993.5,36.1,85.0
2025-08-31T16:00,24.8,62,17.0,0.00,992.7,33.0,285.0
2025-08-31T17:00,26.1,59,17.5,0.00,991.9,26.3,186.0
2025-08-31T18:00,26.7,58,17.7,0.00,991.5,28.0,404.0
2025-08-31T19:00,26.4,61,18.4,0.00,990.8,24.7,276.0
2025-08-31T20:00,26.3,60,18.0,0.00,990.6,28.0,224.0
2025-08-31T21:00,25.0,56,15.8,0.00,990.6,28.6,75.0
2025-08-31T22:00,23.6,61,15.8,0.00,991.1,26.6,3.0
2025-08-31T23:00,22.5,66,15.9,0.00,992.1,26.8,0.0
2025-09-01T00:00,22.6,65,15.6,0.00,991.8,25.5,0.0
2025-09-01T01:00,23.8,59,15.1,0.00,992.8,22.9,0.0
2025-09-01T02:00,24.0,58,15.1,0.00,992.7,23.3,0.0
2025-09-01T03:00,24.0,54,14.3,0.00,992.7,24.3,0.0
2025-09-01T04:00,23.5,54,13.7,0.00,992.5,21.8,0.0
2025-09-01T05:00,23.5,54,13.6,0.00,992.6,24.1,0.0
2025-09-01T06:00,22.9,57,13.8,0.00,994.0,29.9,0.0
2025-09-01T07:00,20.7,73,15.6,0.40,994.6,22.0,0.0
2025-09-01T08:00,21.1,66,14.5,0.00,994.2,19.1,0.0
2025-09-01T09:00,20.1,69,14.2,0.00,994.2,18.5,0.0
2025-09-01T10:00,19.8,70,14.1,0.00,995.0,15.9,0.0
2025-09-01T11:00,19.9,73,14.8,0.00,996.7,9.5,18.0
2025-09-01T12:00,21.2,72,15.9,0.00,997.6,5.3,119.0
2025-09-01T13:00,20.5,78,16.5,0.70,998.7,11.4,41.0
2025-09-01T14:00,21.5,76,17.1,1.60,999.2,14.3,146.0
2025-09-01T15:00,22.2,71,16.6,0.20,999.1,16.8,158.0
2025-09-01T16:00,22.3,75,17.5,0.50,999.1,26.6,284.0
2025-09-01T17:00,21.5,79,17.8,0.70,998.1,22.2,20.0
2025-09-01T18:00,21.8,79,17.9,0.00,997.3,20.0,14.0
2025-09-01T19:00,22.3,78,18.2,0.10,996.7,17.6,173.0
2025-09-01T20:00,22.5,80,18.8,0.00,996.4,12.2,144.0
2025-09-01T21:00,21.8,85,19.1,0.00,996.6,9.2,52.0
2025-09-01T22:00,20.5,91,19.0,0.10,996.5,9.2,1.0
2025-09-01T23:00,20.2,90,18.5,0.00,996.5,10.3,0.0
2025-09-02T00:00,19.6,90,18.0,0.00,996.7,12.3,0.0
2025-09-02T01:00,18.9,89,17.0,0.00,997.6,11.9,0.0
2025-09-02T02:00,19.0,87,16.7,0.00,997.4,12.6,0.0
2025-09-02T03:00,18.8,87,16.5,0.00,996.9,13.3,0.0
2025-09-02T04:00,18.4,90,16.6,0.00,996.4,12.2,0.0
2025-09-02T05:00,18.0,92,16.6,0.00,996.4,11.4,0.0
2025-09-02T06:00,17.9,92,16.6,0.00,996.1,10.5,0.0
2025-09-02T07:00,18.6,88,16.6,0.60,996.0,11.5,0.0
2025-09-02T08:00,18.1,92,16.8,1.30,995.7,12.4,0.0
2025-09-02T09:00,18.0,93,16.9,0.80,995.8,13.9,0.0
2025-09-02T10:00,17.4,95,16.5,0.00,996.1,12.2,0.0
2025-09-02T11:00,18.1,92,16.9,0.00,996.6,13.1,15.0
2025-09-02T12:00,19.8,89,17.9,0.00,996.8,14.1,68.0
2025-09-02T13:00,21.3,84,18.5,0.00,996.2,12.5,252.0
2025-09-02T14:00,23.2,75,18.5,0.00,996.7,14.7,246.0
2025-09-02T15:00,24.8,68,18.5,0.00,995.8,15.8,353.0
2025-09-02T16:00,25.7,65,18.7,0.00,994.4,16.1,309.0
2025-09-02T17:00,27.4,62,19.4,0.00,993.8,17.0,569.0
2025-09-02T18:00,28.0,58,19.1,0.00,992.8,15.8,390.0
2025-09-02T19:00,28.1,58,19.0,0.00,992.1,15.4,353.0
2025-09-02T20:00,27.0,66,20.0,0.00,991.8,10.7,69.0
2025-09-02T21:00,25.5,77,21.0,0.80,991.7,1.8,52.0
2025-09-02T22:00,23.2,82,20.0,0.30,991.6,6.6,1.0
2025-09-02T23:00,22.0,90,20.2,0.00,991.5,11.7,0.0
2025-09-03T00:00,21.5,90,19.7,0.00,991.9,10.7,0.0
2025-09-03T01:00,24.1,74,19.3,0.00,992.0,12.2,0.0
2025-09-03T02:00,23.5,74,18.6,0.00,991.5,13.1,0.0
2025-09-03T03:00,23.8,69,17.8,0.00,991.5,17.1,0.0
2025-09-03T04:00,24.0,64,16.7,0.00,991.2,19.6,0.0
2025-09-03T05:00,24.0,60,15.8,0.00,991.4,20.2,0.0
2025-09-03T06:00,23.8,57,14.9,0.00,990.8,21.0,0.0
2025-09-03T07:00,23.4,57,14.4,0.00,990.9,16.6,0.0
2025-09-03T08:00,22.0,62,14.5,0.00,991.4,9.3,0.0
2025-09-03T09:00,21.2,66,14.5,0.00,991.5,9.4,0.0
2025-09-03T10:00,21.4,64,14.2,0.00,992.5,13.2,0.0
2025-09-03T11:00,22.5,61,14.8,0.00,992.8,19.3,9.0
2025-09-03T12:00,23.3,62,15.6,0.00,992.7,21.0,82.0
2025-09-03T13:00,24.4,70,18.6,0.10,993.3,8.5,69.0
2025-09-03T14:00,25.4,71,19.7,0.20,993.5,3.6,192.0
2025-09-03T15:00,27.4,60,18.9,0.00,991.7,17.2,321.0
2025-09-03T16:00,29.8,52,18.8,0.00,991.0,26.1,593.0
2025-09-03T17:00,29.3,54,19.1,0.00,989.1,21.1,471.0
2025-09-03T18:00,30.5,53,19.8,0.00,989.1,13.5,497.0
2025-09-03T19:00,27.0,67,20.4,0.10,989.1,14.5,377.0
2025-09-03T20:00,25.2,76,20.7,0.00,988.9,14.8,198.0
2025-09-03T21:00,24.6,78,20.5,0.00,989.0,10.7,70.0
2025-09-03T22:00,23.5,79,19.6,0.00,989.2,11.5,2.0
2025-09-03T23:00,22.2,87,20.0,0.70,990.9,5.8,0.0
2025-09-04T00:00,22.1,87,19.9,0.00,991.3,7.8,0.0
2025-09-04T01:00,21.1,97,20.6,0.00,990.9,4.9,0.0
2025-09-04T02:00,21.0,98,20.6,0.00,991.4,17.6,0.0
2025-09-04T03:00,20.3,98,20.0,0.40,992.7,20.0,0.0
2025-09-04T04:00,20.4,95,19.6,0.10,993.4,15.3,0.0
2025-09-04T05:00,19.6,98,19.2,0.00,992.7,12.8,0.0
2025-09-04T06:00,19.4,99,19.2,1.30,992.3,11.0,0.0
2025-09-04T07:00,19.3,99,19.2,1.20,993.0,14.6,0.0
2025-09-04T08:00,17.3,99,17.1,1.90,993.4,23.3,0.0
2025-09-04T09:00,16.8,96,16.1,4.10,994.5,21.6,0.0
2025-09-04T10:00,16.2,96,15.6,4.40,995.2,23.1,0.0
2025-09-04T11:00,15.9,98,15.7,3.40,995.9,24.1,0.0
2025-09-04T12:00,15.6,98,15.2,5.40,997.1,24.5,0.0
2025-09-04T13:00,15.2,94,14.4,0.30,998.6,22.1,1.0
2025-09-04T14:00,13.8,99,13.7,0.50,999.4,25.1,0.0
2025-09-04T15:00,13.1,98,12.8,1.20,999.7,26.6,1.0
2025-09-04T16:00,13.3,93,12.2,0.60,999.2,25.9,4.0
2025-09-04T17:00,13.2,92,11.9,0.30,998.9,24.9,1.0
2025-09-04T18:00,13.5,83,10.7,0.00,998.8,25.8,5.0
2025-09-04T19:00,14.3,76,10.1,0.00,998.5,24.5,3.0
2025-09-04T20:00,14.5,62,7.2,0.00,999.0,27.4,62.0
2025-09-04T21:00,13.7,57,5.2,0.00,999.9,26.1,12.0
2025-09-04T22:00,13.4,49,3.0,0.00,1000.4,24.7,1.0
2025-09-04T23:00,13.6,49,3.0,0.00,1000.7,25.5,0.0
2025-09-05T00:00,13.2,56,4.7,0.00,1001.3,25.1,0.0
2025-09-05T01:00,12.7,61,5.4,0.00,1002.4,22.8,0.0
2025-09-05T02:00,12.6,64,5.9,0.00,1002.9,21.1,0.0
2025-09-05T03:00,12.4,66,6.2,0.00,1003.1,21.7,0.0
2025-09-05T04:00,12.1,69,6.5,0.00,1003.2,23.9,0.0
2025-09-05T05:00,11.4,71,6.2,0.00,1001.7,25.6,0.0
2025-09-05T06:00,10.6,69,5.1,0.00,1002.1,21.6,0.0
2025-09-05T07:00,10.0,69,4.6,0.00,1002.8,21.9,0.0
2025-09-05T08:00,9.5,69,4.1,0.00,1003.2,21.9,0.0
2025-09-05T09:00,9.3,68,3.6,0.00,1003.9,21.3,0.0
2025-09-05T10:00,8.8,69,3.4,0.00,1004.5,22.5,0.0
2025-09-05T11:00,8.7,72,3.9,0.00,1005.0,21.3,9.0
2025-09-05T12:00,9.5,71,4.5,0.00,1005.4,22.7,137.0
2025-09-05T13:00,11.6,66,5.6,0.00,1006.7,23.9,268.0
2025-09-05T14:00,12.1,67,6.2,0.00,1006.6,23.0,150.0
2025-09-05T15:00,13.1,67,7.2,0.00,1005.8,20.3,354.0
2025-09-05T16:00,13.8,63,6.9,0.00,1005.1,20.6,164.0
2025-09-05T17:00,14.1,61,6.6,0.00,1004.4,20.7,61.0
2025-09-05T18:00,14.3,59,6.4,0.00,1003.9,21.2,107.0
2025-09-05T19:00,14.1,60,6.4,0.00,1003.6,20.1,35.0
2025-09-05T20:00,13.9,60,6.3,0.00,1003.7,19.5,9.0
2025-09-05T21:00,13.4,61,6.1,0.00,1004.0,17.3,24.0
2025-09-05T22:00,12.4,63,5.5,0.00,1004.1,15.5,4.0
2025-09-05T23:00,11.2,67,5.3,0.00,1004.3,16.1,0.0
2025-09-06T00:00,10.8,67,4.8,0.00,1004.7,17.2,0.0
2025-09-06T01:00,10.1,71,5.0,0.00,1005.5,17.1,0.0
2025-09-06T02:00,9.7,73,5.1,0.00,1005.4,17.4,0.0
2025-09-06T03:00,9.2,75,5.1,0.00,1005.5,17.5,0.0
2025-09-06T04:00,8.8,77,4.9,0.00,1005.3,17.7,0.0
2025-09-06T05:00,8.3,78,4.8,0.00,1004.7,15.4,0.0
2025-09-06T06:00,7.8,80,4.6,0.00,1004.6,14.0,0.0
2025-09-06T07:00,7.6,80,4.4,0.00,1004.3,14.6,0.0
2025-09-06T08:00,7.3,82,4.4,0.00,1003.9,14.9,0.0
2025-09-06T09:00,7.2,84,4.7,0.00,1004.1,15.1,0.0
2025-09-06T10:00,7.2,84,4.7,0.00,1004.3,16.0,0.0
2025-09-06T11:00,8.2,82,5.3,0.00,1005.5,12.9,31.0
2025-09-06T12:00,9.8,77,5.8,0.00,1005.9,16.8,161.0
2025-09-06T13:00,11.7,72,6.8,0.00,1006.2,19.7,328.0
2025-09-06T14:00,13.1,67,7.2,0.00,1006.0,19.2,484.0
2025-09-06T15:00,14.4,61,6.8,0.00,1005.3,19.8,592.0
2025-09-06T16:00,14.8,55,5.9,0.00,1004.1,19.2,279.0
2025-09-06T17:00,15.7,53,6.1,0.00,1003.0,19.4,573.0
2025-09-06T18:00,15.9,52,5.9,0.00,1002.4,19.7,546.0
2025-09-06T19:00,15.6,52,5.7,0.00,1001.7,19.8,409.0
2025-09-06T20:00,14.8,55,5.8,0.00,1002.0,17.8,186.0
2025-09-06T21:00,13.9,60,6.2,0.00,1002.1,14.9,81.0
2025-09-06T22:00,12.6,68,6.7,0.00,1001.9,15.6,4.0
2025-09-06T23:00,11.9,72,7.1,0.00,1002.0,14.8,0.0
2025-09-07T00:00,11.5,76,7.4,0.00,1002.2,15.5,0.0
2025-09-07T01:00,11.5,73,6.9,0.00,1002.5,16.3,0.0
2025-09-07T02:00,11.1,76,7.1,0.00,1002.3,16.0,0.0
2025-09-07T03:00,10.6,80,7.2,0.00,1002.5,14.9,0.0
2025-09-07T04:00,10.1,83,7.3,0.00,1002.2,13.8,0.0
2025-09-07T05:00,9.7,85,7.3,0.00,1001.3,13.9,0.0
2025-09-07T06:00,9.3,87,7.2,0.00,1000.6,13.2,0.0
2025-09-07T07:00,8.9,89,7.2,0.00,1000.0,11.6,0.0
2025-09-07T08:00,9.0,88,7.2,0.00,999.9,11.8,0.0
2025-09-07T09:00,8.9,89,7.2,0.00,1000.4,10.1,0.0
2025-09-07T10:00,8.7,91,7.3,0.00,1001.1,10.2,0.0
2025-09-07T11:00,9.9,88,7.9,0.00,1001.4,14.0,10.0
2025-09-07T12:00,11.4,83,8.6,0.00,1001.5,11.9,42.0
2025-09-07T13:00,13.6,77,9.6,0.00,1001.8,10.8,186.0
2025-09-07T14:00,15.5,72,10.4,0.00,1001.3,9.4,250.0
2025-09-07T15:00,16.1,70,10.8,0.00,1001.2,6.1,69.0
2025-09-07T16:00,15.6,76,11.5,3.70,1000.1,10.3,14.0
2025-09-07T17:00,16.5,73,11.5,0.00,999.2,7.2,34.0
2025-09-07T18:00,16.8,69,11.0,0.00,997.7,8.0,25.0
2025-09-07T19:00,16.4,71,11.1,0.30,997.7,8.6,8.0
2025-09-07T20:00,15.2,82,12.1,0.20,996.9,11.2,0.0
2025-09-07T21:00,14.3,89,12.6,0.40,996.6,11.8,0.0
2025-09-07T22:00,13.4,96,12.7,0.30,996.3,12.0,0.0
2025-09-07T23:00,13.2,96,12.6,0.30,996.1,13.3,0.0
2025-09-08T00:00,13.5,94,12.6,0.10,995.9,15.0,0.0
2025-09-08T01:00,13.4,92,12.1,0.10,997.1,13.9,0.0
2025-09-08T02:00,13.5,93,12.4,0.00,997.1,9.5,0.0
2025-09-08T03:00,13.6,93,12.6,0.40,996.8,10.6,0.0
2025-09-08T04:00,13.9,94,12.9,0.50,996.2,8.4,0.0
2025-09-08T05:00,14.1,95,13.2,0.00,995.4,8.3,0.0
2025-09-08T06:00,14.6,95,13.8,0.00,994.0,10.6,0.0
2025-09-08T07:00,15.1,96,14.5,0.00,993.2,13.4,0.0
2025-09-08T08:00,15.5,96,14.9,0.00,993.0,12.3,0.0
2025-09-08T09:00,15.8,97,15.3,0.40,992.9,11.2,0.0
2025-09-08T10:00,16.0,97,15.4,0.30,993.4,9.9,0.0
2025-09-08T11:00,16.8,95,15.9,0.00,993.7,12.0,0.0
2025-09-08T12:00,18.0,93,16.8,0.00,994.2,4.0,0.0
2025-09-08T13:00,17.4,94,16.5,0.30,994.8,2.6,0.0
2025-09-08T14:00,18.9,95,18.0,0.90,994.2,7.8,3.0
2025-09-08T15:00,18.5,97,18.0,4.00,993.7,10.2,0.0
2025-09-08T16:00,19.0,97,18.4,1.20,992.4,9.6,2.0
2025-09-08T17:00,18.5,98,18.1,3.40,991.9,5.8,0.0
2025-09-08T18:00,19.0,97,18.6,1.50,991.3,8.3,1.0
2025-09-08T19:00,19.0,98,18.6,1.60,990.1,10.4,3.0
2025-09-08T20:00,18.8,98,18.5,1.70,990.8,10.5,0.0
2025-09-08T21:00,17.5,99,17.4,5.30,991.4,11.0,0.0
2025-09-08T22:00,17.0,99,16.9,3.40,992.6,15.3,0.0
2025-09-08T23:00,16.6,99,16.5,0.70,992.6,10.2,0.0
2025-09-09T00:00,16.2,99,16.1,0.40,993.8,10.9,0.0
2025-09-09T01:00,16.0,100,15.9,0.00,993.8,7.3,0.0
2025-09-09T02:00,15.9,100,15.9,0.00,995.2,13.0,0.0
2025-09-09T03:00,16.0,100,16.0,0.00,995.7,17.2,0.0
2025-09-09T04:00,15.6,99,15.5,0.00,996.3,13.9,0.0
2025-09-09T05:00,15.5,98,15.1,0.00,996.3,11.0,0.0
2025-09-09T06:00,14.4,100,14.4,0.00,995.6,9.5,0.0
2025-09-09T07:00,13.9,100,13.9,0.00,995.6,10.6,0.0
2025-09-09T08:00,13.9,100,13.9,0.00,996.0,11.9,0.0
2025-09-09T09:00,13.8,100,13.7,0.00,996.9,13.0,0.0
2025-09-09T10:00,13.6,100,13.6,0.00,998.1,13.9,0.0
2025-09-09T11:00,13.6,99,13.5,0.00,998.8,11.3,2.0
2025-09-09T12:00,14.2,96,13.6,0.00,999.8,9.4,18.0
2025-09-09T13:00,16.0,87,13.9,0.00,1000.5,10.6,29.0
2025-09-09T14:00,18.1,74,13.4,0.00,1001.2,14.5,265.0
2025-09-09T15:00,19.4,66,12.9,0.00,1001.1,12.2,401.0
2025-09-09T16:00,20.5,63,13.2,0.00,1000.8,10.3,610.0
2025-09-09T17:00,21.0,62,13.6,0.00,999.9,9.1,600.0
2025-09-09T18:00,21.4,61,13.6,0.00,999.2,6.7,521.0
2025-09-09T19:00,21.4,60,13.4,0.00,998.8,5.4,402.0
2025-09-09T20:00,21.0,61,13.2,0.00,998.9,5.4,251.0
2025-09-09T21:00,19.2,76,15.0,0.00,998.7,4.0,93.0
2025-09-09T22:00,16.4,82,13.4,0.00,998.8,6.1,6.0
2025-09-09T23:00,15.5,81,12.2,0.00,999.2,6.7,0.0
2025-09-10T00:00,14.9,79,11.2,0.00,999.6,6.3,0.0
2025-09-10T01:00,15.1,76,10.9,0.00,999.7,5.5,0.0
2025-09-10T02:00,14.5,78,10.6,0.00,999.4,6.6,0.0
2025-09-10T03:00,14.0,80,10.6,0.00,999.0,7.4,0.0
2025-09-10T04:00,13.7,82,10.6,0.00,998.5,8.0,0.0
2025-09-10T05:00,13.7,82,10.8,0.00,997.5,9.4,0.0
2025-09-10T06:00,13.4,86,11.1,0.00,996.8,10.3,0.0
2025-09-10T07:00,12.8,89,10.9,0.00,996.5,10.1,0.0
2025-09-10T08:00,12.1,91,10.6,0.00,996.4,9.7,0.0
2025-09-10T09:00,11.7,92,10.5,0.00,996.8,10.6,0.0
2025-09-10T10:00,11.6,93,10.5,0.00,997.3,11.8,0.0
2025-09-10T11:00,13.1,89,11.4,0.00,997.9,14.5,41.0
2025-09-10T12:00,15.5,83,12.6,0.00,998.1,13.3,187.0
2025-09-10T13:00,18.2,75,13.6,0.00,998.2,14.7,370.0
2025-09-10T14:00,20.5,67,14.3,0.00,998.1,15.4,530.0
2025-09-10T15:00,22.5,62,14.9,0.00,997.7,14.2,644.0
2025-09-10T16:00,24.0,57,14.9,0.00,996.4,13.6,693.0
2025-09-10T17:00,25.1,54,15.1,0.00,995.1,14.3,675.0
2025-09-10T18:00,25.8,52,15.2,0.00,994.4,14.3,590.0
2025-09-10T19:00,25.9,53,15.4,0.00,993.8,13.6,451.0
2025-09-10T20:00,25.2,59,16.6,0.00,993.9,10.4,276.0
2025-09-10T21:00,22.9,67,16.5,0.00,994.0,7.9,101.0
2025-09-10T22:00,19.9,74,15.1,0.00,994.2,8.0,7.0
2025-09-10T23:00,19.4,73,14.4,0.00,995.0,9.0,0.0
2025-09-11T00:00,19.0,74,14.1,0.00,996.2,10.7,0.0
2025-09-11T01:00,19.9,67,13.4,0.00,996.5,11.7,0.0
2025-09-11T02:00,19.1,69,13.2,0.00,996.9,11.5,0.0
2025-09-11T03:00,18.5,71,13.1,0.00,997.1,11.5,0.0
2025-09-11T04:00,18.0,71,12.8,0.00,997.1,10.3,0.0
2025-09-11T05:00,17.9,71,12.4,0.00,996.8,9.6,0.0
2025-09-11T06:00,17.0,75,12.5,0.00,996.5,6.1,0.0
2025-09-11T07:00,18.0,71,12.6,0.00,997.6,9.9,0.0
2025-09-11T08:00,17.0,77,12.9,0.00,997.0,9.9,0.0
2025-09-11T09:00,17.0,77,12.9,0.00,998.1,15.4,0.0
2025-09-11T10:00,16.6,78,12.8,0.00,999.4,11.7,0.0
2025-09-11T11:00,17.4,76,13.1,0.00,1000.2,12.6,4.0
2025-09-11T12:00,18.6,77,14.4,0.00,1001.3,10.1,142.0
2025-09-11T13:00,21.2,68,14.9,0.00,1001.2,18.2,301.0
2025-09-11T14:00,22.5,63,14.9,0.00,1001.6,19.9,480.0
2025-09-11T15:00,23.4,58,14.8,0.00,1001.4,20.6,590.0
2025-09-11T16:00,24.4,55,14.6,0.00,1000.8,20.2,641.0
2025-09-11T17:00,24.9,52,14.4,0.00,999.9,19.0,628.0
2025-09-11T18:00,25.0,52,14.6,0.00,999.6,17.7,530.0
2025-09-11T19:00,25.0,52,14.4,0.00,999.5,13.4,353.0
2025-09-11T20:00,24.0,59,15.4,0.00,999.7,11.5,92.0
2025-09-11T21:00,22.1,66,15.6,0.00,999.6,9.5,17.0
2025-09-11T22:00,20.9,69,14.9,0.00,999.3,13.8,1.0
2025-09-11T23:00,20.3,68,14.2,0.00,999.3,18.0,0.0
2025-09-12T00:00,19.5,71,14.1,0.00,999.4,21.7,0.0
2025-09-12T01:00,19.0,73,14.1,0.00,999.6,19.7,0.0
2025-09-12T02:00,18.4,78,14.6,0.00,1000.0,17.4,0.0
2025-09-12T03:00,17.7,82,14.6,0.00,1000.3,15.8,0.0
2025-09-12T04:00,17.0,85,14.5,0.00,1000.0,15.7,0.0
2025-09-12T05:00,16.4,88,14.4,0.00,999.7,16.7,0.0
2025-09-12T06:00,15.9,89,14.1,0.00,999.3,16.4,0.0
2025-09-12T07:00,15.4,91,13.9,0.00,998.9,14.9,0.0
2025-09-12T08:00,14.9,92,13.6,0.00,998.9,14.2,0.0
2025-09-12T09:00,14.4,92,13.2,0.00,998.9,13.1,0.0
2025-09-12T10:00,14.0,93,12.9,0.00,999.4,11.9,0.0
2025-09-12T11:00,15.0,91,13.6,0.00,999.9,14.5,41.0
2025-09-12T12:00,17.0,84,14.2,0.00,1000.1,14.3,185.0
2025-09-12T13:00,19.2,73,14.3,0.00,1000.2,13.8,370.0
2025-09-12T14:00,20.9,70,15.1,0.00,1000.0,13.9,529.0
2025-09-12T15:00,22.5,66,15.9,0.00,999.5,13.6,639.0
2025-09-12T16:00,23.6,63,16.1,0.00,998.6,14.4,688.0
2025-09-12T17:00,24.2,60,16.1,0.00,997.8,15.7,670.0
2025-09-12T18:00,24.2,58,15.6,0.00,997.2,17.1,588.0
2025-09-12T19:00,24.0,56,14.5,0.00,996.7,17.6,451.0
2025-09-12T20:00,23.0,58,14.4,0.00,996.3,16.3,277.0
2025-09-12T21:00,21.3,61,13.5,0.00,996.0,15.5,101.0
2025-09-12T22:00,19.9,62,12.3,0.00,996.1,17.6,7.0
2025-09-12T23:00,19.0,63,11.8,0.00,996.3,18.7,0.0
2025-09-13T00:00,18.2,64,11.4,0.00,996.4,18.8,0.0
2025-09-13T01:00,18.0,62,10.6,0.00,996.8,18.3,0.0
2025-09-13T02:00,17.4,64,10.5,0.00,996.7,16.9,0.0
2025-09-13T03:00,16.8,67,10.5,0.00,996.4,15.6,0.0
2025-09-13T04:00,16.2,68,10.4,0.00,995.6,15.0,0.0
2025-09-13T05:00,15.7,69,10.1,0.00,995.1,13.9,0.0
2025-09-13T06:00,15.3,70,9.9,0.00,994.4,13.3,0.0
2025-09-13T07:00,15.1,70,9.6,0.00,993.6,12.8,0.0
2025-09-13T08:00,15.0,70,9.6,0.00,993.3,13.3,0.0
2025-09-13T09:00,15.1,69,9.6,0.00,993.7,13.1,0.0
2025-09-13T10:00,15.8,68,9.9,0.00,994.0,13.2,0.0
2025-09-13T11:00,16.5,70,11.1,0.00,994.6,13.9,30.0
2025-09-13T12:00,18.6,71,13.3,0.00,994.9,10.1,153.0
2025-09-13T13:00,21.7,65,14.9,0.00,995.6,11.9,319.0
2025-09-13T14:00,23.7,62,15.9,0.00,995.2,9.2,399.0
2025-09-13T15:00,25.6,60,17.3,0.00,994.8,6.3,399.0
2025-09-13T16:00,27.5,58,18.4,0.00,993.9,6.7,548.0
2025-09-13T17:00,28.5,56,19.0,0.00,993.0,8.8,557.0
2025-09-13T18:00,29.0,57,19.6,0.00,992.3,10.9,523.0
2025-09-13T19:00,29.0,59,20.0,0.00,991.4,12.2,403.0
2025-09-13T20:00,28.4,65,21.0,0.00,991.3,11.2,242.0
2025-09-13T21:00,26.5,72,21.0,0.00,991.3,9.6,82.0
2025-09-13T22:00,24.8,76,20.2,0.00,991.4,11.0,5.0
2025-09-13T23:00,23.8,81,20.3,0.00,991.5,11.7,0.0
2025-09-14T00:00,23.5,78,19.5,0.00,992.0,16.8,0.0
2025-09-14T01:00,23.9,76,19.4,0.00,992.3,16.5,0.0
2025-09-14T02:00,22.9,77,18.6,0.00,992.5,14.5,0.0
2025-09-14T03:00,22.1,77,17.9,0.00,992.6,14.4,0.0
2025-09-14T04:00,21.6,75,17.0,0.00,992.5,12.9,0.0
2025-09-14T05:00,21.2,73,16.2,0.00,992.4,13.3,0.0
2025-09-14T06:00,21.1,72,15.8,0.00,992.0,12.4,0.0
2025-09-14T07:00,20.8,73,15.6,0.00,992.3,12.4,0.0
2025-09-14T08:00,20.5,72,15.4,0.00,992.7,11.1,0.0
2025-09-14T09:00,20.1,74,15.3,0.00,992.9,13.6,0.0
2025-09-14T10:00,19.8,75,15.1,0.00,993.7,13.8,0.0
2025-09-14T11:00,20.9,73,15.9,0.10,994.4,16.6,24.0
2025-09-14T12:00,22.2,73,17.2,0.00,995.4,17.3,57.0
2025-09-14T13:00,24.3,68,18.0,0.00,996.1,7.5,155.0
2025-09-14T14:00,26.4,61,18.3,0.00,996.0,11.0,374.0
2025-09-14T15:00,27.8,55,18.0,0.00,995.5,14.7,565.0
2025-09-14T16:00,28.5,54,18.2,0.00,995.2,9.3,586.0
2025-09-14T17:00,28.9,54,18.5,0.00,994.2,5.1,486.0
2025-09-14T18:00,29.3,54,18.9,0.00,993.5,6.6,502.0
2025-09-14T19:00,29.4,55,19.3,0.00,992.8,6.1,390.0
2025-09-14T20:00,28.5,63,20.7,0.00,992.7,8.1,169.0
2025-09-14T21:00,26.6,70,20.6,0.00,992.6,7.8,74.0
2025-09-14T22:00,24.9,73,19.8,0.00,992.6,8.3,3.0
2025-09-14T23:00,24.2,74,19.3,0.00,993.0,8.4,0.0
2025-09-15T00:00,24.1,73,19.0,0.00,992.9,15.0,0.0
2025-09-15T01:00,21.8,76,17.2,0.00,993.1,15.4,0.0
2025-09-15T02:00,21.4,76,16.9,0.00,992.6,15.0,0.0
2025-09-15T03:00,20.8,76,16.5,0.00,992.9,14.6,0.0
2025-09-15T04:00,20.6,75,16.0,0.00,992.5,15.6,0.0
2025-09-15T05:00,20.2,75,15.6,0.00,992.1,15.9,0.0
2025-09-15T06:00,20.0,74,15.2,0.00,991.6,15.0,0.0
2025-09-15T07:00,19.2,77,15.1,0.00,991.4,14.6,0.0
2025-09-15T08:00,19.5,75,14.9,0.00,990.5,17.8,0.0
2025-09-15T09:00,19.3,75,14.8,0.00,990.3,16.4,0.0
2025-09-15T10:00,19.0,77,14.9,0.00,992.4,2.8,0.0
2025-09-15T11:00,19.1,84,16.3,0.00,994.8,5.2,0.0
2025-09-15T12:00,19.5,83,16.6,0.20,993.5,13.0,9.0
2025-09-15T13:00,21.3,85,18.6,0.10,996.9,8.4,14.0
2025-09-15T14:00,21.7,89,19.8,2.60,997.5,12.8,3.0
2025-09-15T15:00,20.5,93,19.4,0.70,996.2,18.8,0.0
2025-09-15T16:00,22.2,85,19.6,0.00,994.4,22.7,70.0
2025-09-15T17:00,24.2,74,19.4,0.00,992.7,23.8,420.0
2025-09-15T18:00,24.6,71,19.1,0.00,992.7,18.1,337.0
2025-09-15T19:00,24.5,72,19.2,0.00,993.2,8.3,131.0
2025-09-15T20:00,22.9,84,20.0,0.40,994.3,7.9,10.0
2025-09-15T21:00,21.6,90,19.9,0.10,992.9,13.9,0.0
2025-09-15T22:00,20.5,93,19.4,0.50,994.1,16.6,4.0
2025-09-15T23:00,20.2,94,19.2,0.00,994.3,18.0,0.0
2025-09-16T00:00,19.9,95,19.0,0.00,994.4,13.1,0.0
2025-09-16T01:00,19.2,94,18.2,0.00,996.0,15.6,0.0
2025-09-16T02:00,18.9,95,18.0,0.00,995.3,15.1,0.0
2025-09-16T03:00,18.7,95,17.9,1.30,995.2,15.0,0.0
2025-09-16T04:00,18.5,94,17.5,0.70,994.7,12.6,0.0
2025-09-16T05:00,18.3,94,17.4,0.00,994.4,12.2,0.0
2025-09-16T06:00,17.8,96,17.1,0.00,994.4,6.5,0.0
2025-09-16T07:00,17.3,97,16.8,0.00,994.7,5.5,0.0
2025-09-16T08:00,17.1,97,16.6,0.00,995.1,4.9,0.0
2025-09-16T09:00,17.6,98,17.2,0.00,995.6,13.0,0.0
2025-09-16T10:00,17.6,98,17.4,0.00,996.1,15.2,0.0
2025-09-16T11:00,18.0,98,17.5,0.00,996.6,18.0,18.0
2025-09-16T12:00,19.4,91,17.9,0.00,997.3,16.0,88.0
2025-09-16T13:00,20.0,91,18.5,0.00,998.2,14.0,27.0
2025-09-16T14:00,22.4,82,19.0,0.00,998.2,15.0,262.0
2025-09-16T15:00,24.5,70,18.6,0.00,997.5,15.6,523.0
2025-09-16T16:00,25.8,64,18.5,0.00,996.4,14.6,621.0
2025-09-16T17:00,26.5,62,18.6,0.00,995.5,13.6,614.0
2025-09-16T18:00,26.9,60,18.5,0.00,994.5,13.3,537.0
2025-09-16T19:00,26.9,59,18.3,0.00,993.8,13.7,410.0
2025-09-16T20:00,26.2,63,18.7,0.00,993.7,13.4,247.0
2025-09-16T21:00,24.6,71,19.0,0.00,993.5,13.0,89.0
2025-09-16T22:00,22.7,75,18.1,0.00,993.6,13.0,6.0
2025-09-16T23:00,22.1,75,17.4,0.00,993.7,14.7,0.0
2025-09-17T00:00,21.8,75,17.2,0.00,994.0,14.7,0.0
2025-09-17T01:00,21.3,79,17.6,0.00,994.8,16.3,0.0
2025-09-17T02:00,20.6,80,17.1,0.00,994.7,15.0,0.0
2025-09-17T03:00,20.2,82,17.0,0.00,994.8,14.3,0.0
2025-09-17T04:00,19.7,84,16.9,0.00,994.7,13.6,0.0
2025-09-17T05:00,19.1,85,16.6,0.00,994.7,12.0,0.0
2025-09-17T06:00,18.5,88,16.4,0.00,994.2,10.9,0.0
2025-09-17T07:00,18.0,89,16.2,0.00,993.8,11.1,0.0
2025-09-17T08:00,17.7,90,16.0,0.00,994.0,11.7,0.0
2025-09-17T09:00,17.4,91,15.9,0.00,994.5,11.8,0.0
2025-09-17T10:00,17.2,91,15.8,0.00,995.1,12.1,0.0
2025-09-17T11:00,18.5,87,16.4,0.00,995.7,13.6,46.0
2025-09-17T12:00,20.6,81,17.4,0.00,995.9,11.8,189.0
2025-09-17T13:00,23.1,75,18.5,0.00,996.1,11.5,361.0
2025-09-17T14:00,25.2,70,19.3,0.00,996.2,11.4,510.0
2025-09-17T15:00,27.0,65,19.8,0.00,995.7,11.0,613.0
2025-09-17T16:00,28.4,61,20.2,0.00,994.9,10.2,655.0
2025-09-17T17:00,29.2,59,20.3,0.00,994.1,9.3,633.0
2025-09-17T18:00,29.5,57,20.2,0.00,993.1,9.7,550.0
2025-09-17T19:00,29.5,58,20.3,0.00,992.3,11.5,418.0
2025-09-17T20:00,28.8,64,21.1,0.00,991.9,10.8,254.0
2025-09-17T21:00,27.1,71,21.4,0.00,992.0,8.6,92.0
2025-09-17T22:00,25.1,74,20.2,0.00,992.3,12.0,6.0
2025-09-17T23:00,24.0,71,18.5,0.00,992.8,11.1,0.0
2025-09-18T00:00,23.5,70,17.6,0.00,993.4,10.6,0.0
2025-09-18T01:00,23.7,66,17.0,0.00,993.0,13.1,0.0
2025-09-18T02:00,22.6,69,16.7,0.00,993.9,11.2,0.0
2025-09-18T03:00,22.0,72,16.7,0.00,994.2,7.8,0.0
2025-09-18T04:00,21.6,73,16.5,0.00,993.7,10.5,0.0
2025-09-18T05:00,21.5,72,16.1,0.00,993.6,12.3,0.0
2025-09-18T06:00,21.0,73,15.9,0.00,992.8,11.7,0.0
2025-09-18T07:00,20.5,74,15.8,0.00,992.7,10.2,0.0
2025-09-18T08:00,20.2,76,15.9,0.00,992.7,9.0,0.0
2025-09-18T09:00,20.3,76,15.9,0.00,993.1,10.6,0.0
2025-09-18T10:00,20.4,77,16.1,0.00,993.9,13.6,0.0
2025-09-18T11:00,21.4,77,17.2,0.00,994.5,15.9,20.0
2025-09-18T12:00,23.4,75,18.8,0.00,994.6,17.2,151.0
2025-09-18T13:00,24.3,75,19.5,0.00,995.2,14.8,31.0
2025-09-18T14:00,25.4,71,19.7,0.00,994.9,14.6,45.0
2025-09-18T15:00,27.3,64,19.9,0.00,995.0,14.7,211.0
2025-09-18T16:00,28.3,62,20.5,0.00,994.3,11.5,232.0
2025-09-18T17:00,29.0,61,20.7,0.00,993.7,9.6,256.0
2025-09-18T18:00,29.4,60,20.8,0.00,992.9,7.5,254.0
2025-09-18T19:00,29.4,60,20.8,0.00,992.2,5.9,197.0
2025-09-18T20:00,29.0,64,21.5,0.00,992.3,2.6,97.0
2025-09-18T21:00,27.4,79,23.5,0.00,992.0,3.4,46.0
2025-09-18T22:00,25.5,79,21.5,0.00,992.0,8.9,5.0
2025-09-18T23:00,24.8,77,20.4,0.00,992.1,8.8,0.0
2025-09-19T00:00,24.1,77,19.9,0.00,992.4,9.2,0.0
2025-09-19T01:00,23.9,76,19.5,0.00,993.0,14.1,0.0
2025-09-19T02:00,23.6,77,19.5,0.00,992.7,15.2,0.0
2025-09-19T03:00,23.0,78,19.0,0.00,992.9,12.4,0.0
2025-09-19T04:00,22.2,79,18.3,0.00,992.5,8.0,0.0
2025-09-19T05:00,21.3,81,18.0,0.00,992.6,8.9,0.0
2025-09-19T06:00,21.1,81,17.6,0.00,992.0,10.5,0.0
2025-09-19T07:00,21.0,80,17.5,0.00,991.7,12.3,0.0
2025-09-19T08:00,20.9,79,17.1,0.00,991.7,14.2,0.0
2025-09-19T09:00,20.8,78,16.9,0.00,992.1,15.0,0.0
2025-09-19T10:00,20.8,77,16.5,0.00,992.5,16.0,0.0
2025-09-19T11:00,21.8,73,16.8,0.00,993.3,16.9,44.0
2025-09-19T12:00,23.3,71,17.9,0.00,993.7,16.4,132.0
2025-09-19T13:00,26.0,64,18.5,0.00,992.8,17.4,342.0
2025-09-19T14:00,27.0,62,19.0,0.00,992.6,15.4,208.0
2025-09-19T15:00,27.2,63,19.6,0.60,993.4,8.0,298.0
2025-09-19T16:00,24.4,76,19.9,0.70,992.9,20.3,68.0
2025-09-19T17:00,24.5,77,20.1,0.30,991.2,16.4,74.0
2025-09-19T18:00,28.0,66,21.1,0.10,991.1,10.3,363.0
2025-09-19T19:00,26.8,67,20.1,0.00,990.7,16.4,349.0
2025-09-19T20:00,26.5,70,20.5,0.00,989.9,14.8,133.0
2025-09-19T21:00,25.5,70,19.7,0.00,989.8,16.9,88.0
2025-09-19T22:00,24.2,72,18.8,0.00,990.0,14.9,7.0
2025-09-19T23:00,23.6,73,18.4,0.00,990.3,16.3,0.0
2025-09-20T00:00,23.1,75,18.5,0.00,990.6,16.7,0.0
2025-09-20T01:00,25.5,64,18.2,0.00,990.4,14.8,0.0
2025-09-20T02:00,24.9,67,18.4,0.00,990.7,13.4,0.0
2025-09-20T03:00,24.5,68,18.1,0.00,990.8,14.9,0.0
2025-09-20T04:00,24.1,67,17.6,0.00,990.0,16.2,0.0
2025-09-20T05:00,23.9,66,17.1,0.00,989.5,14.9,0.0
2025-09-20T06:00,23.0,67,16.6,0.00,989.1,13.4,0.0
2025-09-20T07:00,22.9,65,16.0,0.00,988.3,14.1,0.0
2025-09-20T08:00,22.7,64,15.5,0.00,988.1,15.4,0.0
2025-09-20T09:00,22.5,63,15.2,0.00,988.4,14.9,0.0
2025-09-20T10:00,22.6,63,15.3,0.00,988.9,15.2,0.0
2025-09-20T11:00,23.1,65,16.2,0.00,989.5,16.2,14.0
2025-09-20T12:00,24.1,64,17.0,0.00,990.0,17.8,14.0
2025-09-20T13:00,24.3,73,19.2,0.10,989.2,16.3,59.0
2025-09-20T14:00,25.2,73,20.0,0.00,988.8,13.6,39.0
2025-09-20T15:00,26.0,72,20.5,0.40,989.1,16.3,376.0
2025-09-20T16:00,25.4,75,20.8,0.30,987.8,19.6,183.0
2025-09-20T17:00,27.8,68,21.4,0.00,986.8,13.8,539.0
2025-09-20T18:00,28.5,66,21.5,0.00,985.7,13.8,431.0
2025-09-20T19:00,28.6,67,21.9,0.00,984.7,14.3,416.0
2025-09-20T20:00,28.1,70,22.0,0.00,984.3,16.3,205.0
2025-09-20T21:00,26.9,75,22.0,0.00,983.3,13.3,85.0
2025-09-20T22:00,25.6,78,21.4,0.00,982.9,14.1,7.0
2025-09-20T23:00,25.1,80,21.5,0.00,982.9,13.2,0.0
2025-09-21T00:00,24.8,83,21.8,0.00,982.6,15.2,0.0
2025-09-21T01:00,25.4,82,22.0,0.00,982.5,12.5,0.0
2025-09-21T02:00,26.0,73,20.8,0.00,982.0,14.4,0.0
2025-09-21T03:00,26.8,65,19.5,0.00,981.6,18.7,0.0
2025-09-21T04:00,27.3,59,18.5,0.00,981.0,21.6,0.0
2025-09-21T05:00,27.1,58,18.0,0.00,979.6,22.2,0.0
2025-09-21T06:00,26.6,61,18.4,0.00,978.3,22.2,0.0
2025-09-21T07:00,26.5,62,18.5,0.00,979.2,22.1,0.0
2025-09-21T08:00,27.0,58,18.0,0.00,980.3,22.5,0.0
2025-09-21T09:00,21.6,90,19.9,0.60,984.1,22.8,0.0
2025-09-21T10:00,21.0,94,20.0,0.00,983.2,12.0,0.0
2025-09-21T11:00,20.8,98,20.5,0.50,984.6,4.9,0.0
2025-09-21T12:00,21.0,96,20.4,0.10,983.1,13.4,9.0
2025-09-21T13:00,22.2,90,20.5,0.70,983.8,12.5,1.0
2025-09-21T14:00,24.5,78,20.4,0.00,983.3,14.8,471.0
2025-09-21T15:00,24.6,79,20.6,2.40,983.9,3.3,585.0
2025-09-21T16:00,22.5,87,20.2,1.60,982.7,14.8,32.0
2025-09-21T17:00,23.6,83,20.6,1.90,982.0,13.3,342.0
2025-09-21T18:00,23.1,90,21.3,0.70,980.9,5.7,78.0
2025-09-21T19:00,21.9,87,19.6,5.90,980.4,9.3,118.0
2025-09-21T20:00,22.1,87,19.9,0.10,980.3,8.5,48.0
2025-09-21T21:00,22.7,88,20.6,0.10,981.0,6.2,7.0
2025-09-21T22:00,22.2,93,21.0,0.40,982.2,9.7,0.0
2025-09-21T23:00,21.9,94,20.9,0.70,982.1,9.6,0.0
2025-09-22T00:00,21.6,94,20.5,0.10,982.4,13.3,0.0
2025-09-22T01:00,21.5,95,20.5,0.20,983.9,9.9,0.0
2025-09-22T02:00,20.7,97,20.2,3.80,983.7,12.5,0.0
2025-09-22T03:00,19.6,99,19.5,0.70,983.9,27.0,0.0
2025-09-22T04:00,17.6,94,16.8,1.30,984.3,32.4,0.0
2025-09-22T05:00,16.6,94,15.6,0.30,984.7,31.0,0.0
2025-09-22T06:00,15.0,93,13.8,1.40,986.4,38.1,0.0
2025-09-22T07:00,13.9,94,13.0,2.10,988.4,36.3,0.0
2025-09-22T08:00,13.6,88,11.6,2.00,988.1,26.8,0.0
2025-09-22T09:00,13.4,89,11.7,0.80,990.4,21.4,0.0
2025-09-22T10:00,13.4,91,11.9,0.00,991.0,23.0,0.0
2025-09-22T11:00,14.1,89,12.2,0.00,992.8,19.0,37.0
2025-09-22T12:00,15.2,79,11.6,0.00,993.7,24.3,215.0
2025-09-22T13:00,16.6,70,11.2,0.00,994.9,20.0,401.0
2025-09-22T14:00,18.2,61,10.4,0.00,995.5,17.2,573.0
2025-09-22T15:00,19.3,54,9.8,0.00,995.8,17.0,689.0
2025-09-22T16:00,20.0,51,9.5,0.00,996.0,18.1,734.0
2025-09-22T17:00,20.5,48,9.1,0.00,995.8,18.6,695.0
2025-09-22T18:00,20.5,47,8.9,0.00,995.1,17.7,606.0
2025-09-22T19:00,20.5,46,8.4,0.00,994.7,15.3,464.0
2025-09-22T20:00,19.9,48,8.6,0.00,994.7,14.3,297.0
2025-09-22T21:00,18.5,56,9.7,0.00,994.9,8.5,116.0
2025-09-22T22:00,15.9,66,9.6,0.00,995.0,6.3,10.0
2025-09-22T23:00,15.3,68,9.4,0.00,995.7,4.7,0.0
2025-09-23T00:00,14.9,68,9.1,0.00,996.6,3.8,0.0
2025-09-23T01:00,14.3,71,9.1,0.00,997.6,4.0,0.0
2025-09-23T02:00,13.9,73,9.1,0.00,997.8,3.6,0.0
2025-09-23T03:00,13.4,75,9.1,0.00,997.9,4.2,0.0
2025-09-23T04:00,13.0,77,9.1,0.00,998.4,6.4,0.0
2025-09-23T05:00,12.6,78,8.9,0.00,998.3,7.3,0.0
2025-09-23T06:00,12.4,78,8.6,0.00,998.2,8.3,0.0
2025-09-23T07:00,11.9,78,8.2,0.00,998.2,7.0,0.0
2025-09-23T08:00,11.9,75,7.6,0.00,998.5,6.1,0.0
2025-09-23T09:00,12.5,68,6.7,0.00,998.8,3.2,0.0
2025-09-23T10:00,12.9,66,6.6,0.00,999.4,2.0,1.0
2025-09-23T11:00,14.1,72,9.1,0.00,1000.4,8.0,68.0
2025-09-23T12:00,16.5,71,11.2,0.00,1001.3,6.8,243.0
2025-09-23T13:00,18.6,61,11.1,0.00,1002.0,6.9,432.0
2025-09-23T14:00,20.4,47,8.8,0.00,1002.2,7.6,581.0
2025-09-23T15:00,21.2,44,8.6,0.00,1001.8,7.4,700.0
2025-09-23T16:00,21.9,45,9.2,0.00,1001.1,7.8,745.0
2025-09-23T17:00,22.3,45,9.8,0.00,1000.3,7.3,722.0
2025-09-23T18:00,22.5,45,10.1,0.00,999.4,7.4,633.0
2025-09-23T19:00,22.5,46,10.1,0.00,999.0,9.0,487.0
2025-09-23T20:00,21.9,49,10.6,0.00,998.7,9.7,305.0
2025-09-23T21:00,20.0,62,12.5,0.00,998.8,7.1,121.0
2025-09-23T22:00,17.5,66,11.0,0.00,999.1,7.3,10.0
2025-09-23T23:00,18.4,61,10.6,0.00,999.8,11.8,0.0
2025-09-24T00:00,17.9,62,10.4,0.00,1000.5,13.4,0.0
2025-09-24T01:00,18.6,56,9.8,0.00,1001.3,13.8,0.0
2025-09-24T02:00,17.5,60,9.6,0.00,1001.9,12.9,0.0
2025-09-24T03:00,16.6,67,10.4,0.00,1002.3,14.5,0.0
2025-09-24T04:00,16.1,68,10.2,0.00,1002.7,14.7,0.0
2025-09-24T05:00,15.4,69,9.6,0.00,1002.5,13.0,0.0
2025-09-24T06:00,14.7,70,9.2,0.00,1002.6,12.0,0.0
2025-09-24T07:00,14.2,73,9.4,0.00,1003.1,12.1,0.0
2025-09-24T08:00,14.0,76,9.9,0.00,1003.7,13.0,0.0
2025-09-24T09:00,13.9,80,10.4,0.00,1004.8,13.9,0.0
2025-09-24T10:00,13.9,81,10.8,0.00,1005.7,14.6,1.0
2025-09-24T11:00,15.6,76,11.4,0.00,1006.6,17.2,72.0
2025-09-24T12:00,17.6,71,12.2,0.00,1007.4,17.1,245.0
2025-09-24T13:00,20.0,63,12.7,0.00,1008.0,19.1,434.0
2025-09-24T14:00,21.8,58,13.3,0.00,1008.1,19.8,595.0
2025-09-24T15:00,23.2,53,13.1,0.00,1008.0,20.8,703.0
2025-09-24T16:00,24.1,49,12.8,0.00,1007.4,21.0,745.0
2025-09-24T17:00,24.5,50,13.2,0.00,1006.7,22.1,719.0
2025-09-24T18:00,24.5,48,12.8,0.00,1006.2,22.3,626.0
2025-09-24T19:00,24.2,46,11.8,0.00,1005.6,22.7,480.0
2025-09-24T20:00,23.3,50,12.1,0.00,1005.3,20.0,300.0
2025-09-24T21:00,21.5,52,11.1,0.00,1005.1,20.0,118.0
2025-09-24T22:00,20.2,51,9.8,0.00,1005.1,21.6,11.0
2025-09-24T23:00,19.5,53,9.7,0.00,1005.4,22.5,0.0
2025-09-25T00:00,18.9,56,10.0,0.00,1005.9,21.9,0.0
2025-09-25T01:00,18.6,57,9.9,0.00,1006.5,21.6,0.0
2025-09-25T02:00,17.9,61,10.2,0.00,1006.2,21.1,0.0
2025-09-25T03:00,17.2,65,10.6,0.00,1006.2,20.4,0.0
2025-09-25T04:00,16.5,68,10.6,0.00,1005.9,19.8,0.0
2025-09-25T05:00,15.8,71,10.4,0.00,1005.3,18.9,0.0
2025-09-25T06:00,15.1,73,10.2,0.00,1004.8,17.8,0.0
2025-09-25T07:00,14.6,74,10.1,0.00,1004.8,17.2,0.0
2025-09-25T08:00,14.1,75,9.8,0.00,1004.9,17.7,0.0
2025-09-25T09:00,13.6,77,9.6,0.00,1005.4,16.4,0.0
2025-09-25T10:00,13.3,77,9.4,0.00,1005.9,17.2,2.0
2025-09-25T11:00,14.5,75,10.2,0.00,1006.8,16.2,76.0
2025-09-25T12:00,16.3,70,10.9,0.00,1007.1,17.3,247.0
2025-09-25T13:00,18.8,67,12.4,0.00,1007.1,16.3,429.0
2025-09-25T14:00,20.9,63,13.5,0.00,1006.7,15.3,585.0
2025-09-25T15:00,22.6,60,14.5,0.00,1006.2,13.7,691.0
2025-09-25T16:00,23.9,58,15.2,0.00,1005.2,12.7,734.0
2025-09-25T17:00,24.5,58,15.8,0.00,1004.2,13.3,709.0
2025-09-25T18:00,25.0,57,15.8,0.00,1003.2,13.8,620.0
2025-09-25T19:00,25.0,55,15.4,0.00,1002.7,14.6,479.0
2025-09-25T20:00,24.4,58,15.7,0.00,1002.3,15.2,300.0
2025-09-25T21:00,22.6,64,15.5,0.00,1001.7,14.7,120.0
2025-09-25T22:00,20.9,63,13.6,0.00,1001.5,17.9,12.0
2025-09-25T23:00,20.2,59,11.9,0.00,1001.7,19.7,0.0
2025-09-26T00:00,19.0,65,12.2,0.00,1001.9,18.8,0.0
2025-09-26T01:00,19.1,66,12.6,0.00,1001.8,19.6,0.0
2025-09-26T02:00,18.6,64,11.8,0.00,1001.9,18.8,0.0
2025-09-26T03:00,18.1,65,11.4,0.00,1001.4,18.1,0.0
2025-09-26T04:00,17.3,69,11.4,0.00,1000.8,16.4,0.0
2025-09-26T05:00,16.6,72,11.5,0.00,1000.3,15.3,0.0
2025-09-26T06:00,16.1,74,11.5,0.00,999.6,15.5,0.0
2025-09-26T07:00,15.8,74,11.2,0.00,999.2,17.3,0.0
2025-09-26T08:00,15.8,73,10.9,0.00,998.8,17.7,0.0
2025-09-26T09:00,15.9,72,10.8,0.00,999.0,18.8,0.0
2025-09-26T10:00,16.0,72,11.0,0.00,999.3,19.8,2.0
2025-09-26T11:00,17.2,71,11.9,0.00,999.8,21.3,78.0
2025-09-26T12:00,18.9,68,12.9,0.00,1000.1,21.0,253.0
2025-09-26T13:00,21.2,64,14.1,0.00,999.7,21.8,441.0
2025-09-26T14:00,22.7,62,15.0,0.00,999.7,20.5,599.0
2025-09-26T15:00,24.0,60,15.7,0.00,999.0,20.1,706.0
2025-09-26T16:00,25.0,57,16.0,0.00,997.7,19.7,748.0
2025-09-26T17:00,25.9,55,16.2,0.00,996.4,19.7,724.0
2025-09-26T18:00,26.2,53,16.0,0.00,995.0,20.4,635.0
2025-09-26T19:00,26.1,52,15.6,0.00,993.9,20.5,491.0
2025-09-26T20:00,25.5,56,16.0,0.00,993.1,18.5,310.0
2025-09-26T21:00,24.0,59,15.5,0.00,992.7,17.8,125.0
2025-09-26T22:00,22.5,61,14.6,0.00,992.5,18.8,12.0
2025-09-26T23:00,21.6,62,14.0,0.00,992.3,21.5,0.0
2025-09-27T00:00,21.3,60,13.2,0.00,992.5,23.8,0.0
2025-09-27T01:00,21.5,59,13.2,0.00,992.2,22.8,0.0
2025-09-27T02:00,21.2,59,12.9,0.00,992.3,21.1,0.0
2025-09-27T03:00,20.9,60,12.9,0.00,992.4,19.9,0.0
2025-09-27T04:00,20.4,62,12.9,0.00,992.3,20.1,0.0
2025-09-27T05:00,20.0,64,13.0,0.00,991.9,20.5,0.0
2025-09-27T06:00,20.0,65,13.2,0.00,991.5,22.5,0.0
2025-09-27T07:00,20.1,65,13.2,0.00,991.2,23.7,0.0
2025-09-27T08:00,20.0,64,13.1,0.00,991.4,24.3,0.0
2025-09-27T09:00,19.9,64,12.9,0.00,991.5,25.8,0.0
2025-09-27T10:00,19.9,64,12.8,0.00,991.5,27.5,2.0
2025-09-27T11:00,20.5,64,13.4,0.00,992.2,28.2,62.0
2025-09-27T12:00,21.8,64,14.8,0.00,992.5,24.8,189.0
2025-09-27T13:00,24.1,60,15.9,0.00,991.9,24.7,368.0
2025-09-27T14:00,25.6,58,16.7,0.00,991.5,26.0,446.0
2025-09-27T15:00,26.5,57,17.2,0.00,992.0,23.8,304.0
2025-09-27T16:00,22.6,86,20.2,6.20,994.7,9.9,9.0
2025-09-27T17:00,22.3,89,20.4,0.30,993.7,12.1,31.0
2025-09-27T18:00,24.1,80,20.4,0.30,993.7,11.5,286.0
2025-09-27T19:00,23.3,82,20.1,0.20,993.3,6.5,90.0
2025-09-27T20:00,22.5,87,20.2,0.20,993.6,7.0,3.0
2025-09-27T21:00,21.6,97,21.1,2.10,993.4,4.2,6.0
2025-09-27T22:00,21.1,98,20.7,3.80,994.0,1.8,0.0
2025-09-27T23:00,21.0,97,20.5,4.00,994.5,1.8,0.0
2025-09-28T00:00,20.7,96,20.0,3.40,995.4,1.6,0.0
2025-09-28T01:00,18.1,98,17.8,5.70,996.9,6.2,0.0
2025-09-28T02:00,18.0,99,17.9,12.20,997.2,11.0,0.0
2025-09-28T03:00,17.6,95,16.9,2.00,997.3,18.9,0.0
2025-09-28T04:00,17.0,95,16.1,0.10,997.3,14.5,0.0
2025-09-28T05:00,16.4,94,15.5,0.00,996.2,19.0,0.0
2025-09-28T06:00,15.5,93,14.4,0.00,995.9,18.7,0.0
2025-09-28T07:00,14.6,92,13.2,0.00,996.1,15.8,0.0
2025-09-28T08:00,13.7,92,12.4,0.00,996.2,13.8,0.0
2025-09-28T09:00,13.0,93,11.9,0.00,996.8,14.3,0.0
2025-09-28T10:00,12.7,93,11.6,0.00,997.4,14.6,3.0
2025-09-28T11:00,13.9,90,12.3,0.00,998.1,13.9,86.0
2025-09-28T12:00,15.6,81,12.3,0.00,998.7,15.1,266.0
2025-09-28T13:00,17.8,75,13.2,0.00,999.2,14.2,416.0
2025-09-28T14:00,19.2,71,13.9,0.00,999.0,9.6,588.0
2025-09-28T15:00,20.4,68,14.4,0.00,998.8,6.5,711.0
2025-09-28T16:00,21.4,66,14.6,0.00,997.7,5.8,764.0
2025-09-28T17:00,22.1,63,14.7,0.00,996.9,6.2,741.0
2025-09-28T18:00,22.5,61,14.6,0.00,996.2,5.9,652.0
2025-09-28T19:00,22.5,61,14.6,0.00,995.6,5.2,505.0
2025-09-28T20:00,22.1,62,14.6,0.00,995.6,6.7,318.0
2025-09-28T21:00,20.8,70,15.1,0.00,995.3,8.0,129.0
2025-09-28T22:00,18.4,71,12.9,0.00,995.2,10.6,13.0
2025-09-28T23:00,16.8,74,12.0,0.00,995.1,7.9,0.0
2025-09-29T00:00,15.4,79,11.9,0.00,995.4,7.0,0.0
2025-09-29T01:00,16.0,75,11.6,0.00,996.2,6.2,0.0
2025-09-29T02:00,15.9,78,11.9,0.00,996.0,7.5,0.0
2025-09-29T03:00,15.9,77,11.9,0.00,995.7,8.9,0.0
2025-09-29T04:00,15.9,77,11.9,0.00,994.9,10.7,0.0
2025-09-29T05:00,15.6,88,13.6,0.00,994.7,11.7,0.0
2025-09-29T06:00,15.4,91,13.9,0.00,994.1,12.2,0.0
2025-09-29T07:00,15.2,91,13.9,0.00,994.1,11.9,0.0
2025-09-29T08:00,15.3,92,13.9,0.00,994.4,11.4,0.0
2025-09-29T09:00,15.4,93,14.2,0.00,994.7,10.8,0.0
2025-09-29T10:00,15.6,93,14.5,0.00,995.5,10.8,2.0
2025-09-29T11:00,17.2,90,15.6,0.00,996.1,9.7,64.0
2025-09-29T12:00,19.5,85,16.9,0.00,996.7,10.7,199.0
2025-09-29T13:00,22.0,80,18.5,0.00,996.5,11.0,293.0
2025-09-29T14:00,24.4,75,19.7,0.00,996.1,11.1,467.0
2025-09-29T15:00,26.2,72,20.8,0.00,995.3,11.4,607.0
2025-09-29T16:00,27.9,65,20.8,0.00,994.4,16.5,680.0
2025-09-29T17:00,27.9,66,20.9,0.30,993.4,16.2,145.0
2025-09-29T18:00,28.6,64,21.1,0.00,992.2,11.9,395.0
2025-09-29T19:00,28.6,64,21.2,0.00,991.8,8.5,329.0
2025-09-29T20:00,28.2,68,21.8,0.00,991.3,9.0,160.0
2025-09-29T21:00,27.1,79,23.1,0.00,991.3,3.1,111.0
2025-09-29T22:00,24.9,82,21.6,0.00,992.2,6.7,10.0
2025-09-29T23:00,24.0,85,21.4,0.00,992.9,7.1,0.0
2025-09-30T00:00,23.4,86,20.9,0.00,993.4,10.1,0.0
2025-09-30T01:00,22.5,86,20.0,0.00,992.8,9.2,0.0
2025-09-30T02:00,22.9,86,20.3,0.00,993.3,11.9,0.0
2025-09-30T03:00,21.8,92,20.4,0.00,993.0,3.7,0.0
2025-09-30T04:00,20.3,95,19.5,19.10,993.5,20.4,0.0
2025-09-30T05:00,20.6,96,20.0,5.80,994.2,11.5,0.0
2025-09-30T06:00,20.9,94,19.9,0.10,992.1,19.5,0.0
2025-09-30T07:00,20.5,95,19.6,0.00,992.7,22.6,0.0
2025-09-30T08:00,20.1,97,19.6,6.30,996.1,15.2,0.0
2025-09-30T09:00,20.1,98,19.7,8.30,994.1,14.4,0.0
2025-09-30T10:00,20.3,95,19.5,0.60,993.5,22.2,0.0
2025-09-30T11:00,20.9,93,19.6,4.00,996.3,6.8,1.0
2025-09-30T12:00,20.5,98,20.2,7.10,997.6,6.8,0.0
2025-09-30T13:00,20.3,98,20.0,3.40,996.6,11.8,0.0
2025-09-30T14:00,20.5,96,19.9,4.50,996.9,15.2,3.0
2025-09-30T15:00,20.5,97,20.0,1.30,995.5,17.3,0.0
2025-09-30T16:00,22.2,90,20.6,0.30,996.3,12.5,11.0
2025-09-30T17:00,22.2,90,20.6,0.10,995.3,7.1,5.0
2025-09-30T18:00,22.7,89,20.8,0.10,995.1,10.0,7.0
2025-09-30T19:00,22.7,88,20.6,0.10,995.2,2.9,4.0
2025-09-30T20:00,22.8,87,20.5,0.00,994.9,4.4,2.0
2025-09-30T21:00,22.2,90,20.5,0.00,995.0,6.0,4.0
2025-09-30T22:00,21.0,95,20.1,0.10,996.1,2.9,0.0
2025-09-30T23:00,21.0,96,20.3,0.00,996.6,6.0,0.0
2025-10-01T00:00,19.6,95,18.9,0.00,997.3,10.9,0.0
2025-10-01T01:00,18.8,97,18.2,0.00,998.1,7.5,0.0
2025-10-01T02:00,18.1,97,17.7,0.00,998.7,5.2,0.0
2025-10-01T03:00,18.0,98,17.5,0.00,999.3,3.6,0.0
2025-10-01T04:00,17.8,98,17.5,0.00,999.4,2.4,0.0
2025-10-01T05:00,18.6,95,17.9,0.00,999.1,7.1,0.0
2025-10-01T06:00,19.1,93,18.0,0.00,998.8,10.8,0.0
2025-10-01T07:00,18.6,96,18.0,0.00,998.7,11.8,0.0
2025-10-01T08:00,18.2,98,17.9,0.00,998.8,12.0,0.0
2025-10-01T09:00,18.1,98,17.9,0.00,999.2,13.9,0.0
2025-10-01T10:00,18.2,98,18.0,0.00,999.6,14.7,1.0
2025-10-01T11:00,19.4,92,18.1,0.00,1000.1,21.5,24.0
2025-10-01T12:00,20.5,85,18.0,0.00,1001.2,22.1,67.0
2025-10-01T13:00,21.4,80,17.9,0.00,1001.5,21.4,79.0
2025-10-01T14:00,22.4,76,18.0,0.00,1001.2,20.4,182.0
2025-10-01T15:00,23.0,74,18.1,0.00,1001.2,16.4,122.0
2025-10-01T16:00,22.9,75,18.3,0.10,1000.7,14.1,33.0
2025-10-01T17:00,23.0,74,18.0,0.00,1000.0,15.2,15.0
2025-10-01T18:00,22.9,75,18.1,0.00,999.7,12.1,4.0
2025-10-01T19:00,22.8,77,18.5,0.00,999.4,8.6,6.0
2025-10-01T20:00,23.2,77,19.0,0.00,999.2,8.1,10.0
2025-10-01T21:00,23.0,80,19.2,0.00,999.0,9.0,19.0
2025-10-01T22:00,21.9,83,18.9,0.00,999.2,11.4,4.0
2025-10-01T23:00,21.7,81,18.4,0.00,998.9,14.3,0.0
2025-10-02T00:00,21.2,83,18.2,0.00,999.4,12.0,0.0
2025-10-02T01:00,21.6,76,17.2,0.00,999.6,16.2,0.0
2025-10-02T02:00,21.1,78,17.2,0.00,999.3,16.6,0.0
2025-10-02T03:00,20.7,82,17.5,0.00,999.1,14.8,0.0
2025-10-02T04:00,20.2,84,17.5,0.00,998.2,13.4,0.0
2025-10-02T05:00,19.5,89,17.6,0.00,998.1,12.5,0.0
2025-10-02T06:00,19.3,90,17.7,0.00,997.3,13.7,0.0
2025-10-02T07:00,18.8,92,17.5,0.00,997.6,11.6,0.0
2025-10-02T08:00,18.6,93,17.5,0.00,997.8,12.2,0.0
2025-10-02T09:00,18.4,94,17.4,0.00,998.0,12.4,0.0
2025-10-02T10:00,18.4,94,17.5,0.60,998.6,11.1,2.0
2025-10-02T11:00,19.2,96,18.6,0.90,999.2,10.3,35.0
2025-10-02T12:00,20.5,91,19.0,0.00,999.4,11.3,185.0
2025-10-02T13:00,22.5,84,19.5,0.00,999.7,8.8,331.0
2025-10-02T14:00,23.4,80,19.8,0.00,999.1,9.1,144.0
2025-10-02T15:00,24.6,75,19.9,0.00,999.5,2.3,250.0
2025-10-02T16:00,24.8,73,19.5,0.10,998.7,7.1,61.0
2025-10-02T17:00,24.2,76,19.6,0.20,997.6,12.8,45.0
2025-10-02T18:00,22.5,93,21.3,0.30,997.9,4.0,142.0
2025-10-02T19:00,22.6,87,20.4,0.30,997.5,8.6,58.0
2025-10-02T20:00,22.5,88,20.5,0.90,996.9,7.0,34.0
2025-10-02T21:00,22.1,91,20.6,0.70,996.9,6.3,26.0
2025-10-02T22:00,21.0,94,20.0,0.00,997.0,4.7,1.0
2025-10-02T23:00,20.1,96,19.5,0.00,997.2,4.3,0.0
2025-10-03T00:00,20.6,96,20.0,0.00,997.6,7.1,0.0
2025-10-03T01:00,20.0,97,19.4,0.00,997.8,5.6,0.0
2025-10-03T02:00,20.0,96,19.5,0.20,997.6,6.3,0.0
2025-10-03T03:00,19.8,96,19.1,0.00,997.2,6.3,0.0
2025-10-03T04:00,19.7,96,19.0,0.00,996.4,7.6,0.0
2025-10-03T05:00,19.5,96,18.8,0.30,995.8,7.2,0.0
2025-10-03T06:00,19.4,98,19.0,0.80,995.6,4.9,0.0
2025-10-03T07:00,19.5,97,19.1,0.40,994.9,4.5,0.0
2025-10-03T08:00,19.2,98,18.9,0.20,994.7,3.7,0.0
2025-10-03T09:00,19.4,99,19.2,0.10,995.3,8.6,0.0
2025-10-03T10:00,18.9,100,18.9,0.50,996.2,11.1,1.0
2025-10-03T11:00,19.8,94,18.8,0.10,996.3,10.3,9.0
2025-10-03T12:00,21.4,94,20.4,0.10,996.7,8.4,46.0
2025-10-03T13:00,22.7,84,20.0,0.00,996.6,12.8,271.0
2025-10-03T14:00,24.1,81,20.5,0.00,996.7,11.3,301.0
2025-10-03T15:00,24.9,79,21.0,0.20,996.3,10.3,312.0
2025-10-03T16:00,24.6,73,19.4,0.70,994.6,12.9,73.0
2025-10-03T17:00,23.1,81,19.8,0.10,993.7,8.7,29.0
2025-10-03T18:00,23.4,77,19.1,0.10,993.2,9.3,352.0
2025-10-03T19:00,24.5,74,19.5,0.00,992.1,9.2,256.0
2025-10-03T20:00,24.7,72,19.4,0.00,991.9,11.4,227.0
2025-10-03T21:00,23.6,79,19.7,0.00,991.7,10.2,93.0
2025-10-03T22:00,22.1,85,19.5,0.00,992.1,9.4,10.0
2025-10-03T23:00,21.8,87,19.5,0.00,992.3,11.1,0.0
2025-10-04T00:00,20.2,93,19.0,0.00,991.7,9.1,0.0
2025-10-04T01:00,20.5,95,19.7,0.00,992.3,10.4,0.0
2025-10-04T02:00,20.5,95,19.8,0.00,991.7,13.9,0.0
2025-10-04T03:00,20.4,95,19.5,0.00,991.8,12.6,0.0
2025-10-04T04:00,20.0,95,19.2,0.00,991.6,15.4,0.0
2025-10-04T05:00,20.0,95,19.1,0.00,991.0,14.7,0.0
2025-10-04T06:00,20.4,95,19.6,0.10,990.4,14.1,0.0
2025-10-04T07:00,20.2,95,19.5,0.10,989.9,14.1,0.0
2025-10-04T08:00,19.8,96,19.2,0.00,990.0,14.1,0.0
2025-10-04T09:00,19.8,96,19.1,0.00,990.7,10.1,0.0
2025-10-04T10:00,19.8,96,19.2,0.00,991.0,16.9,3.0
2025-10-04T11:00,21.0,95,20.1,0.00,991.4,17.6,76.0
2025-10-04T12:00,22.7,88,20.6,0.00,991.5,14.4,245.0
2025-10-04T13:00,24.8,80,21.2,0.00,991.5,13.4,417.0
2025-10-04T14:00,26.7,74,21.6,0.00,991.1,13.5,533.0
2025-10-04T15:00,28.5,68,22.1,0.00,990.6,14.2,681.0
2025-10-04T16:00,30.0,64,22.4,0.00,989.7,15.2,743.0
2025-10-04T17:00,31.0,58,21.8,0.00,988.6,16.6,715.0
2025-10-04T18:00,31.4,53,20.5,0.00,987.6,16.6,592.0
2025-10-04T19:00,31.0,54,20.7,0.00,986.9,17.1,474.0
2025-10-04T20:00,30.3,61,22.0,0.00,986.4,14.8,311.0
2025-10-04T21:00,28.7,66,21.7,0.00,986.2,14.5,130.0
2025-10-04T22:00,27.2,68,20.8,0.00,986.1,14.4,15.0
2025-10-04T23:00,26.5,70,20.5,0.00,986.6,17.5,0.0
2025-10-05T00:00,27.0,67,20.3,0.00,986.6,19.0,0.0
2025-10-05T01:00,26.5,68,20.1,0.00,986.8,19.4,0.0
2025-10-05T02:00,26.1,69,20.0,0.00,986.6,19.5,0.0
2025-10-05T03:00,25.9,69,19.7,0.00,986.7,19.7,0.0
2025-10-05T04:00,25.6,69,19.5,0.00,986.4,19.8,0.0
2025-10-05T05:00,25.5,69,19.3,0.00,985.9,19.1,0.0
2025-10-05T06:00,25.1,72,19.8,0.00,985.7,17.1,0.0
2025-10-05T07:00,24.4,75,19.6,0.00,985.6,15.7,0.0
2025-10-05T08:00,24.0,76,19.5,0.00,985.5,16.5,0.0
2025-10-05T09:00,23.8,75,19.1,0.00,986.1,17.1,0.0
2025-10-05T10:00,24.1,73,18.9,0.00,986.5,19.6,6.0
2025-10-05T11:00,25.4,69,19.2,0.00,987.6,20.6,100.0
2025-10-05T12:00,28.0,65,20.8,0.00,987.9,16.9,278.0
2025-10-05T13:00,29.8,61,21.5,0.00,988.1,17.5,433.0
2025-10-05T14:00,31.1,58,21.9,0.00,988.1,19.0,614.0
2025-10-05T15:00,32.2,55,21.9,0.00,987.6,22.0,713.0
2025-10-05T16:00,33.0,53,22.0,0.00,986.7,23.4,755.0
2025-10-05T17:00,33.3,52,22.2,0.00,985.6,24.2,730.0
2025-10-05T18:00,34.0,51,22.4,0.00,984.5,24.8,643.0
2025-10-05T19:00,33.2,54,22.5,0.00,983.8,24.7,468.0
2025-10-05T20:00,32.2,58,23.0,0.00,983.5,18.9,237.0
2025-10-05T21:00,31.0,60,22.2,0.00,983.4,16.6,131.0
2025-10-05T22:00,29.6,62,21.5,0.00,983.7,14.8,15.0
2025-10-05T23:00,28.9,63,21.1,0.00,984.2,17.1,0.0
2025-10-06T00:00,29.9,59,21.0,0.00,983.5,17.3,0.0
2025-10-06T01:00,30.0,58,20.8,0.00,984.1,20.7,0.0
2025-10-06T02:00,30.4,54,20.2,0.00,984.6,21.9,0.0
2025-10-06T03:00,23.7,87,21.5,1.40,986.5,7.8,0.0
2025-10-06T04:00,22.9,93,21.7,0.40,987.5,19.5,0.0
2025-10-06T05:00,22.1,96,21.5,0.10,987.2,16.1,0.0
2025-10-06T06:00,21.7,96,21.0,1.90,987.3,24.3,0.0
2025-10-06T07:00,21.5,96,20.9,0.10,988.3,24.8,0.0
2025-10-06T08:00,19.9,94,18.9,2.80,989.0,31.6,0.0
2025-10-06T09:00,18.9,97,18.4,5.20,990.5,28.7,0.0
2025-10-06T10:00,19.0,95,18.2,0.80,992.3,28.3,0.0
2025-10-06T11:00,18.5,95,17.6,0.50,993.7,28.2,0.0
2025-10-06T12:00,18.5,91,17.0,0.00,994.8,21.7,16.0
2025-10-06T13:00,18.4,86,15.9,0.00,995.3,28.8,31.0
2025-10-06T14:00,18.0,83,15.1,0.00,996.1,27.3,20.0
2025-10-06T15:00,17.9,81,14.6,0.00,996.4,25.2,2.0
2025-10-06T16:00,17.8,82,14.6,0.50,996.2,22.7,17.0
2025-10-06T17:00,17.6,82,14.4,0.50,996.0,21.4,9.0
2025-10-06T18:00,16.6,80,13.1,0.10,996.6,23.8,10.0
2025-10-06T19:00,16.6,75,12.2,0.00,996.3,25.5,14.0
2025-10-06T20:00,16.9,71,11.6,0.00,996.5,22.7,4.0
2025-10-06T21:00,16.7,69,11.0,0.00,996.9,22.2,3.0
2025-10-06T22:00,16.6,66,10.3,0.00,998.0,20.2,0.0
2025-10-06T23:00,16.6,63,9.6,0.00,998.9,21.1,0.0
2025-10-07T00:00,16.4,63,9.4,0.00,999.5,20.9,0.0
2025-10-07T01:00,15.9,64,9.2,0.00,1000.6,20.2,0.0
2025-10-07T02:00,15.6,64,8.9,0.00,1001.1,19.6,0.0
2025-10-07T03:00,15.4,64,8.6,0.00,1001.4,17.4,0.0
2025-10-07T04:00,15.2,64,8.4,0.00,1001.4,15.9,0.0
2025-10-07T05:00,15.1,64,8.4,0.00,1001.2,15.1,0.0
2025-10-07T06:00,13.6,76,9.6,0.00,1001.2,18.6,0.0
2025-10-07T07:00,13.6,77,9.6,0.00,1001.1,16.8,0.0
2025-10-07T08:00,13.5,77,9.6,0.00,1001.0,14.7,0.0
2025-10-07T09:00,13.5,78,9.6,0.00,1001.0,14.2,0.0
2025-10-07T10:00,13.6,78,9.8,0.00,1001.5,14.7,0.0
2025-10-07T11:00,13.8,78,10.1,0.00,1002.0,13.8,2.0
2025-10-07T12:00,14.6,75,10.2,0.00,1002.7,15.8,14.0
2025-10-07T13:00,15.5,69,9.9,0.00,1003.3,16.1,64.0
2025-10-07T14:00,16.4,61,8.8,0.00,1003.5,18.7,79.0
2025-10-07T15:00,17.0,54,7.8,0.00,1003.2,18.7,134.0
2025-10-07T16:00,18.5,51,8.2,0.00,1002.3,17.9,716.0
2025-10-07T17:00,19.0,53,9.2,0.00,1001.3,16.4,800.0
2025-10-07T18:00,20.0,52,9.9,0.00,1000.6,16.8,703.0
2025-10-07T19:00,20.0,52,9.9,0.00,1000.0,15.1,522.0
2025-10-07T20:00,19.5,54,9.9,0.00,999.8,15.0,348.0
2025-10-07T21:00,18.5,61,10.9,0.00,999.7,9.8,153.0
2025-10-07T22:00,16.1,69,10.4,0.00,999.4,7.0,19.0
2025-10-07T23:00,15.5,70,10.1,0.00,999.8,8.5,0.0
2025-10-08T00:00,14.9,71,9.6,0.00,1000.1,11.0,0.0
2025-10-08T01:00,14.6,72,9.7,0.00,1000.9,12.7,0.0
2025-10-08T02:00,14.5,73,9.8,0.00,1000.8,14.1,0.0
2025-10-08T03:00,14.4,74,9.8,0.00,1001.1,14.8,0.0
2025-10-08T04:00,14.1,77,10.1,0.00,1000.8,14.5,0.0
2025-10-08T05:00,13.6,79,10.0,0.00,1000.2,14.8,0.0
2025-10-08T06:00,13.1,81,9.8,0.00,999.8,13.6,0.0
2025-10-08T07:00,12.6,83,9.8,0.00,1000.0,13.9,0.0
2025-10-08T08:00,12.4,84,9.8,0.00,999.9,15.7,0.0
2025-10-08T09:00,12.1,84,9.6,0.00,1000.4,14.8,0.0
2025-10-08T10:00,12.4,83,9.6,0.00,1000.9,16.4,10.0
2025-10-08T11:00,14.2,80,10.8,0.00,1001.5,16.2,129.0
2025-10-08T12:00,16.0,72,10.9,0.00,1001.8,16.8,331.0
2025-10-08T13:00,17.1,69,11.4,0.00,1002.2,15.2,222.0
2025-10-08T14:00,18.6,65,11.8,0.00,1002.3,15.8,368.0
2025-10-08T15:00,20.1,61,12.4,0.00,1002.0,14.9,596.0
2025-10-08T16:00,21.3,59,12.9,0.00,1001.1,14.5,702.0
2025-10-08T17:00,22.4,56,13.2,0.00,1000.5,14.7,751.0
2025-10-08T18:00,22.5,54,12.8,0.00,999.7,15.9,662.0
2025-10-08T19:00,22.0,55,12.5,0.00,999.3,15.7,297.0
2025-10-08T20:00,21.7,56,12.6,0.00,999.2,13.5,181.0
2025-10-08T21:00,20.6,65,13.9,0.00,999.1,6.9,91.0
2025-10-08T22:00,18.3,73,13.4,0.00,998.9,6.4,8.0
2025-10-08T23:00,18.0,69,12.4,0.00,999.5,10.6,0.0
2025-10-09T00:00,17.9,63,10.6,0.00,999.6,15.2,0.0
2025-10-09T01:00,17.1,64,10.2,0.00,1000.1,14.8,0.0
2025-10-09T02:00,16.5,65,10.0,0.00,1000.0,13.8,0.0
2025-10-09T03:00,15.8,70,10.2,0.00,999.9,11.6,0.0
2025-10-09T04:00,15.0,76,10.9,0.00,999.6,9.3,0.0
2025-10-09T05:00,14.1,83,11.4,0.00,999.2,7.4,0.0
2025-10-09T06:00,13.1,88,11.1,0.00,998.6,5.8,0.0
2025-10-09T07:00,12.4,89,10.8,0.00,998.1,5.9,0.0
2025-10-09T08:00,12.4,88,10.4,0.00,998.2,7.2,0.0
2025-10-09T09:00,12.4,86,10.0,0.00,998.6,7.4,0.0
2025-10-09T10:00,13.1,84,10.4,0.00,999.1,8.7,7.0
2025-10-09T11:00,15.6,81,12.4,0.00,1000.0,8.1,108.0
2025-10-09T12:00,19.0,77,14.9,0.00,1000.6,7.4,311.0
2025-10-09T13:00,20.9,73,15.9,0.00,1001.0,9.4,506.0
2025-10-09T14:00,22.5,63,15.2,0.00,1000.8,13.9,663.0
2025-10-09T15:00,23.5,60,15.4,0.00,1000.2,14.4,500.0
2025-10-09T16:00,23.8,60,15.5,0.00,999.4,12.4,203.0
2025-10-09T17:00,24.2,58,15.4,0.00,998.5,10.3,151.0
2025-10-09T18:00,24.9,54,15.0,0.00,997.8,9.0,256.0
2025-10-09T19:00,24.8,55,15.1,0.00,997.1,8.9,173.0
2025-10-09T20:00,24.2,61,16.1,0.00,997.0,9.8,180.0
2025-10-09T21:00,22.9,69,16.9,0.00,997.0,7.7,129.0
2025-10-09T22:00,20.8,76,16.4,0.00,997.0,6.6,15.0
2025-10-09T23:00,19.4,81,16.0,0.00,997.3,6.2,0.0
2025-10-10T00:00,19.1,80,15.7,0.00,997.3,7.7,0.0
2025-10-10T01:00,18.1,85,15.6,0.00,998.0,7.1,0.0
2025-10-10T02:00,17.5,86,15.1,0.00,998.0,6.8,0.0
2025-10-10T03:00,17.4,86,15.1,0.00,997.6,8.9,0.0
2025-10-10T04:00,16.6,90,14.9,0.00,997.2,10.6,0.0
2025-10-10T05:00,16.0,91,14.6,0.00,996.7,8.8,0.0
2025-10-10T06:00,15.2,91,13.8,0.00,995.8,6.7,0.0
2025-10-10T07:00,14.3,92,13.1,0.00,995.7,6.4,0.0
2025-10-10T08:00,14.3,92,13.1,0.00,995.8,6.7,0.0
2025-10-10T09:00,14.6,92,13.2,0.00,996.3,8.5,0.0
2025-10-10T10:00,15.0,92,13.8,0.00,997.0,11.3,12.0
2025-10-10T11:00,17.0,89,15.1,0.00,997.7,11.0,132.0
2025-10-10T12:00,19.5,81,16.0,0.00,997.7,10.8,331.0
2025-10-10T13:00,21.8,73,16.9,0.00,997.7,11.5,529.0
2025-10-10T14:00,23.6,67,17.2,0.00,997.6,11.2,688.0
2025-10-10T15:00,25.0,64,17.6,0.00,997.2,9.5,790.0
2025-10-10T16:00,26.1,61,17.9,0.00,996.6,8.8,826.0
2025-10-10T17:00,26.8,59,18.1,0.00,995.4,8.5,793.0
2025-10-10T18:00,27.3,57,18.1,0.00,994.0,9.8,695.0
2025-10-10T19:00,27.5,57,18.1,0.00,993.0,10.0,544.0
2025-10-10T20:00,27.2,58,18.3,0.00,992.5,7.6,297.0
2025-10-10T21:00,26.0,70,20.0,0.00,992.3,5.2,135.0
2025-10-10T22:00,23.3,75,18.7,0.00,992.1,7.9,20.0
2025-10-10T23:00,22.2,75,17.6,0.00,991.6,12.2,0.0
2025-10-11T00:00,22.0,72,16.8,0.00,991.3,10.5,0.0
2025-10-11T01:00,21.9,71,16.4,0.00,991.1,10.3,0.0
2025-10-11T02:00,21.5,72,16.4,0.00,990.7,11.3,0.0
2025-10-11T03:00,21.0,76,16.5,0.00,990.1,12.5,0.0
2025-10-11T04:00,20.5,80,16.9,0.00,989.6,11.4,0.0
2025-10-11T05:00,20.4,81,17.0,0.00,989.1,11.6,0.0
2025-10-11T06:00,20.6,80,17.1,0.00,988.5,12.5,0.0
2025-10-11T07:00,20.9,80,17.3,0.00,988.0,12.7,0.0
2025-10-11T08:00,20.5,83,17.5,0.00,988.1,12.3,0.0
2025-10-11T09:00,21.0,83,18.0,0.00,988.5,14.5,0.0
2025-10-11T10:00,22.0,81,18.7,0.00,989.1,14.9,4.0
2025-10-11T11:00,23.0,80,19.4,0.00,989.6,16.3,36.0
2025-10-11T12:00,25.0,76,20.5,0.00,989.5,15.7,227.0
2025-10-11T13:00,26.5,71,20.9,0.00,989.5,17.3,509.0
2025-10-11T14:00,27.9,68,21.5,0.00,989.3,17.4,673.0
2025-10-11T15:00,29.2,65,22.0,0.00,988.7,16.9,754.0
2025-10-11T16:00,30.4,61,22.0,0.00,988.2,17.0,704.0
2025-10-11T17:00,31.1,58,22.0,0.00,987.0,16.8,680.0
2025-10-11T18:00,31.5,49,19.5,0.00,985.8,15.8,637.0
2025-10-11T19:00,31.0,54,20.6,0.00,985.2,9.9,244.0
2025-10-11T20:00,30.6,59,21.8,0.00,984.7,9.5,254.0
2025-10-11T21:00,28.8,70,22.8,0.00,984.8,5.9,119.0
2025-10-11T22:00,27.0,72,21.4,0.00,985.5,8.5,16.0
2025-10-11T23:00,26.5,69,20.5,0.00,985.5,14.4,0.0
2025-10-12T00:00,25.2,67,18.8,0.00,984.8,14.6,0.0
2025-10-12T01:00,25.6,67,19.0,0.00,985.9,14.0,0.0
2025-10-12T02:00,24.6,74,19.8,0.00,985.8,13.2,0.0
2025-10-12T03:00,23.8,80,20.1,1.20,984.7,18.1,0.0
2025-10-12T04:00,22.9,80,19.3,2.00,988.1,9.4,0.0
2025-10-12T05:00,20.6,98,20.3,3.10,987.3,17.7,0.0
2025-10-12T06:00,21.4,92,20.1,0.00,985.6,18.6,0.0
2025-10-12T07:00,21.0,94,20.0,2.40,985.3,16.9,0.0
2025-10-12T08:00,20.2,98,20.0,16.30,987.3,14.6,0.0
2025-10-12T09:00,20.5,97,20.0,12.70,987.4,17.8,0.0
2025-10-12T10:00,20.5,98,20.0,6.30,987.4,18.7,0.0
2025-10-12T11:00,21.6,93,20.5,0.10,987.6,19.9,86.0
2025-10-12T12:00,21.4,95,20.5,1.30,990.4,9.7,100.0
2025-10-12T13:00,20.7,96,20.1,1.40,990.1,12.2,23.0
2025-10-12T14:00,20.5,98,20.1,2.00,990.1,11.2,7.0
2025-10-12T15:00,21.0,94,20.0,1.10,989.7,11.8,1.0
2025-10-12T16:00,21.6,90,19.9,0.60,989.5,10.0,13.0
2025-10-12T17:00,22.0,92,20.6,2.60,988.8,9.0,46.0
2025-10-12T18:00,22.1,83,19.0,0.10,988.9,3.1,348.0
2025-10-12T19:00,22.9,77,18.6,0.10,988.3,9.1,156.0
2025-10-12T20:00,22.2,80,18.7,0.10,988.5,14.4,87.0
2025-10-12T21:00,20.8,86,18.4,0.00,988.8,16.4,11.0
2025-10-12T22:00,20.0,88,18.0,0.00,989.3,13.1,7.0
2025-10-12T23:00,19.0,90,17.5,0.00,989.5,11.4,0.0
2025-10-13T00:00,18.7,89,16.8,0.00,989.9,11.4,0.0
2025-10-13T01:00,18.0,90,16.2,0.00,990.7,10.7,0.0
2025-10-13T02:00,17.3,87,15.2,0.00,991.1,11.4,0.0
2025-10-13T03:00,16.5,82,13.6,0.00,991.3,12.6,0.0
2025-10-13T04:00,15.9,82,12.8,0.00,991.8,12.0,0.0
2025-10-13T05:00,15.1,85,12.5,0.00,991.6,9.2,0.0
2025-10-13T06:00,14.4,89,12.6,0.00,991.8,7.4,0.0
2025-10-13T07:00,13.8,89,11.9,0.00,991.6,7.1,0.0
2025-10-13T08:00,13.4,88,11.4,0.00,991.4,6.9,0.0
2025-10-13T09:00,13.1,86,10.8,0.00,991.6,6.8,0.0
2025-10-13T10:00,14.4,80,10.9,0.00,992.2,9.5,16.0
2025-10-13T11:00,16.9,76,12.7,0.00,992.8,11.9,150.0
2025-10-13T12:00,19.3,67,13.1,0.00,993.1,11.9,357.0
2025-10-13T13:00,20.6,55,11.4,0.00,993.4,15.7,557.0
2025-10-13T14:00,21.7,54,12.1,0.00,993.2,13.0,718.0
2025-10-13T15:00,22.8,52,12.4,0.00,993.2,12.0,820.0
2025-10-13T16:00,23.5,50,12.6,0.00,992.8,13.3,858.0
2025-10-13T17:00,24.0,49,12.8,0.00,992.2,14.8,824.0
2025-10-13T18:00,24.4,47,12.5,0.00,991.8,17.4,727.0
2025-10-13T19:00,24.3,45,11.7,0.00,991.4,16.6,572.0
2025-10-13T20:00,23.7,49,12.4,0.00,991.5,13.0,378.0
2025-10-13T21:00,22.0,58,13.2,0.00,991.8,9.0,173.0
2025-10-13T22:00,19.3,64,12.2,0.00,992.3,8.1,26.0
2025-10-13T23:00,18.5,64,11.6,0.00,993.0,9.3,0.0
2025-10-14T00:00,18.0,63,10.9,0.00,993.1,10.7,0.0
2025-10-14T01:00,17.6,64,10.6,0.00,993.8,10.0,0.0
2025-10-14T02:00,16.8,67,10.6,0.00,994.3,8.6,0.0
2025-10-14T03:00,15.9,71,10.8,0.00,994.6,7.7,0.0
2025-10-14T04:00,15.8,71,10.6,0.00,994.7,8.5,0.0
2025-10-14T05:00,15.4,73,10.6,0.00,994.9,8.3,0.0
2025-10-14T06:00,15.1,75,10.7,0.00,994.6,7.5,0.0
2025-10-14T07:00,14.4,79,10.8,0.00,994.6,8.5,0.0
2025-10-14T08:00,14.6,81,11.4,0.00,995.0,10.3,0.0
2025-10-14T09:00,14.6,86,12.2,0.00,995.7,11.3,0.0
2025-10-14T10:00,15.2,84,12.6,0.00,996.6,11.2,17.0
2025-10-14T11:00,17.5,82,14.4,0.00,997.6,12.9,155.0
2025-10-14T12:00,20.4,67,14.1,0.00,997.7,13.9,364.0
2025-10-14T13:00,22.0,56,12.8,0.00,998.0,16.8,566.0
2025-10-14T14:00,23.1,49,11.8,0.00,998.0,16.1,727.0
2025-10-14T15:00,24.0,47,12.1,0.00,997.6,15.5,830.0
2025-10-14T16:00,24.7,46,12.4,0.00,996.7,13.8,869.0
2025-10-14T17:00,25.2,46,12.7,0.00,995.7,12.7,835.0
2025-10-14T18:00,25.9,44,12.6,0.00,995.1,13.2,735.0
2025-10-14T19:00,25.8,45,13.0,0.00,994.0,13.2,581.0
2025-10-14T20:00,25.1,52,14.7,0.00,993.7,11.1,384.0
2025-10-14T21:00,23.2,63,15.9,0.00,993.6,8.9,175.0
2025-10-14T22:00,20.5,66,13.9,0.00,993.8,8.5,26.0
2025-10-14T23:00,19.6,64,12.6,0.00,993.8,10.0,0.0
2025-10-15T00:00,19.9,62,12.3,0.00,993.9,12.7,0.0
2025-10-15T01:00,19.5,65,12.7,0.00,994.5,13.3,0.0
2025-10-15T02:00,19.2,67,12.9,0.00,994.3,13.6,0.0
2025-10-15T03:00,19.1,65,12.4,0.00,993.8,14.9,0.0
2025-10-15T04:00,18.5,67,12.3,0.00,993.7,12.7,0.0
2025-10-15T05:00,18.1,69,12.4,0.00,993.4,11.9,0.0
2025-10-15T06:00,18.5,69,12.9,0.00,992.9,12.6,0.0
2025-10-15T07:00,18.4,70,12.9,0.00,992.5,12.5,0.0
2025-10-15T08:00,18.5,70,12.9,0.00,992.3,12.9,0.0
2025-10-15T09:00,18.1,71,12.9,0.00,992.6,13.1,0.0
2025-10-15T10:00,18.5,72,13.4,0.00,993.1,13.4,2.0
2025-10-15T11:00,19.4,72,14.2,0.00,993.7,14.0,0.0
2025-10-15T12:00,22.5,67,16.1,0.00,993.5,13.1,198.0
2025-10-15T13:00,23.8,66,17.0,0.00,993.6,12.9,152.0
2025-10-15T14:00,26.1,62,18.4,0.00,993.6,12.7,417.0
2025-10-15T15:00,28.0,61,19.8,0.00,992.8,14.6,564.0
2025-10-15T16:00,29.0,60,20.4,0.00,992.2,13.9,316.0
2025-10-15T17:00,29.5,61,21.2,0.00,991.4,13.8,392.0
2025-10-15T18:00,30.9,58,21.8,0.00,990.2,14.0,442.0
2025-10-15T19:00,30.8,57,21.4,0.00,989.7,18.3,473.0
2025-10-15T20:00,29.8,66,22.7,0.00,989.0,11.2,280.0
2025-10-15T21:00,28.6,74,23.5,0.00,988.9,6.6,137.0
2025-10-15T22:00,26.6,79,22.6,0.00,988.9,8.3,21.0
2025-10-15T23:00,26.0,80,22.2,0.00,989.5,9.7,0.0
2025-10-16T00:00,25.3,80,21.5,0.00,989.6,10.3,0.0
2025-10-16T01:00,24.8,83,21.8,0.00,990.2,10.7,0.0
2025-10-16T02:00,24.6,82,21.4,0.00,990.3,12.5,0.0
2025-10-16T03:00,23.6,85,21.0,6.20,990.9,6.9,0.0
2025-10-16T04:00,22.5,91,20.9,0.30,990.1,19.8,0.0
2025-10-16T05:00,22.8,90,21.0,0.00,990.4,11.4,0.0
2025-10-16T06:00,22.9,92,21.5,0.10,989.2,13.7,0.0
2025-10-16T07:00,22.8,91,21.2,0.00,989.8,18.6,0.0
2025-10-16T08:00,22.5,91,21.0,0.00,989.6,17.9,0.0
2025-10-16T09:00,22.1,92,20.8,0.60,990.2,19.3,0.0
2025-10-16T10:00,22.4,93,21.2,0.00,991.6,17.5,10.0
2025-10-16T11:00,22.4,94,21.4,3.90,992.3,19.3,62.0
2025-10-16T12:00,21.2,96,20.6,0.10,993.3,19.6,17.0
2025-10-16T13:00,21.6,97,21.1,7.40,994.5,15.2,2.0
2025-10-16T14:00,21.7,98,21.3,7.20,994.8,15.3,0.0
2025-10-16T15:00,22.5,97,22.0,1.20,994.4,14.5,0.0
2025-10-16T16:00,22.9,96,22.2,2.40,994.0,14.5,3.0
2025-10-16T17:00,23.9,93,22.6,0.60,991.7,14.9,11.0
2025-10-16T18:00,22.4,93,21.1,3.10,992.3,15.3,68.0
2025-10-16T19:00,24.5,83,21.5,0.00,992.9,22.3,354.0
2025-10-16T20:00,23.2,86,20.8,0.00,991.9,21.4,33.0
2025-10-16T21:00,22.5,88,20.5,0.00,991.2,18.5,61.0
2025-10-16T22:00,21.6,89,19.8,0.00,991.5,18.3,16.0
2025-10-16T23:00,21.2,88,19.1,0.00,991.3,18.9,0.0
2025-10-17T00:00,21.4,90,19.6,0.00,990.3,16.3,0.0
2025-10-17T01:00,21.2,91,19.6,0.00,991.3,19.4,0.0
2025-10-17T02:00,20.9,89,19.0,0.00,991.3,17.5,0.0
2025-10-17T03:00,21.0,83,18.0,0.00,990.2,21.3,0.0
2025-10-17T04:00,21.0,81,17.5,0.00,989.9,16.1,0.0
2025-10-17T05:00,19.8,92,18.4,3.20,990.3,10.4,0.0
2025-10-17T06:00,19.9,90,18.1,0.00,988.4,20.4,0.0
2025-10-17T07:00,19.5,91,18.0,3.80,988.9,13.4,0.0
2025-10-17T08:00,19.5,92,18.1,10.50,989.6,12.3,0.0
2025-10-17T09:00,19.5,95,18.7,4.00,990.2,9.8,0.0
2025-10-17T10:00,19.3,97,18.8,6.60,991.4,9.8,0.0
2025-10-17T11:00,19.5,97,19.0,3.40,991.7,11.6,0.0
2025-10-17T12:00,19.5,98,19.1,5.30,993.9,12.4,2.0
2025-10-17T13:00,19.5,97,19.0,3.10,993.8,12.1,0.0
2025-10-17T14:00,19.9,97,19.4,1.80,993.4,12.2,1.0
2025-10-17T15:00,20.0,96,19.4,5.50,992.8,13.6,0.0
2025-10-17T16:00,20.1,97,19.6,11.00,992.4,11.8,11.0
2025-10-17T17:00,21.1,92,19.8,1.90,991.3,9.6,56.0
2025-10-17T18:00,21.0,85,18.4,4.30,992.2,7.6,103.0
2025-10-17T19:00,21.4,83,18.4,0.10,991.3,11.8,31.0
2025-10-17T20:00,21.3,84,18.5,0.30,990.7,13.1,57.0
2025-10-17T21:00,20.8,92,19.4,7.80,990.6,9.6,63.0
2025-10-17T22:00,20.0,96,19.4,0.40,991.0,6.4,3.0
2025-10-17T23:00,19.4,98,19.1,1.80,991.7,9.6,0.0
2025-10-18T00:00,19.8,98,19.5,0.10,991.2,9.1,0.0
2025-10-18T01:00,19.3,99,19.1,0.00,991.7,8.8,0.0
2025-10-18T02:00,19.3,98,19.0,0.00,993.1,11.4,0.0
2025-10-18T03:00,19.1,98,18.8,0.00,993.2,10.5,0.0
2025-10-18T04:00,18.9,99,18.7,0.00,993.2,12.3,0.0
2025-10-18T05:00,18.9,100,18.8,0.00,992.5,11.2,0.0
2025-10-18T06:00,18.8,99,18.7,0.00,992.1,14.7,0.0
2025-10-18T07:00,19.0,98,18.7,0.10,992.4,15.8,0.0
2025-10-18T08:00,18.9,98,18.5,0.10,992.9,14.7,0.0
2025-10-18T09:00,18.6,98,18.3,0.00,993.9,15.0,0.0
2025-10-18T10:00,18.9,97,18.4,0.10,995.1,17.5,0.0
2025-10-18T11:00,19.0,97,18.5,0.10,996.8,17.1,54.0
2025-10-18T12:00,19.3,93,18.1,0.00,997.2,20.7,7.0
2025-10-18T13:00,20.4,85,17.7,0.10,998.1,24.0,65.0
2025-10-18T14:00,20.5,80,17.0,0.00,999.0,25.2,11.0
2025-10-18T15:00,21.1,75,16.6,0.00,999.8,25.1,4.0
2025-10-18T16:00,21.9,70,16.1,0.00,999.5,24.9,65.0
2025-10-18T17:00,23.7,60,15.5,0.00,999.2,22.3,590.0
2025-10-18T18:00,23.5,60,15.2,0.00,999.3,21.2,721.0
2025-10-18T19:00,23.6,57,14.6,0.00,999.4,22.5,553.0
2025-10-18T20:00,23.4,56,14.1,0.00,999.3,21.3,346.0
2025-10-18T21:00,22.1,62,14.6,0.00,999.6,18.8,158.0
2025-10-18T22:00,20.8,63,13.6,0.00,999.8,18.7,28.0
2025-10-18T23:00,19.9,65,13.1,0.00,1000.3,18.0,0.0
2025-10-19T00:00,19.1,66,12.6,0.00,1000.6,20.4,0.0
2025-10-19T01:00,18.6,66,12.1,0.00,1001.4,19.6,0.0
2025-10-19T02:00,18.0,68,12.0,0.00,1001.6,20.1,0.0
2025-10-19T03:00,17.4,71,12.1,0.00,1001.7,20.1,0.0
2025-10-19T04:00,16.8,74,12.1,0.00,1001.7,18.8,0.0
2025-10-19T05:00,16.1,77,12.1,0.00,1001.7,17.8,0.0
2025-10-19T06:00,15.4,81,12.2,0.00,1001.6,17.4,0.0
2025-10-19T07:00,14.6,85,12.1,0.00,1001.9,16.1,0.0
2025-10-19T08:00,14.1,86,11.9,0.00,1002.3,16.2,0.0
2025-10-19T09:00,13.5,87,11.3,0.00,1002.8,15.5,0.0
2025-10-19T10:00,13.6,85,11.1,0.00,1003.4,15.9,24.0
2025-10-19T11:00,15.0,76,10.9,0.00,1004.2,16.8,174.0
2025-10-19T12:00,16.8,69,11.1,0.00,1004.7,17.8,389.0
2025-10-19T13:00,18.1,64,11.2,0.00,1004.6,16.9,590.0
2025-10-19T14:00,19.4,56,10.3,0.00,1004.5,16.3,752.0
2025-10-19T15:00,20.3,53,10.3,0.00,1003.9,14.7,858.0
2025-10-19T16:00,21.0,53,11.2,0.00,1003.4,13.5,895.0
2025-10-19T17:00,21.5,54,11.9,0.00,1002.0,13.8,856.0
2025-10-19T18:00,21.9,53,11.9,0.00,1001.3,15.5,753.0
2025-10-19T19:00,21.6,53,11.7,0.00,1000.6,16.5,596.0
2025-10-19T20:00,21.3,54,11.6,0.00,999.9,16.7,399.0
2025-10-19T21:00,20.4,60,12.4,0.00,999.7,12.2,188.0
2025-10-19T22:00,18.5,65,11.8,0.00,999.4,10.9,32.0
2025-10-19T23:00,17.9,66,11.4,0.00,999.4,14.9,0.0
2025-10-20T00:00,17.6,65,10.9,0.00,999.6,18.0,0.0
2025-10-20T01:00,17.1,67,10.9,0.00,1000.3,17.5,0.0
2025-10-20T02:00,16.4,70,10.9,0.00,1000.1,16.0,0.0
2025-10-20T03:00,15.7,71,10.4,0.00,1000.0,14.4,0.0
2025-10-20T04:00,14.9,72,9.9,0.00,999.9,12.3,0.0
2025-10-20T05:00,14.2,73,9.4,0.00,999.6,11.0,0.0
2025-10-20T06:00,13.6,75,9.2,0.00,999.7,10.6,0.0
2025-10-20T07:00,12.9,77,9.0,0.00,999.6,11.1,0.0
2025-10-20T08:00,12.6,77,8.7,0.00,999.8,12.4,0.0
2025-10-20T09:00,12.3,77,8.4,0.00,1000.5,13.4,0.0
2025-10-20T10:00,12.9,77,8.9,0.00,1001.2,15.0,26.0
2025-10-20T11:00,14.9,75,10.6,0.00,1001.9,14.1,176.0
2025-10-20T12:00,18.0,66,11.6,0.00,1002.2,15.2,384.0
2025-10-20T13:00,20.4,63,13.1,0.00,1002.3,17.4,581.0
2025-10-20T14:00,22.4,62,14.6,0.00,1002.3,19.2,736.0
2025-10-20T15:00,24.0,59,15.6,0.00,1001.9,19.7,837.0
2025-10-20T16:00,25.1,55,15.5,0.00,1001.2,19.8,868.0
2025-10-20T17:00,25.7,52,15.1,0.00,1000.6,18.9,827.0
2025-10-20T18:00,26.1,49,14.4,0.00,999.5,17.8,733.0
2025-10-20T19:00,26.0,48,14.0,0.00,998.8,16.9,582.0
2025-10-20T20:00,25.4,53,15.1,0.00,998.4,14.0,389.0
2025-10-20T21:00,23.7,60,15.5,0.00,998.5,10.5,172.0
2025-10-20T22:00,21.5,63,14.2,0.00,998.5,9.9,23.0
2025-10-20T23:00,20.3,66,13.8,0.00,998.8,10.2,0.0
2025-10-21T00:00,19.7,65,13.1,0.00,999.1,12.0,0.0
2025-10-21T01:00,19.8,59,11.6,0.00,999.6,13.4,0.0
2025-10-21T02:00,19.0,61,11.2,0.00,999.4,12.2,0.0
2025-10-21T03:00,18.2,65,11.5,0.00,999.0,12.2,0.0
2025-10-21T04:00,17.3,68,11.2,0.00,998.7,13.0,0.0
2025-10-21T05:00,16.6,67,10.6,0.00,998.4,12.4,0.0
2025-10-21T06:00,16.0,69,10.4,0.00,998.2,11.0,0.0
2025-10-21T07:00,15.8,68,9.9,0.00,998.5,13.2,0.0
2025-10-21T08:00,15.3,68,9.4,0.00,999.2,15.1,0.0
2025-10-21T09:00,15.4,65,8.9,0.00,999.7,18.6,0.0
2025-10-21T10:00,16.0,65,9.5,0.00,1001.0,21.0,25.0
2025-10-21T11:00,17.5,66,11.1,0.00,1001.9,19.1,171.0
2025-10-21T12:00,19.4,60,11.4,0.00,1001.7,22.2,379.0
2025-10-21T13:00,20.6,56,11.6,0.00,1001.6,23.8,585.0
2025-10-21T14:00,21.9,55,12.4,0.00,1001.3,22.7,746.0
2025-10-21T15:00,23.0,53,12.9,0.00,1000.9,21.5,855.0
2025-10-21T16:00,24.0,50,12.9,0.00,1000.0,19.9,893.0
2025-10-21T17:00,24.6,49,13.2,0.00,999.2,18.1,859.0
2025-10-21T18:00,25.5,46,13.0,0.00,998.2,16.4,757.0
2025-10-21T19:00,25.5,46,12.9,0.00,997.2,15.9,598.0
2025-10-21T20:00,24.9,51,14.1,0.00,996.5,14.5,400.0
2025-10-21T21:00,23.4,57,14.4,0.00,996.3,12.2,191.0
2025-10-21T22:00,21.2,62,13.6,0.00,996.1,11.1,33.0
2025-10-21T23:00,20.4,65,13.5,0.00,996.3,12.8,0.0
2025-10-22T00:00,19.8,65,13.1,0.00,996.3,14.3,0.0
2025-10-22T01:00,19.5,66,12.9,0.00,996.5,14.1,0.0
2025-10-22T02:00,19.1,66,12.6,0.00,996.7,14.9,0.0
2025-10-22T03:00,18.7,68,12.6,0.00,996.6,14.4,0.0
2025-10-22T04:00,18.0,71,12.6,0.00,996.5,12.8,0.0
2025-10-22T05:00,17.8,72,12.6,0.00,996.4,13.4,0.0
2025-10-22T06:00,17.8,73,12.9,0.00,996.3,15.8,0.0
2025-10-22T07:00,17.5,73,12.7,0.00,996.5,16.7,0.0
2025-10-22T08:00,17.2,73,12.4,0.00,997.1,16.6,0.0
2025-10-22T09:00,17.0,70,11.5,0.00,997.9,18.4,0.0
2025-10-22T10:00,17.4,66,10.9,0.00,998.8,21.6,27.0
2025-10-22T11:00,18.8,64,11.8,0.00,999.2,21.3,176.0
2025-10-22T12:00,20.8,60,12.7,0.00,999.5,21.3,386.0
2025-10-22T13:00,22.3,57,13.4,0.00,999.6,22.9,582.0
2025-10-22T14:00,23.9,56,14.5,0.00,999.9,20.9,739.0
2025-10-22T15:00,25.2,54,15.4,0.00,999.7,20.9,839.0
2025-10-22T16:00,26.4,52,15.8,0.00,998.8,20.9,871.0
2025-10-22T17:00,27.1,51,16.0,0.00,998.0,19.7,846.0
2025-10-22T18:00,28.0,48,15.9,0.00,997.3,18.1,746.0
2025-10-22T19:00,28.0,48,15.9,0.00,996.6,16.8,573.0
2025-10-22T20:00,27.4,53,17.1,0.00,995.9,14.2,393.0
2025-10-22T21:00,25.8,59,17.2,0.00,995.7,11.7,188.0
2025-10-22T22:00,23.7,62,16.0,0.00,995.7,11.5,33.0
2025-10-22T23:00,22.6,66,15.9,0.00,996.3,11.6,0.0
2025-10-23T00:00,22.3,65,15.4,0.00,996.6,14.5,0.0
2025-10-23T01:00,21.8,66,15.2,0.00,996.9,14.8,0.0
2025-10-23T02:00,21.4,65,14.6,0.00,996.8,15.7,0.0
2025-10-23T03:00,20.9,66,14.2,0.00,996.5,15.0,0.0
2025-10-23T04:00,20.1,68,14.0,0.00,996.1,14.8,0.0
2025-10-23T05:00,19.6,69,13.8,0.00,995.7,16.4,0.0
2025-10-23T06:00,19.5,70,13.9,0.00,995.1,15.9,0.0
2025-10-23T07:00,19.4,70,13.6,0.00,995.1,18.2,0.0
2025-10-23T08:00,19.3,68,13.2,0.00,995.3,19.4,0.0
2025-10-23T09:00,19.2,66,12.7,0.00,995.4,20.3,0.0
2025-10-23T10:00,19.4,66,12.9,0.00,996.4,20.5,9.0
2025-10-23T11:00,20.0,66,13.4,0.00,996.8,22.7,22.0
2025-10-23T12:00,22.0,63,14.5,0.00,997.5,17.8,73.0
2025-10-23T13:00,22.9,60,14.6,0.00,997.5,18.0,131.0
2025-10-23T14:00,23.6,58,14.9,0.00,997.6,17.4,106.0
2025-10-23T15:00,24.8,58,15.9,0.00,997.8,14.7,275.0
2025-10-23T16:00,25.1,57,16.1,0.00,997.2,16.0,155.0
2025-10-23T17:00,25.5,55,15.6,0.00,996.4,17.5,207.0
2025-10-23T18:00,26.6,52,16.1,0.00,995.4,19.3,471.0
2025-10-23T19:00,26.4,53,16.0,0.00,994.6,21.6,471.0
2025-10-23T20:00,25.9,57,16.8,0.00,994.3,18.5,338.0
2025-10-23T21:00,24.9,64,17.5,0.00,993.8,15.4,171.0
2025-10-23T22:00,23.5,67,17.0,0.00,993.2,14.4,30.0
2025-10-23T23:00,22.8,69,16.8,0.00,993.7,15.8,0.0
2025-10-24T00:00,22.7,65,15.8,0.00,993.6,18.2,0.0
2025-10-24T01:00,22.4,65,15.4,0.00,993.6,19.6,0.0
2025-10-24T02:00,22.4,63,14.9,0.00,993.2,21.3,0.0
2025-10-24T03:00,22.2,60,14.1,0.00,992.6,21.1,0.0
2025-10-24T04:00,22.3,57,13.2,0.00,992.5,21.2,0.0
2025-10-24T05:00,22.4,55,12.8,0.00,992.0,22.0,0.0
2025-10-24T06:00,22.1,57,13.1,0.00,991.6,21.5,0.0
2025-10-24T07:00,22.2,57,13.4,0.00,991.2,23.3,0.0
2025-10-24T08:00,22.4,57,13.4,0.00,991.4,23.8,0.0
2025-10-24T09:00,22.1,57,13.2,0.00,991.7,24.1,0.0
2025-10-24T10:00,22.0,59,13.6,0.00,992.2,24.7,25.0
2025-10-24T11:00,22.8,58,14.1,0.00,992.9,24.6,101.0
2025-10-24T12:00,24.4,54,14.4,0.00,992.4,25.0,24.0
2025-10-24T13:00,25.8,52,15.1,0.00,992.1,23.2,310.0
2025-10-24T14:00,27.0,48,15.1,0.00,991.6,26.4,661.0
2025-10-24T15:00,28.0,49,16.4,0.00,990.6,26.9,775.0
2025-10-24T16:00,29.2,49,17.5,0.00,989.9,25.8,832.0
2025-10-24T17:00,30.1,49,18.4,0.00,988.9,25.3,818.0
2025-10-24T18:00,30.5,50,19.0,0.00,987.9,24.8,727.0
2025-10-24T19:00,30.5,52,19.5,0.00,987.0,23.9,575.0
2025-10-24T20:00,29.8,57,20.2,0.00,986.1,22.7,386.0
2025-10-24T21:00,28.6,59,19.9,0.00,985.7,22.9,186.0
2025-10-24T22:00,27.5,59,18.9,0.00,985.8,23.2,34.0
2025-10-24T23:00,26.8,59,18.1,0.00,986.0,23.7,0.0
2025-10-25T00:00,26.8,57,17.5,0.00,985.7,23.5,0.0
2025-10-25T01:00,26.4,56,17.0,0.00,985.7,24.2,0.0
2025-10-25T02:00,26.4,53,16.1,0.00,984.7,25.6,0.0
2025-10-25T03:00,26.5,50,15.2,0.00,983.6,29.5,0.0
2025-10-25T04:00,26.4,49,14.9,0.00,983.9,28.3,0.0
2025-10-25T05:00,26.1,50,14.8,0.00,984.7,25.2,0.0
2025-10-25T06:00,25.9,47,13.8,0.00,983.6,26.1,0.0
2025-10-25T07:00,26.0,47,13.9,0.00,983.9,26.4,0.0
2025-10-25T08:00,25.6,48,13.9,0.00,985.1,25.1,0.0
2025-10-25T09:00,22.2,71,16.8,0.90,986.0,22.2,0.0
2025-10-25T10:00,21.6,77,17.5,0.50,986.1,27.7,0.0
2025-10-25T11:00,22.2,80,18.6,4.70,988.2,23.0,100.0
2025-10-25T12:00,22.2,84,19.5,4.30,991.7,20.3,31.0
2025-10-25T13:00,21.4,90,19.6,1.70,991.8,12.1,15.0
2025-10-25T14:00,22.0,89,20.0,3.50,992.4,13.0,16.0
2025-10-25T15:00,23.0,77,18.7,0.10,991.7,14.4,150.0
2025-10-25T16:00,23.2,73,18.2,0.00,991.7,17.1,249.0
2025-10-25T17:00,23.5,72,18.2,0.60,990.8,17.4,352.0
2025-10-25T18:00,19.8,88,17.8,2.80,991.7,16.6,57.0
2025-10-25T19:00,20.9,81,17.5,0.00,991.7,14.3,110.0
2025-10-25T20:00,20.2,83,17.3,0.00,991.2,13.7,8.0
2025-10-25T21:00,20.3,85,17.6,0.00,991.3,12.6,27.0
2025-10-25T22:00,19.7,88,17.7,0.00,991.6,9.2,26.0
2025-10-25T23:00,19.2,91,17.8,0.00,992.8,7.5,0.0
2025-10-26T00:00,18.7,94,17.7,0.00,993.1,12.5,0.0
2025-10-26T01:00,18.4,95,17.5,0.00,994.1,10.2,0.0
2025-10-26T02:00,18.1,97,17.6,0.00,994.4,11.2,0.0
2025-10-26T03:00,18.1,97,17.7,0.00,994.5,10.9,0.0
2025-10-26T04:00,18.1,97,17.6,0.00,993.8,10.1,0.0
2025-10-26T05:00,18.1,97,17.5,0.00,993.2,12.7,0.0
2025-10-26T06:00,19.0,93,17.9,0.00,993.1,17.7,0.0
2025-10-26T07:00,18.8,91,17.2,0.00,992.8,18.2,0.0
2025-10-26T08:00,18.5,90,16.9,0.00,993.0,18.2,0.0
2025-10-26T09:00,18.0,91,16.5,0.00,993.5,18.4,0.0
2025-10-26T10:00,17.9,90,16.3,0.00,993.5,17.5,15.0
2025-10-26T11:00,19.0,85,16.5,0.00,994.0,22.2,79.0
2025-10-26T12:00,19.1,89,17.2,0.00,994.2,18.2,137.0
2025-10-26T13:00,20.5,85,17.8,0.00,994.9,15.4,47.0
2025-10-26T14:00,20.6,85,18.0,0.00,994.9,14.3,13.0
2025-10-26T15:00,21.0,84,18.1,0.00,994.5,14.1,0.0
2025-10-26T16:00,21.6,82,18.4,0.10,994.5,13.9,1.0
2025-10-26T17:00,22.0,80,18.2,0.10,993.6,13.7,4.0
2025-10-26T18:00,22.0,83,19.0,1.70,993.1,14.7,56.0
2025-10-26T19:00,22.0,84,19.2,1.70,992.6,13.9,38.0
2025-10-26T20:00,22.7,80,19.0,0.00,991.8,16.5,62.0
2025-10-26T21:00,22.7,78,18.6,0.00,991.7,13.9,152.0
2025-10-26T22:00,21.2,82,18.1,0.00,992.2,12.0,23.0
2025-10-26T23:00,20.1,87,18.0,0.00,992.8,12.0,0.0
2025-10-27T00:00,19.6,89,17.6,0.00,993.4,12.3,0.0
2025-10-27T01:00,19.4,89,17.5,0.00,993.8,15.1,0.0
2025-10-27T02:00,19.3,88,17.2,0.00,994.1,15.0,0.0
2025-10-27T03:00,19.1,88,17.0,0.00,994.0,14.3,0.0
2025-10-27T04:00,18.8,90,17.0,0.00,993.5,13.7,0.0
2025-10-27T05:00,18.6,91,17.1,0.00,993.3,14.0,0.0
2025-10-27T06:00,18.8,93,17.6,0.00,993.6,11.9,0.0
2025-10-27T07:00,18.5,93,17.5,0.00,993.5,12.2,0.0
2025-10-27T08:00,18.4,94,17.3,0.00,993.6,11.7,0.0
2025-10-27T09:00,18.1,95,17.3,0.00,994.0,11.9,0.0
2025-10-27T10:00,19.0,94,17.9,0.00,994.2,14.1,31.0
2025-10-27T11:00,20.7,89,18.8,0.00,994.9,15.4,176.0
2025-10-27T12:00,22.8,81,19.4,0.00,995.7,15.9,359.0
2025-10-27T13:00,24.3,75,19.5,0.10,995.8,14.2,372.0
2025-10-27T14:00,25.8,70,19.9,0.00,995.4,12.8,605.0
2025-10-27T15:00,26.8,65,19.5,0.00,995.1,12.6,723.0
2025-10-27T16:00,27.4,61,19.2,0.10,994.8,11.8,735.0
2025-10-27T17:00,27.7,60,19.1,0.00,994.1,11.0,690.0
2025-10-27T18:00,27.6,60,19.1,0.00,993.7,12.0,631.0
2025-10-27T19:00,27.5,60,19.1,0.00,993.4,11.6,545.0
2025-10-27T20:00,26.9,62,19.0,0.00,993.1,12.5,341.0
2025-10-27T21:00,25.9,68,19.5,0.00,993.0,11.2,164.0
2025-10-27T22:00,24.0,72,18.5,0.00,993.5,8.9,35.0
2025-10-27T23:00,22.9,73,17.8,0.00,994.1,8.0,0.0
2025-10-28T00:00,23.4,68,17.0,0.00,994.2,12.6,0.0
2025-10-28T01:00,23.0,69,17.1,0.00,994.8,18.8,0.0
2025-10-28T02:00,22.8,69,16.9,0.00,995.1,20.8,0.0
2025-10-28T03:00,22.2,71,16.7,0.00,994.8,19.4,0.0
2025-10-28T04:00,21.5,74,16.7,0.00,994.4,17.6,0.0
2025-10-28T05:00,20.7,78,16.8,0.00,993.9,15.7,0.0
2025-10-28T06:00,20.8,78,16.8,0.00,994.1,14.9,0.0
2025-10-28T07:00,20.0,80,16.5,0.00,993.4,15.8,0.0
2025-10-28T08:00,19.6,81,16.3,0.00,993.7,16.6,0.0
2025-10-28T09:00,19.5,82,16.2,0.00,994.6,18.1,0.0
2025-10-28T10:00,19.8,83,16.8,0.00,995.2,17.5,22.0
2025-10-28T11:00,20.7,81,17.4,0.00,995.3,18.5,139.0
2025-10-28T12:00,21.1,79,17.4,4.20,996.5,20.0,139.0
2025-10-28T13:00,20.5,82,17.4,0.30,996.1,18.4,21.0
2025-10-28T14:00,20.1,81,16.7,0.20,996.4,20.3,75.0
2025-10-28T15:00,18.6,83,15.7,1.00,996.6,24.1,7.0
2025-10-28T16:00,18.0,95,17.1,3.20,996.1,20.7,2.0
2025-10-28T17:00,17.2,97,16.8,1.90,996.1,24.6,11.0
2025-10-28T18:00,15.9,97,15.4,3.40,996.5,23.3,0.0
2025-10-28T19:00,15.9,97,15.4,1.80,996.7,24.3,0.0
2025-10-28T20:00,16.1,94,15.2,0.40,997.2,24.1,3.0
2025-10-28T21:00,15.9,94,14.9,0.10,997.7,22.8,0.0
2025-10-28T22:00,15.4,94,14.5,0.10,998.6,24.5,0.0
2025-10-28T23:00,14.9,94,14.0,0.10,999.2,25.5,0.0
2025-10-29T00:00,15.2,91,13.7,0.10,999.7,24.0,0.0
2025-10-29T01:00,15.3,89,13.5,0.00,1000.4,23.6,0.0
2025-10-29T02:00,14.8,89,13.0,0.00,1001.0,23.1,0.0
2025-10-29T03:00,14.6,88,12.6,0.00,1001.2,21.5,0.0
2025-10-29T04:00,14.5,87,12.3,0.00,1001.3,21.3,0.0
2025-10-29T05:00,14.3,86,12.1,0.00,1001.2,21.5,0.0
2025-10-29T06:00,13.9,89,12.1,0.00,1001.1,19.9,0.0
2025-10-29T07:00,13.6,89,11.9,0.10,1001.3,20.7,0.0
2025-10-29T08:00,13.6,87,11.6,0.00,1002.0,20.6,0.0
2025-10-29T09:00,13.4,87,11.3,0.00,1001.9,22.2,0.0
2025-10-29T10:00,13.6,86,11.3,0.00,1002.5,21.6,0.0
2025-10-29T11:00,14.1,84,11.4,0.00,1003.3,23.4,8.0
2025-10-29T12:00,14.6,83,11.8,0.10,1003.2,22.5,42.0
2025-10-29T13:00,15.4,81,12.2,0.10,1003.2,21.3,23.0
2025-10-29T14:00,16.9,74,12.1,0.20,1002.9,22.4,111.0
2025-10-29T15:00,17.6,73,12.8,0.10,1002.6,20.7,88.0
2025-10-29T16:00,18.7,70,13.1,0.10,1002.4,19.7,166.0
2025-10-29T17:00,18.6,71,13.3,0.10,1002.0,18.6,42.0
2025-10-29T18:00,17.9,71,12.6,0.10,1001.7,21.0,60.0
2025-10-29T19:00,18.1,70,12.6,0.00,1001.3,19.6,29.0
2025-10-29T20:00,18.0,73,12.9,0.00,1001.0,18.6,35.0
2025-10-29T21:00,17.7,74,12.9,0.00,1001.0,16.3,15.0
2025-10-29T22:00,16.8,76,12.6,0.00,1001.1,14.7,17.0
2025-10-29T23:00,16.2,78,12.4,0.00,1001.3,13.3,0.0
2025-10-30T00:00,14.9,88,13.0,0.00,1001.4,12.3,0.0
2025-10-30T01:00,14.6,90,13.1,0.00,1001.4,12.9,0.0
2025-10-30T02:00,14.4,92,13.1,0.00,1000.9,12.4,0.0
2025-10-30T03:00,14.2,92,12.9,0.00,1000.3,11.9,0.0
2025-10-30T04:00,13.8,93,12.6,0.00,999.9,11.3,0.0
2025-10-30T05:00,13.4,95,12.6,0.00,999.4,11.4,0.0
2025-10-30T06:00,13.2,96,12.5,0.00,999.3,11.9,0.0
2025-10-30T07:00,12.9,96,12.4,0.00,999.6,12.8,0.0
2025-10-30T08:00,12.6,97,12.2,0.00,1000.2,13.2,0.0
2025-10-30T09:00,12.4,98,12.1,0.00,1000.5,12.0,0.0
2025-10-30T10:00,13.4,95,12.7,0.00,1001.3,13.9,37.0
2025-10-30T11:00,15.3,87,13.1,0.00,1001.3,17.6,189.0
2025-10-30T12:00,17.0,79,13.4,0.00,1001.0,18.6,307.0
2025-10-30T13:00,18.7,71,13.4,0.00,1001.2,16.5,294.0
2025-10-30T14:00,19.9,67,13.6,0.00,1001.0,16.8,282.0
2025-10-30T15:00,20.0,66,13.6,0.00,1000.8,16.0,163.0
2025-10-30T16:00,21.2,61,13.4,0.10,1000.1,14.2,508.0
2025-10-30T17:00,21.7,58,13.1,0.00,999.0,13.7,465.0
2025-10-30T18:00,21.9,57,13.0,0.00,998.3,12.5,211.0
2025-10-30T19:00,22.1,55,12.6,0.00,997.7,11.7,312.0
2025-10-30T20:00,21.8,56,12.6,0.00,997.1,10.7,221.0
2025-10-30T21:00,21.0,63,13.7,0.00,997.1,8.1,119.0
2025-10-30T22:00,19.4,71,13.9,0.00,997.4,6.4,16.0
2025-10-30T23:00,18.5,76,14.1,0.00,997.7,5.8,0.0
2025-10-31T00:00,17.5,80,13.9,0.00,997.7,5.8,0.0
2025-10-31T01:00,17.1,79,13.5,0.00,997.7,9.3,0.0
2025-10-31T02:00,16.6,81,13.4,0.00,997.3,8.1,0.0
2025-10-31T03:00,16.1,83,13.4,0.00,996.9,7.6,0.0
2025-10-31T04:00,16.2,84,13.6,0.00,996.4,9.2,0.0
2025-10-31T05:00,15.9,87,13.7,0.00,995.8,8.8,0.0
2025-10-31T06:00,15.4,88,13.5,0.00,996.0,9.3,0.0
2025-10-31T07:00,14.8,90,13.1,0.00,996.2,8.3,0.0
2025-10-31T08:00,14.4,90,12.8,0.00,996.4,7.9,0.0
2025-10-31T09:00,14.1,90,12.5,0.00,996.5,7.1,0.0
2025-10-31T10:00,15.6,87,13.4,0.00,997.2,9.7,38.0
2025-10-31T11:00,18.0,83,15.1,0.00,997.7,6.9,195.0
2025-10-31T12:00,20.0,76,15.7,0.00,997.6,8.2,410.0
2025-10-31T13:00,21.5,66,14.9,0.00,997.7,7.7,608.0
2025-10-31T14:00,22.5,61,14.6,0.00,997.4,6.2,764.0
2025-10-31T15:00,23.6,57,14.6,0.00,996.3,6.8,864.0
2025-10-31T16:00,24.4,52,14.1,0.00,995.1,5.9,733.0
2025-10-31T17:00,24.7,50,13.6,0.00,994.2,5.3,383.0
2025-10-31T18:00,25.0,49,13.6,0.00,993.3,9.2,185.0
2025-10-31T19:00,24.6,51,13.7,0.00,992.6,10.3,354.0
2025-10-31T20:00,24.0,53,13.8,0.00,992.0,10.9,290.0
2025-10-31T21:00,22.4,62,14.8,0.00,991.7,12.2,54.0
2025-10-31T22:00,20.5,67,14.0,0.00,991.6,10.0,42.0
2025-10-31T23:00,19.5,65,12.9,0.00,991.7,10.7,0.0
2025-11-01T00:00,18.6,67,12.3,0.00,992.0,8.8,0.0
2025-11-01T01:00,18.7,64,11.9,0.00,992.2,8.2,0.0
2025-11-01T02:00,17.9,68,11.9,0.00,991.9,6.7,0.0
2025-11-01T03:00,17.5,69,11.7,0.00,991.7,7.2,0.0
2025-11-01T04:00,17.0,71,11.8,0.00,991.0,7.4,0.0
2025-11-01T05:00,16.8,72,11.6,0.00,990.6,8.5,0.0
2025-11-01T06:00,16.6,74,12.1,0.00,990.3,8.5,0.0
2025-11-01T07:00,16.4,78,12.6,0.00,990.4,7.6,0.0
2025-11-01T08:00,16.7,79,13.1,0.00,990.8,10.1,0.0
2025-11-01T09:00,17.6,77,13.6,0.00,991.1,12.9,0.0
2025-11-01T10:00,18.3,78,14.4,0.00,991.7,13.1,8.0
2025-11-01T11:00,19.6,80,16.0,0.00,992.8,10.6,17.0
2025-11-01T12:00,21.9,75,17.2,0.00,993.3,15.4,203.0
2025-11-01T13:00,23.0,72,17.5,0.00,993.0,16.7,279.0
2025-11-01T14:00,23.0,78,19.0,0.60,992.7,15.6,362.0
2025-11-01T15:00,23.9,75,19.3,0.00,992.7,13.7,216.0
2025-11-01T16:00,23.9,75,19.1,0.10,992.5,16.3,147.0
2025-11-01T17:00,23.5,81,20.0,0.50,991.5,13.9,25.0
2025-11-01T18:00,21.3,96,20.6,0.70,991.1,10.6,6.0
2025-11-01T19:00,21.4,97,20.8,11.60,990.4,11.7,0.0
2025-11-01T20:00,21.2,98,20.9,3.40,989.4,13.1,8.0
2025-11-01T21:00,21.1,95,20.4,1.60,989.6,16.1,2.0
2025-11-01T22:00,20.8,97,20.3,1.60,989.9,12.6,0.0
2025-11-01T23:00,20.6,97,20.2,3.00,991.3,12.8,0.0
2025-11-02T00:00,19.6,97,19.1,3.00,991.4,14.6,0.0
2025-11-02T01:00,19.5,98,19.1,1.10,991.9,14.4,0.0
2025-11-02T02:00,19.3,98,19.0,1.50,992.4,11.1,0.0
2025-11-02T03:00,19.0,98,18.6,2.70,993.5,6.5,0.0
2025-11-02T04:00,18.9,94,17.9,0.60,992.5,16.8,0.0
2025-11-02T05:00,18.5,93,17.4,0.50,991.8,17.5,0.0
2025-11-02T06:00,18.0,93,16.9,0.00,990.5,15.9,0.0
2025-11-02T07:00,18.2,93,17.0,0.00,990.5,7.4,0.0
2025-11-02T08:00,18.1,94,17.1,0.00,990.9,7.7,0.0
2025-11-02T09:00,17.5,96,16.9,0.00,991.0,6.1,0.0
2025-11-02T10:00,18.0,95,17.3,0.00,991.6,10.9,40.0
2025-11-02T11:00,19.9,89,18.0,0.00,991.9,12.5,197.0
2025-11-02T12:00,21.6,82,18.3,0.00,992.4,18.0,403.0
2025-11-02T13:00,23.4,72,18.1,0.00,992.7,20.6,537.0
2025-11-02T14:00,23.8,70,18.0,0.00,992.8,18.6,214.0
2025-11-02T15:00,24.8,65,17.8,0.00,992.4,18.3,227.0
2025-11-02T16:00,25.3,64,18.0,0.00,991.8,16.9,247.0
2025-11-02T17:00,26.2,59,17.6,0.00,990.8,16.1,517.0
2025-11-02T18:00,26.0,58,17.1,0.00,990.3,15.2,437.0
2025-11-02T19:00,26.0,58,17.1,0.00,989.5,13.7,223.0
2025-11-02T20:00,25.7,60,17.4,0.00,989.1,12.2,198.0
2025-11-02T21:00,24.9,64,17.6,0.00,989.3,13.2,137.0
2025-11-02T22:00,23.0,71,17.4,0.00,990.2,19.8,8.0
2025-11-02T23:00,21.6,79,17.9,0.00,990.8,19.5,0.0
2025-11-03T00:00,20.6,86,18.2,0.00,990.7,13.7,0.0
2025-11-03T01:00,20.1,87,18.0,0.00,991.4,11.1,0.0
2025-11-03T02:00,19.5,91,18.0,0.00,991.0,10.4,0.0
2025-11-03T03:00,19.5,93,18.2,0.00,990.6,11.5,0.0
2025-11-03T04:00,19.2,93,18.1,0.00,990.4,11.7,0.0
2025-11-03T05:00,18.7,95,18.0,0.00,990.2,11.4,0.0
2025-11-03T06:00,18.6,96,18.0,0.00,989.9,10.4,0.0
2025-11-03T07:00,18.2,97,17.7,0.00,990.2,10.1,0.0
2025-11-03T08:00,18.0,98,17.6,0.00,990.3,11.8,0.0
2025-11-03T09:00,17.9,98,17.5,0.00,990.7,12.6,0.0
2025-11-03T10:00,18.8,97,18.2,0.00,991.8,13.9,42.0
2025-11-03T11:00,20.6,91,19.2,0.00,992.5,13.0,202.0
2025-11-03T12:00,22.1,87,20.0,0.00,992.5,9.6,403.0
2025-11-03T13:00,23.9,80,20.1,0.00,992.9,8.9,557.0
2025-11-03T14:00,25.5,70,19.5,0.00,992.9,9.5,685.0
2025-11-03T15:00,26.5,63,18.9,0.00,992.6,7.1,679.0
2025-11-03T16:00,26.7,62,18.7,0.00,992.2,5.2,273.0
2025-11-03T17:00,27.2,60,18.8,0.10,991.4,4.4,327.0
2025-11-03T18:00,27.4,60,18.9,0.10,990.7,6.0,618.0
2025-11-03T19:00,27.5,58,18.6,0.00,989.9,4.2,510.0
2025-11-03T20:00,27.4,58,18.5,0.00,989.2,3.6,305.0
2025-11-03T21:00,26.7,67,20.0,0.00,989.0,3.9,173.0
2025-11-03T22:00,24.1,77,20.0,0.00,989.1,6.1,45.0
2025-11-03T23:00,23.0,78,18.9,0.00,989.6,8.3,0.0
2025-11-04T00:00,22.8,77,18.5,0.00,989.7,7.4,0.0
2025-11-04T01:00,22.2,79,18.4,0.00,990.2,7.7,0.0
2025-11-04T02:00,21.7,80,18.0,0.00,989.8,7.9,0.0
2025-11-04T03:00,21.0,81,17.6,0.00,989.5,7.3,0.0
2025-11-04T04:00,20.5,83,17.5,0.00,989.0,6.9,0.0
2025-11-04T05:00,20.1,85,17.5,0.00,988.8,6.8,0.0
2025-11-04T06:00,19.7,87,17.5,0.00,988.6,5.9,0.0
2025-11-04T07:00,19.2,90,17.5,0.00,989.0,4.7,0.0
2025-11-04T08:00,18.8,93,17.5,0.00,989.0,4.4,0.0
2025-11-04T09:00,18.3,94,17.4,0.00,989.7,3.1,0.0
2025-11-04T10:00,20.1,91,18.6,0.00,990.4,7.4,45.0
2025-11-04T11:00,22.9,85,20.2,0.00,990.5,7.3,213.0
2025-11-04T12:00,25.4,77,21.1,0.00,991.1,7.4,427.0
2025-11-04T13:00,27.4,67,20.8,0.00,991.1,10.7,627.0
2025-11-04T14:00,28.6,59,19.8,0.00,991.1,12.1,783.0
2025-11-04T15:00,29.5,55,19.5,0.00,990.7,12.9,884.0
2025-11-04T16:00,30.2,51,19.0,0.00,990.0,12.4,921.0
2025-11-04T17:00,30.5,51,19.2,0.00,989.1,13.1,895.0
2025-11-04T18:00,31.0,50,19.5,0.00,988.8,11.5,795.0
2025-11-04T19:00,30.8,52,19.7,0.00,988.3,8.9,636.0
2025-11-04T20:00,30.6,53,20.0,0.00,988.2,3.6,438.0
2025-11-04T21:00,29.4,69,23.1,0.00,988.2,2.2,223.0
2025-11-04T22:00,26.4,82,23.0,0.00,988.7,0.6,48.0
2025-11-04T23:00,24.8,85,22.0,0.00,989.5,2.8,0.0
2025-11-05T00:00,24.9,74,19.8,0.00,990.4,6.9,0.0
2025-11-05T01:00,24.8,74,19.7,0.00,990.5,7.8,0.0
2025-11-05T02:00,24.2,73,19.1,0.00,990.9,13.3,0.0
2025-11-05T03:00,23.5,76,19.0,0.00,991.2,11.6,0.0
2025-11-05T04:00,22.9,79,19.0,0.00,991.0,13.4,0.0
2025-11-05T05:00,22.1,84,19.2,0.00,991.5,11.6,0.0
2025-11-05T06:00,21.9,90,20.2,0.00,991.0,13.4,0.0
2025-11-05T07:00,21.4,90,19.6,0.00,991.5,18.8,0.0
2025-11-05T08:00,21.0,89,19.1,0.00,991.8,22.8,0.0
2025-11-05T09:00,20.4,89,18.5,0.00,992.9,20.1,0.0
2025-11-05T10:00,20.5,85,18.0,0.00,994.3,19.6,37.0
2025-11-05T11:00,21.6,81,18.1,0.00,995.4,17.6,186.0
2025-11-05T12:00,21.6,80,18.1,0.00,996.0,14.3,296.0
2025-11-05T13:00,21.5,82,18.3,0.00,996.8,11.8,0.0
2025-11-05T14:00,22.6,79,18.8,0.00,997.2,8.2,40.0
2025-11-05T15:00,24.2,73,19.1,0.00,997.2,13.0,199.0
2025-11-05T16:00,25.5,68,19.1,0.00,997.4,15.9,667.0
2025-11-05T17:00,23.9,73,18.8,0.00,997.2,14.8,20.0
2025-11-05T18:00,26.0,67,19.5,0.00,996.4,14.7,48.0
2025-11-05T19:00,25.8,64,18.5,0.00,996.1,15.9,337.0
2025-11-05T20:00,25.5,64,18.1,0.00,995.5,16.6,295.0
2025-11-05T21:00,24.5,68,18.3,0.00,995.5,15.8,205.0
2025-11-05T22:00,22.8,72,17.5,0.00,995.6,14.4,51.0
2025-11-05T23:00,21.7,73,16.8,0.00,996.1,15.6,0.0
2025-11-06T00:00,21.5,69,15.5,0.00,996.0,15.8,0.0
2025-11-06T01:00,21.1,72,15.8,0.00,996.7,17.3,0.0
2025-11-06T02:00,20.6,70,14.9,0.00,997.2,18.3,0.0
2025-11-06T03:00,19.8,69,13.9,0.00,997.3,17.2,0.0
2025-11-06T04:00,19.1,70,13.6,0.00,996.9,17.3,0.0
2025-11-06T05:00,18.5,73,13.6,0.00,996.2,17.3,0.0
2025-11-06T06:00,18.0,76,13.8,0.00,995.8,17.7,0.0
2025-11-06T07:00,17.4,80,13.8,0.00,995.4,16.9,0.0
2025-11-06T08:00,16.9,82,13.8,0.00,995.6,15.6,0.0
2025-11-06T09:00,16.4,84,13.7,0.00,995.7,15.0,0.0
2025-11-06T10:00,17.2,84,14.4,0.00,996.3,16.2,50.0
2025-11-06T11:00,18.7,79,14.9,0.00,996.7,18.3,223.0
2025-11-06T12:00,20.5,74,15.7,0.00,996.3,20.6,438.0
2025-11-06T13:00,22.2,70,16.6,0.00,996.2,17.8,637.0
2025-11-06T14:00,24.0,64,16.9,0.00,995.9,15.7,794.0
2025-11-06T15:00,25.5,58,16.8,0.00,995.1,14.3,896.0
2025-11-06T16:00,26.6,54,16.6,0.00,993.9,12.3,930.0
2025-11-06T17:00,27.4,51,16.4,0.00,992.7,12.1,895.0
2025-11-06T18:00,27.8,48,15.9,0.00,991.5,12.5,798.0
2025-11-06T19:00,27.7,48,15.7,0.00,990.1,12.4,621.0
2025-11-06T20:00,27.1,51,16.2,0.00,988.9,13.2,438.0
2025-11-06T21:00,25.8,59,17.1,0.00,988.4,12.7,224.0
2025-11-06T22:00,23.4,67,16.9,0.00,987.9,14.8,53.0
2025-11-06T23:00,22.5,64,15.2,0.00,987.6,15.4,0.0
2025-11-07T00:00,22.8,61,14.9,0.00,987.5,17.1,0.0
2025-11-07T01:00,22.0,63,14.8,0.00,987.6,14.8,0.0
2025-11-07T02:00,21.3,65,14.4,0.00,987.7,14.2,0.0
2025-11-07T03:00,20.9,63,13.6,0.00,987.1,15.7,0.0
2025-11-07T04:00,20.8,62,13.3,0.00,986.2,15.5,0.0
2025-11-07T05:00,20.4,64,13.2,0.00,985.3,14.8,0.0
2025-11-07T06:00,20.2,66,13.6,0.00,985.2,12.1,0.0
2025-11-07T07:00,19.4,82,16.2,1.50,984.6,12.7,0.0
2025-11-07T08:00,19.5,80,16.0,0.00,983.4,17.7,0.0
2025-11-07T09:00,20.0,81,16.6,0.10,981.9,19.7,0.0
2025-11-07T10:00,20.9,85,18.2,0.00,982.2,23.0,14.0
2025-11-07T11:00,23.4,83,20.4,0.30,982.5,22.5,13.0
2025-11-07T12:00,27.2,75,22.5,1.40,981.5,23.9,71.0
2025-11-07T13:00,27.4,74,22.3,2.20,981.6,28.8,223.0
2025-11-07T14:00,25.5,89,23.5,19.40,981.7,16.9,255.0
2025-11-07T15:00,26.9,83,23.8,7.00,980.7,22.4,0.0
2025-11-07T16:00,23.8,95,23.0,14.70,982.0,24.4,3.0
2025-11-07T17:00,23.4,90,21.7,3.70,982.0,15.9,251.0
2025-11-07T18:00,23.0,83,20.0,1.50,981.9,16.2,228.0
2025-11-07T19:00,21.6,86,19.1,0.90,981.9,21.0,60.0
2025-11-07T20:00,20.7,80,17.1,0.00,982.9,24.7,32.0
2025-11-07T21:00,19.8,78,15.9,0.00,983.7,24.8,1.0
2025-11-07T22:00,19.1,75,14.6,0.00,985.4,22.7,4.0
2025-11-07T23:00,18.4,76,14.1,0.00,987.2,23.5,0.0
2025-11-08T00:00,17.4,82,14.3,0.00,987.6,26.1,0.0
2025-11-08T01:00,17.0,79,13.4,0.00,989.1,23.2,0.0
2025-11-08T02:00,16.3,80,12.8,0.00,990.0,21.4,0.0
2025-11-08T03:00,15.4,82,12.2,0.00,991.5,19.8,0.0
2025-11-08T04:00,15.1,84,12.5,0.00,991.6,14.4,0.0
2025-11-08T05:00,15.1,88,13.1,0.00,991.2,12.8,0.0
2025-11-08T06:00,14.7,92,13.4,0.00,991.6,15.6,0.0
2025-11-08T07:00,14.8,89,12.9,0.00,992.0,17.8,0.0
2025-11-08T08:00,14.5,85,12.1,0.00,992.1,20.6,0.0
2025-11-08T09:00,14.5,84,11.8,0.10,992.5,23.3,0.0
2025-11-08T10:00,14.4,87,12.4,0.10,993.3,22.0,0.0
2025-11-08T11:00,14.9,86,12.6,0.00,994.1,22.5,2.0
2025-11-08T12:00,15.4,84,12.7,0.10,994.0,24.7,137.0
2025-11-08T13:00,16.6,78,12.7,0.00,994.9,21.7,10.0
2025-11-08T14:00,17.9,74,13.2,0.10,995.3,19.1,68.0
2025-11-08T15:00,19.0,71,13.6,0.20,995.7,16.6,110.0
2025-11-08T16:00,19.8,68,13.8,0.10,995.7,17.1,198.0
2025-11-08T17:00,20.3,65,13.6,0.10,995.3,17.5,348.0
2025-11-08T18:00,20.0,66,13.4,0.10,995.0,17.9,225.0
2025-11-08T19:00,20.0,68,13.9,0.00,995.0,17.2,94.0
2025-11-08T20:00,19.6,69,13.8,0.00,994.6,16.9,108.0
2025-11-08T21:00,19.5,70,13.8,0.00,994.7,15.8,83.0
2025-11-08T22:00,18.6,74,13.9,0.00,995.0,10.9,30.0
2025-11-08T23:00,17.7,78,13.8,0.00,995.1,10.6,0.0
2025-11-09T00:00,16.7,84,14.1,0.00,995.7,10.2,0.0
2025-11-09T01:00,16.4,85,13.8,0.00,996.4,10.8,0.0
2025-11-09T02:00,16.0,87,13.8,0.00,996.9,10.8,0.0
2025-11-09T03:00,15.8,88,13.9,0.00,997.0,10.4,0.0
2025-11-09T04:00,15.4,90,13.9,0.00,997.1,10.7,0.0
2025-11-09T05:00,15.2,91,13.8,0.00,996.7,12.6,0.0
2025-11-09T06:00,15.0,90,13.4,0.00,996.5,12.9,0.0
2025-11-09T07:00,14.6,91,13.2,0.00,996.7,12.2,0.0
2025-11-09T08:00,14.4,92,13.1,0.00,997.0,12.1,0.0
2025-11-09T09:00,14.1,93,13.1,0.00,997.1,12.5,0.0
2025-11-09T10:00,15.4,91,13.9,0.00,997.8,13.8,52.0
2025-11-09T11:00,17.2,83,14.4,0.00,998.3,15.3,230.0
2025-11-09T12:00,19.1,78,15.2,0.00,998.8,14.9,447.0
2025-11-09T13:00,20.8,73,15.8,0.00,999.1,13.9,647.0
2025-11-09T14:00,22.3,67,15.9,0.00,999.2,12.8,802.0
2025-11-09T15:00,23.5,62,15.9,0.00,999.1,11.8,907.0
2025-11-09T16:00,24.4,59,15.8,0.00,998.7,11.0,942.0
2025-11-09T17:00,25.0,56,15.6,0.00,998.1,11.3,907.0
2025-11-09T18:00,25.3,55,15.5,0.00,997.7,13.3,746.0
2025-11-09T19:00,25.1,53,14.8,0.00,996.9,13.9,540.0
2025-11-09T20:00,24.5,55,14.9,0.00,996.6,14.0,383.0
2025-11-09T21:00,23.5,61,15.5,0.00,996.6,12.0,143.0
2025-11-09T22:00,21.6,64,14.6,0.00,996.5,10.8,58.0
2025-11-09T23:00,20.6,66,14.0,0.00,996.7,11.0,0.0
2025-11-10T00:00,20.2,68,14.2,0.00,997.5,14.6,0.0
2025-11-10T01:00,20.3,64,13.1,0.00,997.9,16.7,0.0
2025-11-10T02:00,19.6,65,12.9,0.00,997.8,15.8,0.0
2025-11-10T03:00,19.0,70,13.3,0.00,997.9,15.7,0.0
2025-11-10T04:00,18.4,70,12.9,0.00,997.7,15.8,0.0
2025-11-10T05:00,17.7,73,12.9,0.00,997.8,15.5,0.0
2025-11-10T06:00,17.2,78,13.3,0.00,998.0,15.6,0.0
2025-11-10T07:00,16.6,79,13.0,0.00,998.2,16.0,0.0
2025-11-10T08:00,16.2,79,12.6,0.00,998.3,15.5,0.0
2025-11-10T09:00,15.9,79,12.2,0.00,998.7,15.3,0.0
2025-11-10T10:00,16.9,78,12.9,0.00,999.3,16.5,54.0
2025-11-10T11:00,18.8,74,13.9,0.00,999.6,14.6,233.0
2025-11-10T12:00,21.0,67,14.8,0.00,999.8,15.6,448.0
2025-11-10T13:00,22.7,65,15.9,0.00,999.7,14.4,632.0
2025-11-10T14:00,24.5,62,16.7,0.00,999.4,12.7,773.0
2025-11-10T15:00,26.0,57,16.8,0.00,999.1,11.8,838.0
2025-11-10T16:00,26.9,52,16.1,0.00,998.5,11.6,917.0
2025-11-10T17:00,27.5,50,16.1,0.00,997.5,10.5,836.0
2025-11-10T18:00,28.1,47,15.9,0.00,996.7,9.7,702.0
2025-11-10T19:00,28.1,48,16.1,0.00,995.9,9.3,462.0
2025-11-10T20:00,27.8,51,16.6,0.00,995.3,8.8,361.0
2025-11-10T21:00,26.7,62,18.9,0.00,995.0,7.0,220.0
2025-11-10T22:00,24.0,68,17.8,0.00,994.8,12.0,55.0
2025-11-10T23:00,22.8,63,15.5,0.00,994.7,12.0,0.0
2025-11-11T00:00,22.6,63,15.3,0.00,994.6,13.5,0.0
2025-11-11T01:00,22.2,67,15.8,0.00,994.6,12.6,0.0
2025-11-11T02:00,21.6,71,16.1,0.00,994.6,11.2,0.0
2025-11-11T03:00,21.0,72,15.9,0.00,994.5,12.4,0.0
2025-11-11T04:00,21.1,69,15.4,0.00,994.2,13.2,0.0
2025-11-11T05:00,20.7,69,14.9,0.00,993.5,11.6,0.0
2025-11-11T06:00,19.9,74,15.1,0.00,993.5,9.5,0.0
2025-11-11T07:00,19.4,77,15.2,0.00,993.8,8.3,0.0
2025-11-11T08:00,19.1,78,15.2,0.00,994.0,8.5,0.0
2025-11-11T09:00,19.0,80,15.4,0.00,994.1,10.8,0.0
2025-11-11T10:00,20.0,81,16.5,0.00,994.6,13.5,24.0
2025-11-11T11:00,22.0,80,18.3,0.00,994.9,13.8,218.0
2025-11-11T12:00,24.5,74,19.5,0.00,995.2,13.4,353.0
2025-11-11T13:00,26.3,68,20.0,0.00,995.2,18.6,481.0
2025-11-11T14:00,27.4,61,19.1,0.00,994.8,21.1,689.0
2025-11-11T15:00,28.2,57,18.9,0.00,993.7,22.6,740.0
2025-11-11T16:00,29.1,54,18.9,0.00,992.8,21.6,885.0
2025-11-11T17:00,29.6,52,18.7,0.00,992.0,18.9,874.0
2025-11-11T18:00,30.1,49,18.4,0.00,991.1,15.7,765.0
2025-11-11T19:00,30.4,50,18.8,0.00,990.3,14.7,620.0
2025-11-11T20:00,29.9,55,20.0,0.00,989.9,13.0,437.0
2025-11-11T21:00,28.7,63,21.0,0.00,989.7,8.9,233.0
2025-11-11T22:00,26.5,70,20.6,0.00,989.9,6.8,51.0
2025-11-11T23:00,25.2,73,20.1,0.00,990.4,6.4,0.0
2025-11-12T00:00,25.5,69,19.5,0.00,990.8,9.0,0.0
2025-11-12T01:00,25.2,69,19.1,0.00,991.4,12.6,0.0
2025-11-12T02:00,24.6,69,18.5,0.00,991.5,13.9,0.0
2025-11-12T03:00,24.4,69,18.2,0.00,991.4,13.1,0.0
2025-11-12T04:00,23.9,70,18.1,0.00,991.1,10.6,0.0
2025-11-12T05:00,21.3,90,19.6,1.30,991.4,20.9,0.0
2025-11-12T06:00,21.9,85,19.2,0.30,990.6,18.0,0.0
2025-11-12T07:00,21.0,94,20.0,14.00,992.2,12.8,0.0
2025-11-12T08:00,21.0,95,20.1,0.30,991.7,10.9,0.0
2025-11-12T09:00,20.7,96,20.0,0.20,991.6,9.0,0.0
2025-11-12T10:00,21.8,92,20.5,1.00,992.5,11.0,15.0
2025-11-12T11:00,22.5,94,21.4,6.00,993.5,7.8,68.0
2025-11-12T12:00,21.4,95,20.5,5.40,994.3,16.7,61.0
2025-11-12T13:00,21.0,96,20.3,5.40,994.6,11.3,0.0
2025-11-12T14:00,21.5,98,21.1,6.10,994.8,12.2,13.0
2025-11-12T15:00,21.7,96,21.0,6.60,993.9,15.4,5.0
2025-11-12T16:00,23.0,90,21.3,1.90,994.1,14.3,96.0
2025-11-12T17:00,22.9,91,21.4,0.50,992.7,11.0,46.0
2025-11-12T18:00,21.9,91,20.3,0.10,993.5,15.5,330.0
2025-11-12T19:00,22.4,85,19.8,0.00,993.0,15.3,126.0
2025-11-12T20:00,22.3,84,19.5,0.10,993.4,13.7,41.0
2025-11-12T21:00,21.7,87,19.5,0.10,993.7,12.4,2.0
2025-11-12T22:00,21.0,90,19.3,0.30,993.5,12.7,3.0
2025-11-12T23:00,20.1,96,19.5,2.60,994.3,11.1,0.0
2025-11-13T00:00,20.1,98,19.8,0.50,994.1,14.6,0.0
2025-11-13T01:00,20.0,97,19.6,0.80,995.0,15.7,0.0
2025-11-13T02:00,19.9,98,19.5,0.40,995.4,17.8,0.0
2025-11-13T03:00,19.5,98,19.2,0.10,994.7,18.1,0.0
2025-11-13T04:00,19.4,98,19.0,0.00,993.8,15.5,0.0
2025-11-13T05:00,19.0,98,18.5,0.00,993.5,10.6,0.0
2025-11-13T06:00,19.2,98,18.9,0.00,992.8,9.7,0.0
2025-11-13T07:00,19.0,98,18.6,0.00,992.8,8.3,0.0
2025-11-13T08:00,18.8,98,18.5,0.00,993.6,10.6,0.0
2025-11-13T09:00,18.8,98,18.4,0.00,994.6,10.9,0.0
2025-11-13T10:00,19.6,97,19.0,0.00,995.4,12.1,7.0
2025-11-13T11:00,21.1,90,19.5,0.00,995.9,16.4,24.0
2025-11-13T12:00,22.0,84,19.1,0.00,996.8,14.8,80.0
2025-11-13T13:00,22.9,79,19.1,0.00,997.3,13.0,14.0
2025-11-13T14:00,24.1,75,19.4,0.10,997.3,11.9,107.0
2025-11-13T15:00,25.0,70,19.2,0.00,997.1,13.3,108.0
2025-11-13T16:00,25.7,67,19.1,0.00,996.7,11.6,130.0
2025-11-13T17:00,25.6,67,19.0,0.00,996.3,9.9,33.0
2025-11-13T18:00,26.6,64,19.2,0.00,995.8,12.4,153.0
2025-11-13T19:00,27.1,62,19.2,0.00,995.1,12.6,332.0
2025-11-13T20:00,26.6,64,19.3,0.00,994.6,11.4,97.0
2025-11-13T21:00,25.9,71,20.1,0.00,994.5,7.6,83.0
2025-11-13T22:00,23.9,79,20.1,0.00,994.7,5.6,46.0
2025-11-13T23:00,22.9,81,19.4,0.00,995.3,3.8,0.0
2025-11-14T00:00,22.9,78,18.9,0.00,995.4,6.7,0.0
2025-11-14T01:00,22.6,81,19.2,0.00,996.1,8.1,0.0
2025-11-14T02:00,22.2,84,19.3,0.00,996.3,7.4,0.0
2025-11-14T03:00,21.5,87,19.2,0.00,996.2,7.5,0.0
2025-11-14T04:00,21.4,87,19.1,0.00,995.7,7.0,0.0
2025-11-14T05:00,21.3,87,19.0,0.00,994.9,7.1,0.0
2025-11-14T06:00,21.0,90,19.4,0.00,995.0,6.8,0.0
2025-11-14T07:00,20.5,93,19.2,0.00,995.3,7.0,0.0
2025-11-14T08:00,20.1,95,19.3,0.00,995.7,6.0,0.0
2025-11-14T09:00,20.0,97,19.4,0.00,996.0,6.0,0.0
2025-11-14T10:00,21.5,95,20.6,0.00,996.9,9.0,21.0
2025-11-14T11:00,23.5,90,21.8,0.00,997.2,6.7,185.0
2025-11-14T12:00,25.7,77,21.5,0.00,997.7,4.4,435.0
2025-11-14T13:00,27.0,70,21.0,0.00,997.7,6.2,619.0
2025-11-14T14:00,28.3,64,20.9,0.00,997.7,7.8,751.0
2025-11-14T15:00,28.8,61,20.5,0.00,997.1,7.1,498.0
2025-11-14T16:00,29.4,59,20.5,0.00,996.7,4.7,165.0
2025-11-14T17:00,30.0,56,20.4,0.00,996.0,4.8,649.0
2025-11-14T18:00,30.0,56,20.4,0.10,995.5,7.1,564.0
2025-11-14T19:00,29.6,59,20.9,0.00,994.7,7.4,444.0
2025-11-14T20:00,29.0,61,20.8,0.00,994.3,10.0,368.0
2025-11-14T21:00,28.2,69,22.0,0.00,994.3,8.2,218.0
2025-11-14T22:00,26.5,77,22.1,0.00,994.9,5.9,45.0
2025-11-14T23:00,24.1,87,21.8,0.80,995.3,9.0,0.0
2025-11-15T00:00,24.4,85,21.8,0.00,995.1,5.0,0.0
2025-11-15T01:00,24.4,84,21.5,0.00,995.6,5.6,0.0
2025-11-15T02:00,24.0,83,21.0,0.00,995.4,5.6,0.0
2025-11-15T03:00,23.6,85,21.0,0.00,995.2,6.6,0.0
2025-11-15T04:00,23.0,89,21.1,0.00,994.2,5.2,0.0
2025-11-15T05:00,22.9,91,21.3,0.00,993.5,5.5,0.0
2025-11-15T06:00,22.6,93,21.4,0.00,993.3,5.1,0.0
2025-11-15T07:00,22.3,95,21.4,0.00,993.2,5.0,0.0
2025-11-15T08:00,22.4,96,21.7,0.00,993.2,8.7,0.0
2025-11-15T09:00,22.1,95,21.4,0.00,993.4,8.6,0.0
2025-11-15T10:00,23.0,93,21.8,0.00,994.0,9.9,21.0
2025-11-15T11:00,24.6,87,22.4,0.00,994.4,10.0,159.0
2025-11-15T12:00,25.7,79,21.8,0.00,994.7,12.7,228.0
2025-11-15T13:00,27.3,75,22.5,0.00,994.5,14.0,598.0
2025-11-15T14:00,28.0,72,22.6,0.10,993.9,14.2,679.0
2025-11-15T15:00,28.7,70,22.8,0.20,993.2,12.7,745.0
2025-11-15T16:00,28.5,69,22.4,0.20,992.4,11.7,477.0
2025-11-15T17:00,25.3,82,22.1,2.00,992.0,12.7,103.0
2025-11-15T18:00,27.4,73,22.0,0.30,991.2,9.3,368.0
2025-11-15T19:00,28.1,66,21.2,0.00,990.2,9.0,503.0
2025-11-15T20:00,27.6,70,21.6,0.00,989.6,10.4,262.0
2025-11-15T21:00,27.0,75,22.0,0.00,989.1,12.1,174.0
2025-11-15T22:00,25.6,78,21.5,0.00,989.3,16.2,52.0
2025-11-15T23:00,24.2,84,21.2,0.00,989.4,17.3,0.0
2025-11-16T00:00,23.5,83,20.5,0.00,989.1,13.9,0.0
2025-11-16T01:00,23.5,85,20.9,0.00,989.3,14.7,0.0
2025-11-16T02:00,23.1,87,21.0,0.00,989.4,14.7,0.0
2025-11-16T03:00,22.9,90,21.0,0.00,988.6,15.6,0.0
2025-11-16T04:00,22.9,90,21.1,0.00,987.7,18.2,0.0
2025-11-16T05:00,22.7,91,21.1,0.00,987.4,17.2,0.0
2025-11-16T06:00,22.7,92,21.4,0.00,987.9,13.9,0.0
2025-11-16T07:00,22.1,93,21.0,0.00,988.0,13.1,0.0
2025-11-16T08:00,21.9,92,20.5,0.00,986.2,18.7,0.0
2025-11-16T09:00,21.8,91,20.3,0.00,986.3,18.3,0.0
2025-11-16T10:00,22.6,89,20.7,0.00,986.7,21.0,56.0
2025-11-16T11:00,24.1,84,21.3,0.00,987.3,19.1,226.0
2025-11-16T12:00,24.5,83,21.3,0.00,987.2,17.7,427.0
2025-11-16T13:00,25.4,80,21.6,0.70,988.5,15.3,180.0
2025-11-16T14:00,25.9,78,21.8,0.00,987.1,20.6,90.0
2025-11-16T15:00,27.8,71,21.9,0.10,986.4,25.7,299.0
2025-11-16T16:00,25.8,79,21.9,4.40,986.1,22.6,62.0
2025-11-16T17:00,22.9,96,22.2,5.10,986.6,15.9,1.0
2025-11-16T18:00,19.7,96,19.0,1.20,987.3,27.2,1.0
2025-11-16T19:00,18.7,98,18.3,2.20,986.9,22.6,4.0
2025-11-16T20:00,18.0,96,17.4,6.80,987.5,14.5,0.0
2025-11-16T21:00,18.0,98,17.5,4.10,988.1,7.0,0.0
2025-11-16T22:00,18.0,98,17.8,0.70,987.6,5.5,0.0
2025-11-16T23:00,18.0,95,17.2,0.00,988.3,12.9,0.0
2025-11-17T00:00,17.5,97,17.0,0.00,989.4,15.8,0.0
2025-11-17T01:00,17.4,97,16.9,0.50,990.8,17.0,0.0
2025-11-17T02:00,17.3,97,16.9,0.00,991.8,13.3,0.0
2025-11-17T03:00,17.0,96,16.3,0.00,991.8,8.4,0.0
2025-11-17T04:00,16.0,97,15.6,0.00,992.3,7.9,0.0
2025-11-17T05:00,15.9,98,15.6,0.00,992.1,12.9,0.0
2025-11-17T06:00,16.3,97,15.8,0.00,991.9,12.0,0.0
2025-11-17T07:00,16.5,96,15.9,0.00,992.2,14.4,0.0
2025-11-17T08:00,16.5,97,15.9,0.00,992.8,12.3,0.0
2025-11-17T09:00,16.7,96,16.1,0.00,993.1,8.5,0.0
2025-11-17T10:00,16.8,96,16.1,0.00,994.2,10.9,0.0
2025-11-17T11:00,17.4,94,16.4,0.10,994.4,11.1,0.0
2025-11-17T12:00,18.7,86,16.4,0.70,994.9,19.9,24.0
2025-11-17T13:00,20.6,76,16.3,0.10,995.2,18.9,466.0
2025-11-17T14:00,21.3,72,15.9,0.10,995.2,19.6,640.0
2025-11-17T15:00,22.1,67,15.8,0.10,995.0,17.7,856.0
2025-11-17T16:00,22.5,63,15.1,0.10,994.6,18.3,786.0
2025-11-17T17:00,22.7,55,13.2,0.00,994.0,18.6,668.0
2025-11-17T18:00,22.9,50,11.9,0.00,993.3,21.2,681.0
2025-11-17T19:00,22.9,47,10.9,0.00,992.8,16.8,565.0
2025-11-17T20:00,22.4,50,11.4,0.00,992.5,16.2,433.0
2025-11-17T21:00,21.1,60,13.0,0.00,992.3,13.1,253.0
2025-11-17T22:00,19.3,66,12.8,0.00,992.7,8.8,72.0
2025-11-17T23:00,17.8,70,12.2,0.00,993.2,7.0,1.0
2025-11-18T00:00,17.0,72,12.1,0.00,992.9,6.9,0.0
2025-11-18T01:00,16.8,72,11.6,0.00,993.2,7.5,0.0
2025-11-18T02:00,16.1,74,11.6,0.00,993.4,7.4,0.0
2025-11-18T03:00,15.5,76,11.4,0.00,993.1,7.0,0.0
2025-11-18T04:00,14.8,79,11.2,0.00,992.6,6.4,0.0
2025-11-18T05:00,14.4,81,11.1,0.00,991.9,6.1,0.0
2025-11-18T06:00,14.2,80,10.9,0.00,991.6,4.2,0.0
2025-11-18T07:00,13.5,82,10.5,0.00,990.8,4.9,0.0
2025-11-18T08:00,13.1,84,10.4,0.00,990.8,5.4,0.0
2025-11-18T09:00,13.2,83,10.4,0.00,991.4,2.0,0.0
2025-11-18T10:00,15.1,81,11.9,0.00,992.4,1.5,66.0
2025-11-18T11:00,17.6,76,13.4,0.00,993.0,4.5,254.0
2025-11-18T12:00,19.8,64,12.6,0.00,992.7,7.2,473.0
2025-11-18T13:00,21.1,59,12.9,0.00,993.0,10.3,675.0
2025-11-18T14:00,22.2,56,13.1,0.00,993.2,11.7,833.0
2025-11-18T15:00,23.0,54,13.3,0.00,992.8,11.4,912.0
2025-11-18T16:00,23.9,52,13.5,0.00,992.2,12.1,968.0
2025-11-18T17:00,24.6,51,13.8,0.00,991.4,12.1,940.0
2025-11-18T18:00,25.4,47,13.4,0.00,990.7,12.8,847.0
2025-11-18T19:00,25.7,45,12.8,0.00,990.2,11.8,690.0
2025-11-18T20:00,25.5,45,12.8,0.00,989.7,10.7,493.0
2025-11-18T21:00,24.5,57,15.5,0.00,989.8,6.5,275.0
2025-11-18T22:00,22.1,64,15.1,0.00,989.6,4.9,80.0
2025-11-18T23:00,20.6,63,13.4,0.00,989.7,4.3,1.0
2025-11-19T00:00,19.0,74,14.2,0.00,990.0,6.6,0.0
2025-11-19T01:00,18.5,76,14.1,0.00,990.6,7.6,0.0
2025-11-19T02:00,18.4,71,12.9,0.00,990.8,8.1,0.0
2025-11-19T03:00,17.8,71,12.6,0.00,990.5,8.3,0.0
2025-11-19T04:00,17.2,75,12.6,0.00,990.0,7.8,0.0
2025-11-19T05:00,16.8,75,12.3,0.00,989.7,7.8,0.0
2025-11-19T06:00,16.3,73,11.4,0.00,989.7,6.8,0.0
2025-11-19T07:00,15.8,74,11.1,0.00,989.7,7.8,0.0
2025-11-19T08:00,15.9,73,11.1,0.00,990.0,8.5,0.0
2025-11-19T09:00,15.8,74,11.2,0.00,990.4,8.7,0.0
2025-11-19T10:00,18.0,73,12.9,0.00,992.0,8.9,67.0
2025-11-19T11:00,21.2,70,15.4,0.00,992.9,8.2,254.0
2025-11-19T12:00,24.0,65,17.0,0.00,993.4,7.3,471.0
2025-11-19T13:00,25.9,60,17.5,0.00,993.8,6.8,671.0
2025-11-19T14:00,27.3,54,17.3,0.00,993.8,5.8,824.0
2025-11-19T15:00,28.4,49,16.8,0.00,993.7,5.1,922.0
2025-11-19T16:00,29.1,47,16.6,0.00,993.3,4.7,955.0
2025-11-19T17:00,29.6,46,16.8,0.00,992.7,5.2,922.0
2025-11-19T18:00,30.0,43,16.0,0.00,992.2,4.9,826.0
2025-11-19T19:00,30.1,42,15.9,0.00,991.5,2.7,674.0
2025-11-19T20:00,30.0,42,15.6,0.00,991.3,1.7,480.0
2025-11-19T21:00,28.5,60,19.9,0.00,991.2,3.3,267.0
2025-11-19T22:00,25.6,77,21.3,0.00,991.1,1.8,77.0
2025-11-19T23:00,23.6,80,20.0,0.00,991.2,2.0,1.0
2025-11-20T00:00,22.8,69,16.8,0.00,991.4,7.8,0.0
2025-11-20T01:00,22.8,66,16.1,0.00,992.0,9.2,0.0
2025-11-20T02:00,21.5,69,15.5,0.00,992.2,7.5,0.0
2025-11-20T03:00,20.5,71,15.1,0.00,992.0,7.1,0.0
2025-11-20T04:00,19.8,72,14.7,0.00,991.5,6.6,0.0
2025-11-20T05:00,19.8,69,13.9,0.00,990.7,6.6,0.0
2025-11-20T06:00,19.1,71,13.8,0.00,990.3,6.9,0.0
2025-11-20T07:00,18.0,77,13.9,0.00,990.1,7.3,0.0
2025-11-20T08:00,17.4,82,14.2,0.00,990.3,8.0,0.0
2025-11-20T09:00,17.0,83,14.1,0.00,990.6,8.5,0.0
2025-11-20T10:00,18.7,80,15.1,0.00,991.1,12.6,66.0
2025-11-20T11:00,21.1,77,17.0,0.00,991.4,10.7,252.0
2025-11-20T12:00,24.4,69,18.4,0.00,991.5,12.0,468.0
2025-11-20T13:00,27.0,65,19.7,0.00,991.4,14.8,667.0
2025-11-20T14:00,28.6,57,19.2,0.00,991.1,17.9,825.0
2025-11-20T15:00,29.7,52,18.9,0.00,990.5,18.6,926.0
2025-11-20T16:00,30.5,50,18.8,0.00,989.9,18.3,962.0
2025-11-20T17:00,31.0,45,17.9,0.00,988.9,19.1,928.0
2025-11-20T18:00,31.5,42,16.9,0.00,988.0,20.0,832.0
2025-11-20T19:00,31.1,45,17.8,0.00,987.0,18.7,679.0
2025-11-20T20:00,30.4,51,19.1,0.00,986.3,15.4,485.0
2025-11-20T21:00,28.9,57,19.5,0.00,985.8,12.6,271.0
2025-11-20T22:00,26.5,63,19.0,0.00,985.5,10.0,60.0
2025-11-20T23:00,25.1,66,18.2,0.00,985.7,11.5,1.0
2025-11-21T00:00,24.3,67,17.8,0.00,986.2,11.4,0.0
2025-11-21T01:00,24.1,66,17.4,0.00,986.3,13.7,0.0
2025-11-21T02:00,23.5,66,16.9,0.00,986.5,14.5,0.0
2025-11-21T03:00,22.9,68,16.7,0.00,986.2,15.5,0.0
2025-11-21T04:00,22.2,70,16.5,0.00,985.9,16.3,0.0
2025-11-21T05:00,21.8,72,16.4,0.00,986.0,15.1,0.0
2025-11-21T06:00,21.4,73,16.4,0.00,986.4,15.2,0.0
2025-11-21T07:00,20.9,75,16.2,0.00,987.1,14.7,0.0
2025-11-21T08:00,20.6,75,16.1,0.00,988.2,13.6,0.0
2025-11-21T09:00,20.3,76,15.9,0.00,989.3,13.5,0.0
2025-11-21T10:00,21.4,75,16.8,0.00,990.3,14.9,63.0
2025-11-21T11:00,23.4,73,18.4,0.00,990.9,14.3,253.0
2025-11-21T12:00,26.2,64,18.9,0.00,992.4,8.0,469.0
2025-11-21T13:00,28.0,60,19.5,0.00,993.0,6.7,663.0
2025-11-21T14:00,29.3,58,20.2,0.00,993.5,10.3,811.0
2025-11-21T15:00,29.6,56,19.9,0.00,993.9,17.9,857.0
2025-11-21T16:00,29.6,54,19.2,0.10,993.6,14.5,544.0
2025-11-21T17:00,29.2,55,19.4,0.00,993.4,13.4,155.0
2025-11-21T18:00,29.4,56,19.6,0.00,993.1,14.3,245.0
2025-11-21T19:00,28.7,59,20.0,0.00,992.0,10.7,106.0
2025-11-21T20:00,28.6,59,20.0,0.00,991.1,7.0,136.0
2025-11-21T21:00,27.2,73,21.9,0.00,990.9,5.6,12.0
2025-11-21T22:00,25.5,76,21.0,0.20,991.8,18.3,14.0
2025-11-21T23:00,23.0,81,19.5,0.30,992.7,23.0,0.0
2025-11-22T00:00,22.3,79,18.5,0.00,993.6,21.8,0.0
2025-11-22T01:00,21.6,80,18.0,0.00,994.4,20.9,0.0
2025-11-22T02:00,21.0,80,17.3,0.00,995.1,20.2,0.0
2025-11-22T03:00,20.3,80,16.6,0.00,994.9,19.7,0.0
2025-11-22T04:00,19.9,80,16.4,0.00,994.9,17.8,0.0
2025-11-22T05:00,19.5,81,16.2,0.00,994.4,16.1,0.0
2025-11-22T06:00,19.1,83,16.2,0.00,994.4,14.9,0.0
2025-11-22T07:00,19.0,84,16.1,0.00,994.5,13.6,0.0
2025-11-22T08:00,19.1,83,16.1,0.00,994.4,14.6,0.0
2025-11-22T09:00,19.0,83,16.0,0.00,994.6,14.9,0.0
2025-11-22T10:00,19.1,84,16.4,0.00,995.0,13.8,9.0
2025-11-22T11:00,20.0,80,16.5,0.00,995.5,17.7,148.0
2025-11-22T12:00,21.6,78,17.7,0.00,995.8,14.3,404.0
2025-11-22T13:00,23.1,75,18.5,0.00,995.9,14.1,646.0
2025-11-22T14:00,24.2,69,18.3,0.00,996.1,14.9,790.0
2025-11-22T15:00,25.1,65,18.1,0.00,996.0,15.5,869.0
2025-11-22T16:00,25.8,62,17.9,0.00,995.5,15.8,898.0
2025-11-22T17:00,26.2,59,17.5,0.00,994.7,15.5,894.0
2025-11-22T18:00,26.5,54,16.5,0.00,994.3,16.2,791.0
2025-11-22T19:00,26.5,52,15.9,0.00,993.8,14.7,685.0
2025-11-22T20:00,26.0,53,15.6,0.00,993.6,14.8,493.0
2025-11-22T21:00,24.9,59,16.2,0.00,993.5,14.1,275.0
2025-11-22T22:00,22.9,64,15.7,0.00,993.7,14.9,53.0
2025-11-22T23:00,21.8,66,15.1,0.00,994.4,14.9,1.0
2025-11-23T00:00,21.0,69,15.1,0.00,994.7,16.9,0.0
2025-11-23T01:00,20.9,64,13.8,0.00,995.3,18.5,0.0
2025-11-23T02:00,20.4,63,13.2,0.00,995.3,18.7,0.0
2025-11-23T03:00,19.9,66,13.2,0.00,995.2,17.1,0.0
2025-11-23T04:00,19.5,67,13.2,0.00,994.7,16.2,0.0
2025-11-23T05:00,18.5,72,13.4,0.00,994.2,14.2,0.0
2025-11-23T06:00,17.6,76,13.2,0.00,993.9,14.9,0.0
2025-11-23T07:00,16.9,79,13.1,0.00,994.1,16.8,0.0
2025-11-23T08:00,16.4,81,13.1,0.00,994.4,15.8,0.0
2025-11-23T09:00,16.2,82,13.1,0.00,994.7,15.8,0.0
2025-11-23T10:00,17.1,84,14.4,0.00,995.3,17.1,31.0
2025-11-23T11:00,19.0,81,15.7,0.00,995.6,16.8,148.0
2025-11-23T12:00,21.0,77,16.8,0.00,995.6,17.6,345.0
2025-11-23T13:00,22.4,74,17.4,0.00,995.8,15.8,428.0
2025-11-23T14:00,23.9,70,18.1,0.00,995.6,15.4,760.0
2025-11-23T15:00,25.1,66,18.5,0.00,995.1,15.8,930.0
2025-11-23T16:00,26.0,63,18.4,0.00,994.7,16.5,963.0
2025-11-23T17:00,26.6,60,18.2,0.00,994.1,17.3,906.0
2025-11-23T18:00,26.8,54,16.6,0.00,993.5,18.2,797.0
2025-11-23T19:00,26.5,55,16.6,0.00,992.7,17.9,624.0
2025-11-23T20:00,26.0,55,16.2,0.00,992.1,17.6,472.0
2025-11-23T21:00,25.0,59,16.4,0.00,991.9,13.3,270.0
2025-11-23T22:00,23.0,65,16.0,0.00,992.0,10.9,87.0
2025-11-23T23:00,21.5,67,15.1,0.00,992.6,12.2,2.0
2025-11-24T00:00,21.0,66,14.2,0.00,992.4,13.8,0.0
2025-11-24T01:00,20.2,67,13.9,0.00,993.0,14.2,0.0
2025-11-24T02:00,19.9,68,13.9,0.00,993.2,16.0,0.0
2025-11-24T03:00,19.1,75,14.6,0.00,992.8,12.8,0.0
2025-11-24T04:00,18.7,79,14.9,0.00,992.3,14.1,0.0
2025-11-24T05:00,18.3,82,15.1,0.00,992.0,14.0,0.0
2025-11-24T06:00,17.8,85,15.2,0.00,991.6,12.9,0.0
2025-11-24T07:00,17.1,89,15.2,0.00,991.8,12.3,0.0
2025-11-24T08:00,16.8,91,15.2,0.00,992.0,11.3,0.0
2025-11-24T09:00,16.5,92,15.2,0.00,992.4,11.7,0.0
2025-11-24T10:00,17.8,91,16.2,0.00,993.3,12.7,67.0
2025-11-24T11:00,19.5,84,16.7,0.00,993.4,12.1,254.0
2025-11-24T12:00,21.5,78,17.5,0.00,993.6,9.8,470.0
2025-11-24T13:00,23.2,73,18.2,0.00,993.6,8.9,665.0
2025-11-24T14:00,24.6,69,18.6,0.00,993.5,9.6,827.0
2025-11-24T15:00,25.9,64,18.5,0.00,993.4,8.1,930.0
2025-11-24T16:00,26.6,59,17.9,0.00,993.0,5.4,799.0
2025-11-24T17:00,27.1,54,17.1,0.00,992.2,3.8,768.0
2025-11-24T18:00,27.8,51,16.8,0.00,991.5,4.9,758.0
2025-11-24T19:00,27.9,51,17.0,0.00,990.5,5.4,668.0
2025-11-24T20:00,27.6,53,17.0,0.00,990.1,5.8,486.0
2025-11-24T21:00,26.8,59,18.2,0.00,989.9,5.8,254.0
2025-11-24T22:00,24.5,75,19.9,0.00,990.1,4.4,75.0
2025-11-24T23:00,22.4,79,18.6,0.00,990.5,6.1,2.0
2025-11-25T00:00,21.6,73,16.5,0.00,990.9,8.7,0.0
2025-11-25T01:00,21.4,66,14.9,0.00,991.3,7.7,0.0
2025-11-25T02:00,21.0,66,14.4,0.00,991.6,5.9,0.0
2025-11-25T03:00,20.2,66,13.8,0.00,991.1,5.0,0.0
2025-11-25T04:00,19.4,72,14.2,0.00,990.7,6.4,0.0
2025-11-25T05:00,19.4,75,14.8,0.00,990.5,8.6,0.0
2025-11-25T06:00,19.2,75,14.8,0.00,991.0,9.3,0.0
2025-11-25T07:00,19.0,75,14.5,0.00,991.3,9.0,0.0
2025-11-25T08:00,18.8,75,14.3,0.00,991.8,9.0,0.0
2025-11-25T09:00,18.4,77,14.2,0.00,992.0,7.8,0.0
2025-11-25T10:00,20.1,76,15.8,0.00,992.8,8.7,65.0
2025-11-25T11:00,22.8,73,17.7,0.00,993.3,5.5,253.0
2025-11-25T12:00,24.7,67,18.1,0.00,993.7,6.3,471.0
2025-11-25T13:00,26.2,61,18.1,0.00,993.7,8.1,670.0
2025-11-25T14:00,27.6,57,18.4,0.00,993.6,7.8,832.0
2025-11-25T15:00,28.9,51,17.6,0.00,993.3,8.0,937.0
2025-11-25T16:00,29.6,47,17.0,0.00,992.7,8.6,976.0
2025-11-25T17:00,30.0,44,16.4,0.00,992.4,7.1,945.0
2025-11-25T18:00,30.4,43,16.5,0.00,991.9,5.6,851.0
2025-11-25T19:00,30.5,43,16.5,0.00,991.3,3.1,692.0
2025-11-25T20:00,30.4,43,16.5,0.00,990.9,0.5,496.0
2025-11-25T21:00,29.6,52,18.9,0.00,990.6,2.9,256.0
2025-11-25T22:00,26.6,76,22.0,0.00,990.6,1.8,77.0
2025-11-25T23:00,24.6,79,20.8,0.00,990.8,2.2,2.0
2025-11-26T00:00,23.4,75,18.8,0.00,991.5,9.6,0.0
2025-11-26T01:00,23.6,65,16.6,0.00,992.0,7.7,0.0
2025-11-26T02:00,23.0,65,16.1,0.00,992.2,8.7,0.0
2025-11-26T03:00,22.0,71,16.5,0.00,992.1,6.5,0.0
2025-11-26T04:00,21.1,75,16.5,0.00,992.0,5.5,0.0
2025-11-26T05:00,20.4,81,17.0,0.00,991.6,6.2,0.0
2025-11-26T06:00,20.5,78,16.6,0.00,990.9,6.2,0.0
2025-11-26T07:00,19.8,82,16.5,0.00,991.1,7.0,0.0
2025-11-26T08:00,19.2,84,16.5,0.00,991.6,7.5,0.0
2025-11-26T09:00,19.1,87,16.9,0.00,992.3,9.3,0.0
2025-11-26T10:00,20.7,83,17.6,0.00,993.2,10.8,69.0
2025-11-26T11:00,23.4,77,19.1,0.00,993.7,9.6,257.0
2025-11-26T12:00,26.5,67,20.0,0.00,993.8,8.8,474.0
2025-11-26T13:00,28.5,59,19.7,0.00,993.9,9.2,674.0
2025-11-26T14:00,30.0,47,17.4,0.00,993.6,10.2,833.0
2025-11-26T15:00,30.8,41,16.0,0.00,992.8,10.2,937.0
2025-11-26T16:00,31.3,38,15.4,0.00,992.4,9.8,976.0
2025-11-26T17:00,31.6,36,14.7,0.00,991.7,9.7,947.0
2025-11-26T18:00,32.0,35,14.7,0.00,990.9,10.2,854.0
2025-11-26T19:00,31.8,36,14.9,0.00,990.2,10.6,702.0
2025-11-26T20:00,31.1,40,15.9,0.00,989.5,9.2,508.0
2025-11-26T21:00,30.1,51,19.0,0.00,989.1,5.7,292.0
2025-11-26T22:00,27.6,59,19.0,0.00,988.8,5.7,93.0
2025-11-26T23:00,26.4,55,16.6,0.00,989.1,5.0,2.0
2025-11-27T00:00,25.5,53,15.2,0.00,989.4,11.2,0.0
2025-11-27T01:00,24.6,58,15.9,0.00,990.3,10.0,0.0
2025-11-27T02:00,23.6,61,15.6,0.00,990.1,8.2,0.0
2025-11-27T03:00,22.9,65,15.9,0.00,990.2,9.1,0.0
2025-11-27T04:00,22.6,67,16.2,0.00,989.9,10.5,0.0
2025-11-27T05:00,22.0,70,16.2,0.00,989.2,10.6,0.0
2025-11-27T06:00,21.2,74,16.3,0.00,989.0,9.2,0.0
2025-11-27T07:00,20.5,76,16.0,0.00,989.0,7.8,0.0
2025-11-27T08:00,20.4,75,15.8,0.00,989.3,10.3,0.0
2025-11-27T09:00,20.1,75,15.6,0.00,990.0,11.0,0.0
2025-11-27T10:00,21.4,74,16.5,0.00,991.0,12.2,68.0
2025-11-27T11:00,23.6,72,18.2,0.00,991.7,11.5,254.0
2025-11-27T12:00,26.4,62,18.5,0.00,991.8,12.7,469.0
2025-11-27T13:00,28.5,56,18.9,0.00,991.8,14.9,668.0
2025-11-27T14:00,30.1,50,18.5,0.00,991.5,17.3,826.0
2025-11-27T15:00,31.5,46,18.4,0.00,991.3,17.1,930.0
2025-11-27T16:00,32.7,41,17.8,0.00,991.0,17.2,965.0
2025-11-27T17:00,33.2,39,17.2,0.00,990.2,16.6,933.0
2025-11-27T18:00,34.0,36,17.0,0.00,989.8,14.6,839.0
2025-11-27T19:00,33.2,39,17.5,0.00,989.0,11.8,508.0
2025-11-27T20:00,32.7,46,19.5,0.00,988.3,9.2,351.0
2025-11-27T21:00,31.4,57,21.9,0.00,987.9,5.8,236.0
2025-11-27T22:00,29.5,67,22.8,0.00,988.2,3.7,81.0
2025-11-27T23:00,27.2,63,19.5,0.00,988.4,7.7,2.0
2025-11-28T00:00,27.5,51,16.5,0.00,989.1,10.5,0.0
2025-11-28T01:00,27.0,52,16.5,0.00,989.6,12.2,0.0
2025-11-28T02:00,26.0,62,18.1,0.00,990.2,13.4,0.0
2025-11-28T03:00,25.5,64,18.2,0.00,989.9,14.3,0.0
2025-11-28T04:00,24.9,66,18.1,0.00,989.6,14.1,0.0
2025-11-28T05:00,24.2,70,18.3,0.00,989.4,12.7,0.0
2025-11-28T06:00,24.3,73,19.0,0.00,989.2,11.8,0.0
2025-11-28T07:00,23.6,76,19.1,0.00,989.5,11.1,0.0
2025-11-28T08:00,23.3,77,19.1,0.00,989.9,11.3,0.0
2025-11-28T09:00,23.1,78,19.1,0.00,990.4,12.2,0.0
2025-11-28T10:00,23.9,78,19.8,0.00,991.5,12.4,13.0
2025-11-28T11:00,24.5,76,20.0,0.00,991.7,13.8,5.0
2025-11-28T12:00,28.5,64,21.1,0.00,993.1,10.4,54.0
2025-11-28T13:00,27.5,70,21.6,0.00,992.8,10.3,4.0
2025-11-28T14:00,27.8,70,21.8,0.00,993.2,8.4,4.0
2025-11-28T15:00,25.2,76,20.7,0.00,993.3,10.3,19.0
2025-11-28T16:00,29.0,64,21.5,0.00,993.2,7.3,482.0
2025-11-28T17:00,29.8,61,21.5,0.00,992.5,3.7,214.0
2025-11-28T18:00,30.6,58,21.5,0.00,991.2,6.3,103.0
2025-11-28T19:00,30.1,61,21.9,0.00,990.0,6.6,46.0
2025-11-28T20:00,29.8,63,22.0,0.00,990.0,7.9,47.0
2025-11-28T21:00,29.3,68,22.9,0.00,990.0,5.9,49.0
2025-11-28T22:00,28.0,73,22.5,0.00,989.2,9.8,10.0
2025-11-28T23:00,26.9,74,21.9,0.00,989.1,11.6,0.0
2025-11-29T00:00,25.8,81,22.1,0.00,989.6,6.5,0.0
2025-11-29T01:00,25.3,81,21.9,0.00,989.8,2.6,0.0
2025-11-29T02:00,25.0,81,21.6,0.00,989.8,1.3,0.0
2025-11-29T03:00,24.5,83,21.5,0.00,989.6,2.8,0.0
2025-11-29T04:00,24.1,85,21.4,0.00,989.6,3.4,0.0
2025-11-29T05:00,23.6,86,21.1,0.00,989.1,2.0,0.0
2025-11-29T06:00,23.5,85,20.8,0.00,989.3,0.9,0.0
2025-11-29T07:00,23.7,82,20.5,0.00,989.2,0.7,0.0
2025-11-29T08:00,23.4,83,20.4,0.00,989.4,3.3,0.0
2025-11-29T09:00,22.6,87,20.4,0.00,989.5,5.3,0.0
2025-11-29T10:00,24.3,85,21.6,0.00,989.8,9.5,63.0
2025-11-29T11:00,26.6,81,23.1,0.00,990.0,8.2,240.0
2025-11-29T12:00,28.5,73,23.1,0.00,990.6,9.4,443.0
2025-11-29T13:00,30.3,65,23.0,0.00,990.4,12.2,642.0
2025-11-29T14:00,31.8,58,22.5,0.00,990.2,13.8,799.0
2025-11-29T15:00,33.0,53,22.0,0.00,989.7,12.4,865.0
2025-11-29T16:00,33.8,48,21.2,0.00,989.3,10.6,850.0
2025-11-29T17:00,34.3,45,20.6,0.00,988.6,10.5,768.0
2025-11-29T18:00,34.9,44,20.9,0.00,987.6,11.7,663.0
2025-11-29T19:00,33.2,47,20.4,0.00,987.4,16.1,557.0
2025-11-29T20:00,33.2,48,20.8,0.00,987.0,11.2,326.0
2025-11-29T21:00,31.8,57,22.3,0.00,987.1,8.3,211.0
2025-11-29T22:00,29.7,61,21.5,0.00,987.0,8.9,79.0
2025-11-29T23:00,28.6,64,21.0,0.00,987.2,11.3,2.0
2025-11-30T00:00,28.5,60,20.1,0.00,987.1,5.5,0.0
2025-11-30T01:00,28.3,58,19.4,0.00,987.8,7.1,0.0
2025-11-30T02:00,27.9,59,19.0,0.00,987.6,10.0,0.0
2025-11-30T03:00,26.7,64,19.4,0.00,987.9,7.6,0.0
2025-11-30T04:00,26.0,68,19.7,0.00,987.5,8.0,0.0
2025-11-30T05:00,25.4,70,19.5,0.00,987.1,7.0,0.0
2025-11-30T06:00,25.4,72,19.9,0.00,986.1,9.4,0.0
2025-11-30T07:00,25.0,72,19.6,0.00,986.3,8.9,0.0
2025-11-30T08:00,24.3,76,19.8,0.00,987.1,8.0,0.0
2025-11-30T09:00,24.1,78,20.0,0.00,987.4,9.9,0.0
2025-11-30T10:00,25.3,78,21.1,0.00,987.8,11.1,23.0
2025-11-30T11:00,26.9,78,22.8,0.00,988.5,9.5,38.0
2025-11-30T12:00,29.5,68,23.0,0.00,988.5,11.7,163.0
2025-11-30T13:00,31.1,62,23.1,0.00,988.1,12.5,345.0
2025-11-30T14:00,33.0,55,22.7,0.00,988.1,12.5,489.0
2025-11-30T15:00,32.0,55,21.8,1.60,988.3,15.9,432.0
2025-11-30T16:00,31.4,57,21.8,0.00,987.9,20.6,160.0
2025-11-30T17:00,28.5,69,22.3,0.00,987.5,9.8,18.0
2025-11-30T18:00,25.5,81,22.0,4.50,988.3,7.2,24.0
2025-11-30T19:00,24.8,90,23.0,1.30,987.8,10.7,9.0
2025-11-30T20:00,24.1,97,23.6,1.30,987.4,8.2,0.0
2025-11-30T21:00,24.0,96,23.5,0.60,986.8,11.5,0.0
2025-11-30T22:00,23.9,97,23.4,0.00,986.2,10.1,4.0
2025-11-30T23:00,23.4,97,23.0,0.00,986.1,8.8,0.0
2025-12-01T00:00,21.8,96,21.0,0.00,987.1,13.2,0.0
2025-12-01T01:00,21.6,95,20.8,0.00,987.7,8.8,0.0
2025-12-01T02:00,21.5,96,20.9,0.00,988.2,7.9,0.0
2025-12-01T03:00,21.3,97,20.8,0.00,987.8,9.1,0.0
2025-12-01T04:00,21.2,97,20.7,0.00,986.8,9.8,0.0
2025-12-01T05:00,21.0,98,20.6,0.00,986.8,7.2,0.0
2025-12-01T06:00,20.6,97,20.1,0.00,986.2,9.6,0.0
2025-12-01T07:00,20.6,97,20.0,0.00,986.3,11.4,0.0
2025-12-01T08:00,20.6,97,20.0,0.00,986.6,8.9,0.0
2025-12-01T09:00,20.6,97,20.0,0.00,987.6,5.6,0.0
2025-12-01T10:00,22.1,94,21.1,0.00,988.5,4.1,25.0
2025-12-01T11:00,23.9,90,22.1,0.00,989.4,2.9,108.0
2025-12-01T12:00,24.3,92,22.9,0.00,989.9,9.5,144.0
2025-12-01T13:00,24.6,89,22.8,0.00,990.1,8.3,7.0
2025-12-01T14:00,25.2,85,22.5,0.00,990.2,10.3,21.0
2025-12-01T15:00,24.5,88,22.4,1.70,991.5,17.5,7.0
2025-12-01T16:00,24.1,88,22.0,0.80,989.8,6.1,8.0
2025-12-01T17:00,24.9,85,22.2,0.50,988.8,11.2,40.0
2025-12-01T18:00,25.1,82,21.8,0.10,989.6,13.6,37.0
2025-12-01T19:00,24.8,81,21.2,0.10,989.4,13.5,34.0
2025-12-01T20:00,24.4,83,21.2,0.30,988.1,6.5,3.0
2025-12-01T21:00,23.4,94,22.5,0.80,987.2,2.0,0.0
2025-12-01T22:00,23.0,97,22.5,1.10,986.8,1.9,0.0
2025-12-01T23:00,22.8,95,22.0,0.10,987.3,0.4,1.0
2025-12-02T00:00,23.5,92,22.1,0.00,987.6,0.6,0.0
2025-12-02T01:00,22.9,91,21.3,0.00,988.3,1.3,0.0
2025-12-02T02:00,22.4,94,21.5,0.00,989.4,4.6,0.0
2025-12-02T03:00,22.0,95,21.1,0.00,989.3,6.2,0.0
2025-12-02T04:00,21.9,96,21.1,0.00,988.8,8.9,0.0
2025-12-02T05:00,21.4,96,20.8,0.50,988.9,12.5,0.0
2025-12-02T06:00,21.2,97,20.8,0.40,988.9,11.6,0.0
2025-12-02T07:00,21.0,98,20.6,0.30,988.8,3.5,0.0
2025-12-02T08:00,20.8,98,20.5,0.00,988.7,6.5,0.0
2025-12-02T09:00,20.7,98,20.4,0.00,989.2,6.2,0.0
2025-12-02T10:00,22.1,96,21.5,0.00,989.7,7.1,61.0
2025-12-02T11:00,24.0,91,22.5,0.00,990.1,6.4,240.0
2025-12-02T12:00,25.6,85,22.9,0.00,990.7,8.0,449.0
2025-12-02T13:00,27.2,74,22.2,0.00,991.2,7.6,592.0
2025-12-02T14:00,28.1,72,22.7,0.00,991.3,8.6,616.0
2025-12-02T15:00,28.9,70,22.8,0.00,991.1,9.2,775.0
2025-12-02T16:00,29.5,67,22.6,0.00,990.7,8.3,750.0
2025-12-02T17:00,29.5,65,22.2,0.20,990.1,9.0,690.0
2025-12-02T18:00,30.0,61,21.5,0.10,989.9,10.1,689.0
2025-12-02T19:00,30.0,58,21.0,0.00,989.0,10.3,635.0
2025-12-02T20:00,29.9,54,19.6,0.00,988.4,11.0,461.0
2025-12-02T21:00,29.0,60,20.6,0.00,988.1,9.5,244.0
2025-12-02T22:00,27.1,67,20.4,0.00,988.4,10.4,98.0
2025-12-02T23:00,25.8,64,18.4,0.00,989.0,13.1,4.0
2025-12-03T00:00,25.4,64,18.1,0.00,989.6,12.6,0.0
2025-12-03T01:00,24.9,66,18.0,0.00,990.7,15.2,0.0
2025-12-03T02:00,24.5,66,17.6,0.00,991.3,16.1,0.0
2025-12-03T03:00,23.6,66,17.0,0.00,991.0,15.6,0.0
2025-12-03T04:00,22.4,68,16.2,0.00,990.5,13.1,0.0
2025-12-03T05:00,21.5,70,15.9,0.00,990.6,12.8,0.0
2025-12-03T06:00,21.1,72,15.9,0.00,990.8,11.4,0.0
2025-12-03T07:00,20.5,73,15.6,0.00,990.8,11.7,0.0
2025-12-03T08:00,19.9,75,15.4,0.00,991.1,13.6,0.0
2025-12-03T09:00,19.4,79,15.6,0.00,991.6,13.0,0.0
2025-12-03T10:00,20.5,78,16.6,0.00,992.6,13.7,67.0
2025-12-03T11:00,22.4,74,17.5,0.00,993.4,14.0,237.0
2025-12-03T12:00,24.4,67,17.8,0.00,993.9,13.7,456.0
2025-12-03T13:00,25.8,60,17.4,0.00,994.1,14.2,604.0
2025-12-03T14:00,27.0,52,16.4,0.00,994.2,14.0,825.0
2025-12-03T15:00,27.9,49,16.2,0.00,994.0,13.1,930.0
2025-12-03T16:00,28.4,48,16.4,0.00,993.7,12.7,971.0
2025-12-03T17:00,28.8,45,15.8,0.00,993.1,13.2,945.0
2025-12-03T18:00,29.2,44,15.7,0.00,992.5,13.7,857.0
2025-12-03T19:00,29.3,45,16.0,0.00,991.7,12.7,711.0
2025-12-03T20:00,29.0,45,16.0,0.00,991.1,13.7,518.0
2025-12-03T21:00,27.8,54,17.6,0.00,991.0,11.4,305.0
2025-12-03T22:00,25.8,62,17.8,0.00,991.3,10.2,103.0
2025-12-03T23:00,24.5,60,16.0,0.00,991.5,14.7,4.0
2025-12-04T00:00,23.6,58,14.8,0.00,991.9,14.6,0.0
2025-12-04T01:00,23.0,62,15.3,0.00,992.6,14.3,0.0
2025-12-04T02:00,22.2,66,15.6,0.00,993.0,13.1,0.0
2025-12-04T03:00,21.6,68,15.4,0.00,992.7,12.3,0.0
2025-12-04T04:00,21.2,69,15.2,0.00,992.3,11.6,0.0
2025-12-04T05:00,20.5,73,15.4,0.00,992.1,10.2,0.0
2025-12-04T06:00,19.9,76,15.5,0.00,991.4,10.1,0.0
2025-12-04T07:00,19.2,79,15.5,0.00,991.4,10.4,0.0
2025-12-04T08:00,19.0,78,15.1,0.00,991.9,10.8,0.0
2025-12-04T09:00,18.8,77,14.8,0.00,992.3,11.3,0.0
2025-12-04T10:00,20.2,73,15.3,0.00,992.8,13.6,70.0
2025-12-04T11:00,22.2,69,16.3,0.00,993.5,12.5,261.0
2025-12-04T12:00,24.6,61,16.7,0.00,993.3,12.0,480.0
2025-12-04T13:00,26.4,53,16.0,0.00,993.3,12.3,684.0
2025-12-04T14:00,27.6,44,14.1,0.00,993.3,11.8,846.0
2025-12-04T15:00,28.4,42,14.1,0.00,992.8,9.5,953.0
2025-12-04T16:00,29.0,40,13.9,0.00,992.2,8.3,994.0
2025-12-04T17:00,29.3,38,13.7,0.00,991.7,7.9,966.0
2025-12-04T18:00,29.6,37,13.6,0.00,990.9,8.7,874.0
2025-12-04T19:00,29.5,39,14.0,0.00,990.2,10.4,728.0
2025-12-04T20:00,28.8,39,13.5,0.00,989.8,13.0,534.0
2025-12-04T21:00,27.5,48,15.4,0.00,989.2,11.1,318.0
2025-12-04T22:00,25.2,57,16.1,0.00,988.9,7.9,112.0
2025-12-04T23:00,23.5,60,15.4,0.00,988.9,7.6,5.0
2025-12-05T00:00,23.1,56,13.8,0.00,989.2,9.2,0.0
2025-12-05T01:00,23.2,55,13.6,0.00,989.9,10.4,0.0
2025-12-05T02:00,22.8,55,13.1,0.00,990.4,10.3,0.0
2025-12-05T03:00,22.0,57,13.1,0.00,990.3,9.2,0.0
2025-12-05T04:00,21.8,60,13.6,0.00,989.9,9.7,0.0
2025-12-05T05:00,21.1,66,14.4,0.00,989.5,8.6,0.0
2025-12-05T06:00,20.9,65,14.0,0.00,989.3,9.5,0.0
2025-12-05T07:00,20.4,68,14.2,0.00,989.4,11.1,0.0
2025-12-05T08:00,19.8,73,14.8,0.00,989.5,10.1,0.0
2025-12-05T09:00,19.2,77,15.1,0.00,989.6,9.0,0.0
2025-12-05T10:00,20.9,74,16.1,0.00,990.4,10.2,70.0
2025-12-05T11:00,23.2,70,17.5,0.00,990.9,9.5,258.0
2025-12-05T12:00,25.8,61,17.7,0.00,991.2,9.1,475.0
2025-12-05T13:00,27.8,55,17.9,0.00,991.2,8.6,675.0
2025-12-05T14:00,29.8,50,18.1,0.00,991.2,10.2,837.0
2025-12-05T15:00,31.1,41,16.4,0.00,991.0,13.5,943.0
2025-12-05T16:00,31.6,38,15.8,0.00,990.7,13.0,985.0
2025-12-05T17:00,32.0,38,15.8,0.00,990.2,11.8,954.0
2025-12-05T18:00,32.3,37,15.9,0.00,989.8,10.8,856.0
2025-12-05T19:00,32.2,37,15.5,0.00,989.1,9.2,714.0
2025-12-05T20:00,31.8,37,15.5,0.00,988.5,7.7,524.0
2025-12-05T21:00,30.8,49,18.9,0.00,988.0,4.5,295.0
2025-12-05T22:00,28.8,61,20.4,0.00,987.8,3.4,72.0
2025-12-05T23:00,26.8,59,18.1,0.00,988.4,0.6,2.0
2025-12-06T00:00,27.0,50,15.5,0.00,989.1,2.3,0.0
2025-12-06T01:00,25.2,57,16.1,0.00,989.2,6.2,0.0
2025-12-06T02:00,25.5,55,15.9,0.00,989.4,4.6,0.0
2025-12-06T03:00,25.5,55,15.8,0.00,989.4,5.3,0.0
2025-12-06T04:00,25.2,56,15.9,0.00,989.0,5.2,0.0
2025-12-06T05:00,24.5,59,16.0,0.00,989.0,5.4,0.0
2025-12-06T06:00,23.8,62,16.2,0.00,988.9,5.0,0.0
2025-12-06T07:00,23.1,65,16.1,0.00,989.0,6.0,0.0
2025-12-06T08:00,22.2,70,16.5,0.00,989.3,7.0,0.0
2025-12-06T09:00,22.1,72,16.9,0.00,989.7,7.3,0.0
2025-12-06T10:00,23.5,71,17.9,0.00,990.5,9.4,18.0
2025-12-06T11:00,26.2,70,20.4,0.00,991.2,9.8,233.0
2025-12-06T12:00,28.5,62,20.6,0.00,991.8,8.2,437.0
2025-12-06T13:00,30.7,54,20.3,0.00,992.0,8.2,605.0
2025-12-06T14:00,32.2,49,20.0,0.00,992.0,10.7,777.0
2025-12-06T15:00,33.4,43,19.1,0.00,991.7,10.1,808.0
2025-12-06T16:00,34.0,38,17.5,0.00,991.3,8.8,728.0
2025-12-06T17:00,34.1,38,17.9,0.00,990.8,7.4,757.0
2025-12-06T18:00,34.5,37,17.5,0.00,990.1,5.9,627.0
2025-12-06T19:00,34.1,38,17.8,0.00,989.4,6.7,504.0
2025-12-06T20:00,34.0,39,17.9,0.00,988.6,6.0,505.0
2025-12-06T21:00,32.7,47,19.9,0.00,988.2,8.0,296.0
2025-12-06T22:00,30.1,57,20.5,0.00,988.6,7.0,105.0
2025-12-06T23:00,28.5,58,19.4,0.00,989.2,8.9,5.0
2025-12-07T00:00,28.3,48,16.3,0.00,989.4,10.9,0.0
2025-12-07T01:00,28.3,47,15.8,0.00,990.0,10.7,0.0
2025-12-07T02:00,28.0,48,15.9,0.00,990.6,10.4,0.0
2025-12-07T03:00,27.1,53,16.6,0.00,990.3,11.0,0.0
2025-12-07T04:00,27.1,55,17.4,0.00,990.0,10.9,0.0
2025-12-07T05:00,26.2,60,17.9,0.00,989.6,8.1,0.0
2025-12-07T06:00,25.2,66,18.5,0.00,989.5,7.8,0.0
2025-12-07T07:00,24.4,70,18.5,0.00,989.7,7.8,0.0
2025-12-07T08:00,24.1,71,18.6,0.00,989.9,8.2,0.0
2025-12-07T09:00,23.5,76,19.0,0.00,990.2,6.4,0.0
2025-12-07T10:00,25.4,72,20.0,0.00,991.0,8.1,63.0
2025-12-07T11:00,27.8,71,22.0,0.00,991.5,7.2,240.0
2025-12-07T12:00,31.0,58,21.6,0.00,991.8,6.3,449.0
2025-12-07T13:00,32.9,50,21.0,0.00,991.7,6.4,648.0
2025-12-07T14:00,34.3,42,19.7,0.00,991.7,8.6,804.0
2025-12-07T15:00,34.3,41,19.1,0.20,991.5,9.3,849.0
2025-12-07T16:00,34.5,39,18.4,0.00,990.6,11.4,735.0
2025-12-07T17:00,34.7,38,18.0,0.00,990.0,10.6,771.0
2025-12-07T18:00,34.9,35,17.3,0.00,988.8,3.7,771.0
2025-12-07T19:00,34.6,39,18.5,0.00,987.9,11.1,497.0
2025-12-07T20:00,33.5,42,18.8,0.00,987.7,10.2,420.0
2025-12-07T21:00,32.5,50,20.6,0.00,987.6,4.7,201.0
2025-12-07T22:00,30.5,69,24.1,0.00,987.7,2.6,90.0
2025-12-07T23:00,28.4,68,21.9,0.00,988.2,5.6,4.0
2025-12-08T00:00,28.3,71,22.5,0.00,988.9,8.2,0.0
2025-12-08T01:00,27.2,74,22.2,0.00,989.7,8.6,0.0
2025-12-08T02:00,26.6,75,21.8,0.00,990.2,5.9,0.0
2025-12-08T03:00,26.4,72,21.0,0.00,990.0,6.2,0.0
2025-12-08T04:00,25.1,75,20.5,0.00,989.4,17.2,0.0
2025-12-08T05:00,23.9,85,21.1,0.30,989.1,11.3,0.0
2025-12-08T06:00,21.8,99,21.6,0.10,990.2,12.3,0.0
2025-12-08T07:00,21.7,96,21.1,4.60,988.9,7.7,0.0
2025-12-08T08:00,22.1,97,21.6,2.70,988.9,8.4,0.0
2025-12-08T09:00,22.0,98,21.7,3.60,989.3,13.2,0.0
2025-12-08T10:00,22.0,95,21.0,0.60,988.7,15.5,0.0
2025-12-08T11:00,22.6,94,21.6,0.00,989.3,12.6,17.0
2025-12-08T12:00,22.3,93,21.0,0.00,989.8,11.6,113.0
2025-12-08T13:00,22.6,92,21.2,1.40,990.0,10.4,0.0
2025-12-08T14:00,22.6,97,22.1,1.40,989.8,9.6,0.0
2025-12-08T15:00,23.0,95,22.2,1.40,989.3,10.7,0.0
2025-12-08T16:00,23.1,91,21.6,2.20,988.3,11.5,0.0
2025-12-08T17:00,23.2,94,22.1,1.80,987.6,13.8,1.0
2025-12-08T18:00,22.4,96,21.6,3.10,987.7,8.1,0.0
2025-12-08T19:00,22.2,96,21.5,2.00,986.1,11.7,1.0
2025-12-08T20:00,22.7,92,21.4,0.80,985.6,14.5,17.0
2025-12-08T21:00,22.1,97,21.6,1.00,985.0,9.0,0.0
2025-12-08T22:00,22.1,96,21.4,0.40,985.0,11.2,3.0
2025-12-08T23:00,22.1,96,21.5,0.30,985.4,11.8,0.0
2025-12-09T00:00,21.8,98,21.5,0.60,985.3,2.5,0.0
2025-12-09T01:00,21.6,99,21.5,0.00,985.9,3.8,0.0
2025-12-09T02:00,21.5,99,21.4,0.10,985.6,4.5,0.0
2025-12-09T03:00,21.3,99,21.2,0.10,985.4,12.7,0.0
2025-12-09T04:00,20.8,97,20.2,0.10,984.1,17.9,0.0
2025-12-09T05:00,20.3,97,19.8,0.20,983.2,18.7,0.0
2025-12-09T06:00,19.8,98,19.4,0.10,983.3,17.4,0.0
2025-12-09T07:00,19.3,97,18.9,0.10,983.1,18.4,0.0
2025-12-09T08:00,19.1,96,18.5,0.00,983.1,17.3,0.0
2025-12-09T09:00,18.8,96,18.1,0.00,983.1,18.0,0.0
2025-12-09T10:00,19.0,94,18.0,0.00,983.4,19.0,14.0
2025-12-09T11:00,19.3,91,17.8,0.00,983.5,20.3,6.0
2025-12-09T12:00,19.6,90,18.0,0.00,983.1,25.0,2.0
2025-12-09T13:00,21.9,81,18.5,0.20,983.4,24.7,153.0
2025-12-09T14:00,21.8,81,18.4,0.00,983.2,24.2,27.0
2025-12-09T15:00,21.5,83,18.5,0.20,982.8,23.7,51.0
2025-12-09T16:00,22.1,81,18.7,0.10,982.3,21.8,18.0
2025-12-09T17:00,22.4,86,19.9,0.40,982.1,20.5,13.0
2025-12-09T18:00,24.8,74,19.9,0.00,980.7,27.6,228.0
2025-12-09T19:00,25.0,75,20.4,0.90,980.3,28.7,440.0
2025-12-09T20:00,24.3,77,20.0,0.10,980.0,25.1,65.0
2025-12-09T21:00,24.5,77,20.1,0.20,979.8,22.0,207.0
2025-12-09T22:00,23.1,82,19.9,0.10,980.3,19.2,37.0
2025-12-09T23:00,22.2,85,19.5,0.20,980.7,19.2,4.0
2025-12-10T00:00,22.0,90,20.1,0.00,981.1,16.9,0.0
2025-12-10T01:00,21.8,89,19.9,0.00,981.7,18.4,0.0
2025-12-10T02:00,21.4,89,19.5,0.00,981.6,17.7,0.0
2025-12-10T03:00,21.0,89,19.1,0.00,981.8,18.2,0.0
2025-12-10T04:00,21.0,88,18.9,0.00,981.9,19.4,0.0
2025-12-10T05:00,20.8,88,18.8,0.00,982.1,19.4,0.0
2025-12-10T06:00,20.7,88,18.6,0.00,982.2,23.1,0.0
2025-12-10T07:00,20.0,88,18.0,0.00,982.8,24.3,0.0
2025-12-10T08:00,19.6,88,17.6,0.00,983.6,23.5,0.0
2025-12-10T09:00,19.3,88,17.2,0.00,984.2,22.5,0.0
2025-12-10T10:00,19.4,88,17.2,0.00,985.3,22.5,8.0
2025-12-10T11:00,20.1,83,17.2,0.00,985.9,26.6,63.0
2025-12-10T12:00,21.4,75,16.8,0.00,986.7,27.3,315.0
2025-12-10T13:00,21.9,73,16.9,0.10,987.7,26.6,157.0
2025-12-10T14:00,23.2,68,16.9,0.10,988.2,26.4,522.0
2025-12-10T15:00,24.2,62,16.6,0.00,988.3,25.7,597.0
2025-12-10T16:00,24.5,61,16.5,0.00,988.1,24.5,246.0
2025-12-10T17:00,25.6,56,16.1,0.00,987.8,24.0,701.0
2025-12-10T18:00,26.7,50,15.4,0.00,987.1,24.2,241.0
2025-12-10T19:00,26.8,50,15.6,0.00,986.9,23.0,549.0
2025-12-10T20:00,26.5,54,16.5,0.00,986.3,16.4,331.0
2025-12-10T21:00,26.1,59,17.5,0.00,986.1,11.7,318.0
2025-12-10T22:00,24.1,69,18.1,0.00,986.1,7.3,116.0
2025-12-10T23:00,22.0,75,17.4,0.00,986.6,7.1,7.0
2025-12-11T00:00,21.8,68,15.6,0.00,987.2,9.1,0.0
2025-12-11T01:00,21.1,71,15.6,0.00,987.3,7.7,0.0
2025-12-11T02:00,20.7,72,15.4,0.00,987.5,7.4,0.0
2025-12-11T03:00,20.2,74,15.4,0.00,987.0,6.8,0.0
2025-12-11T04:00,19.6,76,15.3,0.00,986.8,6.6,0.0
2025-12-11T05:00,19.0,78,15.1,0.00,986.1,5.5,0.0
2025-12-11T06:00,19.2,74,14.4,0.00,986.0,4.8,0.0
2025-12-11T07:00,19.1,72,13.9,0.00,986.3,3.4,0.0
2025-12-11T08:00,18.5,74,13.9,0.00,986.6,2.4,0.0
2025-12-11T09:00,17.8,78,13.9,0.00,987.2,2.6,0.0
2025-12-11T10:00,19.5,79,15.8,0.00,987.7,6.2,66.0
2025-12-11T11:00,22.4,77,18.1,0.00,988.6,6.1,251.0
2025-12-11T12:00,24.5,67,17.9,0.00,989.1,6.6,462.0
2025-12-11T13:00,26.0,60,17.7,0.00,989.4,7.4,603.0
2025-12-11T14:00,27.0,55,17.4,0.00,989.4,5.9,802.0
2025-12-11T15:00,27.9,53,17.2,0.00,988.8,5.9,925.0
2025-12-11T16:00,28.5,50,17.0,0.00,988.3,5.3,900.0
2025-12-11T17:00,29.0,48,16.8,0.00,987.5,4.4,879.0
2025-12-11T18:00,29.5,46,16.6,0.00,987.1,6.3,833.0
2025-12-11T19:00,29.5,46,16.7,0.00,986.1,7.3,712.0
2025-12-11T20:00,29.4,47,16.8,0.00,985.0,6.5,518.0
2025-12-11T21:00,28.7,55,18.9,0.00,984.4,4.4,324.0
2025-12-11T22:00,26.3,78,22.2,0.00,984.4,0.4,121.0
2025-12-11T23:00,23.7,84,20.9,0.00,985.0,2.2,7.0
2025-12-12T00:00,22.9,79,19.1,0.00,984.8,6.5,0.0
2025-12-12T01:00,23.2,74,18.2,0.00,985.8,7.4,0.0
2025-12-12T02:00,23.2,69,17.2,0.00,986.4,8.6,0.0
2025-12-12T03:00,22.5,71,17.0,0.00,985.7,8.5,0.0
2025-12-12T04:00,22.0,74,17.0,0.00,985.3,8.3,0.0
2025-12-12T05:00,21.7,74,16.8,0.00,984.6,9.0,0.0
2025-12-12T06:00,21.6,79,17.8,0.00,984.6,8.2,0.0
2025-12-12T07:00,21.9,79,18.1,0.00,984.5,10.2,0.0
2025-12-12T08:00,21.9,78,17.9,0.00,984.4,9.9,0.0
2025-12-12T09:00,21.8,78,17.8,0.00,984.3,9.2,0.0
2025-12-12T10:00,21.7,82,18.5,0.00,984.9,9.7,0.0
2025-12-12T11:00,22.2,82,19.0,0.00,986.1,10.4,0.0
2025-12-12T12:00,19.9,93,18.7,0.60,986.6,10.0,0.0
2025-12-12T13:00,19.9,95,19.1,0.70,986.6,13.5,0.0
2025-12-12T14:00,20.3,95,19.5,1.20,986.5,5.0,0.0
2025-12-12T15:00,20.6,93,19.4,0.60,986.6,8.7,1.0
2025-12-12T16:00,21.0,90,19.2,0.10,986.2,8.4,0.0
2025-12-12T17:00,22.1,81,18.8,0.00,986.4,6.3,95.0
2025-12-12T18:00,24.1,71,18.5,0.00,985.5,7.5,793.0
2025-12-12T19:00,24.4,68,18.1,0.00,985.0,16.7,683.0
2025-12-12T20:00,24.4,66,17.6,0.00,985.0,14.3,532.0
2025-12-12T21:00,24.0,65,17.0,0.00,984.5,11.3,323.0
2025-12-12T22:00,22.6,76,18.1,0.00,985.2,5.1,122.0
2025-12-12T23:00,20.7,81,17.4,0.00,985.8,6.9,8.0
2025-12-13T00:00,20.0,84,17.1,0.00,986.2,8.3,0.0
2025-12-13T01:00,19.5,85,17.0,0.00,986.2,7.1,0.0
2025-12-13T02:00,18.8,89,17.0,0.00,986.2,6.3,0.0
2025-12-13T03:00,18.0,93,16.8,0.00,986.2,5.4,0.0
2025-12-13T04:00,17.5,94,16.5,0.00,986.4,4.0,0.0
2025-12-13T05:00,17.6,95,16.8,0.00,985.8,8.7,0.0
2025-12-13T06:00,17.3,97,16.8,0.00,985.8,7.1,0.0
2025-12-13T07:00,16.9,97,16.5,0.00,985.6,6.1,0.0
2025-12-13T08:00,16.7,97,16.2,0.00,985.4,7.6,0.0
2025-12-13T09:00,16.6,96,16.0,0.00,985.9,10.2,0.0
2025-12-13T10:00,17.9,94,16.9,0.00,986.8,11.5,62.0
2025-12-13T11:00,19.8,87,17.5,0.00,987.4,10.3,242.0
2025-12-13T12:00,22.5,81,19.1,0.00,987.3,8.7,456.0
2025-12-13T13:00,24.2,76,19.7,0.00,987.4,10.4,654.0
2025-12-13T14:00,25.8,72,20.4,0.00,987.4,10.7,814.0
2025-12-13T15:00,27.4,64,20.0,0.00,987.3,15.9,929.0
2025-12-13T16:00,27.5,64,20.1,0.00,986.9,13.9,225.0
2025-12-13T17:00,28.7,60,20.1,0.00,986.1,12.0,482.0
2025-12-13T18:00,29.5,54,19.2,0.00,985.3,11.2,637.0
2025-12-13T19:00,29.9,52,18.9,0.00,984.6,9.5,416.0
2025-12-13T20:00,29.9,53,19.4,0.00,983.9,9.4,382.0
2025-12-13T21:00,28.6,65,21.4,0.00,983.5,9.1,206.0
2025-12-13T22:00,26.7,73,21.5,0.00,983.7,9.7,111.0
2025-12-13T23:00,25.0,74,20.0,0.00,984.2,8.5,8.0
2025-12-14T00:00,24.5,77,20.2,0.00,984.3,7.4,0.0
2025-12-14T01:00,24.1,83,21.0,0.00,984.9,10.1,0.0
2025-12-14T02:00,23.5,85,20.8,0.00,985.4,8.3,0.0
2025-12-14T03:00,22.9,87,20.5,0.00,985.7,8.2,0.0
2025-12-14T04:00,22.2,89,20.4,0.00,985.5,7.3,0.0
2025-12-14T05:00,21.6,91,20.1,0.00,985.2,6.3,0.0
2025-12-14T06:00,21.5,91,20.0,0.00,985.0,5.8,0.0
2025-12-14T07:00,21.2,93,20.0,0.00,985.4,6.6,0.0
2025-12-14T08:00,20.5,95,19.6,0.00,985.8,5.5,0.0
2025-12-14T09:00,20.5,95,19.6,0.00,986.0,5.6,0.0
2025-12-14T10:00,22.3,91,20.8,0.00,986.6,8.6,56.0
2025-12-14T11:00,24.4,85,21.8,0.00,987.2,7.3,232.0
2025-12-14T12:00,26.5,78,22.5,0.00,987.6,9.5,436.0
2025-12-14T13:00,28.1,74,23.0,0.00,987.5,8.5,588.0
2025-12-14T14:00,29.0,71,23.2,0.00,987.1,7.5,415.0
2025-12-14T15:00,29.9,66,23.0,0.00,986.5,4.0,582.0
2025-12-14T16:00,30.5,63,22.8,0.10,986.3,7.7,629.0
2025-12-14T17:00,29.8,69,23.5,0.10,986.1,6.6,641.0
2025-12-14T18:00,31.4,62,23.1,0.00,985.0,2.1,738.0
2025-12-14T19:00,31.0,62,23.0,0.20,984.6,2.9,555.0
2025-12-14T20:00,31.0,63,23.1,0.10,984.0,4.6,348.0
2025-12-14T21:00,30.0,69,23.8,0.00,983.6,8.1,220.0
2025-12-14T22:00,28.5,80,24.6,0.00,984.2,7.8,76.0
2025-12-14T23:00,27.4,84,24.4,0.00,985.0,8.5,5.0
2025-12-15T00:00,27.2,78,23.0,0.00,984.9,12.9,0.0
2025-12-15T01:00,27.0,79,23.0,0.00,985.4,13.1,0.0
2025-12-15T02:00,26.4,81,22.8,0.00,985.7,17.2,0.0
2025-12-15T03:00,25.5,85,22.8,0.00,985.5,17.4,0.0
2025-12-15T04:00,24.7,88,22.5,0.00,985.4,16.8,0.0
2025-12-15T05:00,24.2,89,22.2,0.00,984.5,16.3,0.0
2025-12-15T06:00,25.0,86,22.5,0.00,985.1,17.0,0.0
2025-12-15T07:00,25.0,85,22.2,0.00,984.1,19.9,0.0
2025-12-15T08:00,24.8,84,22.0,0.00,984.8,17.8,0.0
2025-12-15T09:00,24.4,86,21.9,0.00,985.2,15.7,0.0
2025-12-15T10:00,22.6,93,21.4,8.60,988.1,12.6,15.0
2025-12-15T11:00,22.5,93,21.4,0.60,986.3,21.7,0.0
2025-12-15T12:00,24.5,89,22.5,0.10,986.5,17.9,17.0
2025-12-15T13:00,25.8,85,23.0,0.00,986.8,14.2,80.0
2025-12-15T14:00,27.6,79,23.5,0.00,986.7,17.2,182.0
2025-12-15T15:00,29.2,75,24.4,0.30,986.7,14.4,564.0
2025-12-15T16:00,26.6,78,22.4,3.00,987.1,16.3,524.0
2025-12-15T17:00,22.7,94,21.7,3.50,986.7,6.3,2.0
2025-12-15T18:00,25.4,81,22.0,5.50,986.9,16.6,49.0
2025-12-15T19:00,25.8,79,21.9,0.10,986.8,24.8,174.0
2025-12-15T20:00,24.0,81,20.5,0.20,987.3,25.2,126.0
2025-12-15T21:00,23.1,85,20.4,0.40,987.1,19.5,36.0
2025-12-15T22:00,22.5,86,20.0,0.00,988.1,14.6,63.0
2025-12-15T23:00,21.8,87,19.5,0.00,988.8,13.6,5.0
2025-12-16T00:00,21.5,93,20.2,0.00,989.7,17.8,0.0
2025-12-16T01:00,21.0,91,19.5,0.00,990.6,21.1,0.0
2025-12-16T02:00,20.4,90,18.6,0.00,991.5,23.8,0.0
2025-12-16T03:00,19.9,87,17.6,0.00,991.6,22.9,0.0
2025-12-16T04:00,19.3,84,16.5,0.00,991.9,22.0,0.0
2025-12-16T05:00,18.5,86,16.2,0.00,992.3,19.1,0.0
2025-12-16T06:00,18.1,92,16.8,0.00,991.9,19.6,0.0
2025-12-16T07:00,17.7,93,16.5,0.00,992.3,19.3,0.0
2025-12-16T08:00,17.4,93,16.3,0.00,993.1,18.9,0.0
2025-12-16T09:00,17.1,96,16.5,0.00,993.7,17.8,0.0
2025-12-16T10:00,18.2,90,16.6,0.00,994.9,20.7,7.0
2025-12-16T11:00,19.0,85,16.5,0.00,995.6,23.2,46.0
2025-12-16T12:00,21.1,76,16.7,0.00,996.7,17.3,352.0
2025-12-16T13:00,22.6,65,15.7,0.00,997.1,17.9,679.0
2025-12-16T14:00,24.0,59,15.4,0.00,997.0,19.0,842.0
2025-12-16T15:00,25.1,53,14.8,0.00,997.0,19.1,948.0
2025-12-16T16:00,25.9,47,13.7,0.00,996.8,18.9,978.0
2025-12-16T17:00,26.4,45,13.6,0.00,996.3,19.6,959.0
2025-12-16T18:00,26.8,42,12.7,0.00,995.9,22.0,877.0
2025-12-16T19:00,26.4,44,13.1,0.00,995.7,20.9,740.0
2025-12-16T20:00,25.9,45,13.1,0.00,995.5,18.6,559.0
2025-12-16T21:00,24.7,51,14.0,0.00,995.3,16.2,347.0
2025-12-16T22:00,22.7,58,13.9,0.00,995.5,15.1,135.0
2025-12-16T23:00,21.4,56,12.3,0.00,996.0,14.5,10.0
2025-12-17T00:00,20.5,57,11.6,0.00,996.4,12.7,0.0
2025-12-17T01:00,20.6,54,11.1,0.00,996.8,16.9,0.0
2025-12-17T02:00,19.9,57,11.0,0.00,997.2,13.2,0.0
2025-12-17T03:00,19.0,60,11.1,0.00,996.8,11.4,0.0
2025-12-17T04:00,18.8,61,11.1,0.00,996.2,13.3,0.0
2025-12-17T05:00,18.3,64,11.3,0.00,995.2,13.1,0.0
2025-12-17T06:00,17.5,68,11.6,0.00,994.8,11.8,0.0
2025-12-17T07:00,16.8,70,11.4,0.00,994.5,11.9,0.0
2025-12-17T08:00,16.3,74,11.6,0.00,994.8,10.8,0.0
2025-12-17T09:00,15.9,75,11.6,0.00,995.3,11.0,0.0
2025-12-17T10:00,17.1,73,12.3,0.00,996.2,12.8,62.0
2025-12-17T11:00,19.1,71,13.7,0.00,996.8,11.5,252.0
2025-12-17T12:00,21.5,61,13.6,0.00,997.0,13.3,474.0
2025-12-17T13:00,23.2,49,11.8,0.00,997.1,17.4,680.0
2025-12-17T14:00,24.1,44,10.9,0.00,996.6,18.0,848.0
2025-12-17T15:00,25.0,43,11.4,0.00,996.2,16.5,964.0
2025-12-17T16:00,25.6,43,12.2,0.00,995.3,15.1,1013.0
2025-12-17T17:00,26.1,44,12.9,0.00,994.3,14.2,996.0
2025-12-17T18:00,26.5,43,12.9,0.00,993.3,13.7,907.0
2025-12-17T19:00,26.5,45,13.5,0.00,992.4,13.1,762.0
2025-12-17T20:00,26.1,47,13.8,0.00,991.6,12.5,569.0
2025-12-17T21:00,25.4,55,15.8,0.00,991.0,10.4,352.0
2025-12-17T22:00,23.4,63,15.9,0.00,990.8,8.9,139.0
2025-12-17T23:00,21.3,64,14.1,0.00,990.7,8.5,11.0
2025-12-18T00:00,20.5,63,13.1,0.00,990.6,8.2,0.0
2025-12-18T01:00,20.2,62,12.8,0.00,990.5,8.2,0.0
2025-12-18T02:00,20.0,63,12.7,0.00,990.8,9.8,0.0
2025-12-18T03:00,19.3,68,13.1,0.00,990.5,10.6,0.0
2025-12-18T04:00,18.6,67,12.4,0.00,990.2,9.8,0.0
2025-12-18T05:00,17.8,70,12.2,0.00,989.7,8.0,0.0
2025-12-18T06:00,17.2,71,11.9,0.00,989.4,7.4,0.0
2025-12-18T07:00,16.6,73,11.8,0.00,989.8,6.5,0.0
2025-12-18T08:00,16.6,73,11.6,0.00,990.4,6.4,0.0
2025-12-18T09:00,16.8,74,12.0,0.00,991.1,6.7,0.0
2025-12-18T10:00,19.0,72,13.8,0.00,992.4,10.2,55.0
2025-12-18T11:00,21.4,73,16.4,0.00,993.2,9.0,190.0
2025-12-18T12:00,24.1,67,17.7,0.00,993.5,8.6,376.0
2025-12-18T13:00,26.1,66,19.3,0.00,993.9,9.7,586.0
2025-12-18T14:00,27.6,69,21.3,0.00,993.9,12.1,718.0
2025-12-18T15:00,29.0,66,22.0,0.00,993.4,13.1,895.0
2025-12-18T16:00,30.1,59,21.1,0.00,992.7,12.2,908.0
2025-12-18T17:00,30.5,58,21.2,0.00,992.1,11.0,812.0
2025-12-18T18:00,30.8,56,20.9,0.00,991.4,9.4,803.0
2025-12-18T19:00,30.9,53,20.3,0.00,990.8,8.0,618.0
2025-12-18T20:00,30.8,52,19.8,0.00,990.0,7.0,513.0
2025-12-18T21:00,30.2,57,20.6,0.00,989.5,5.7,321.0
2025-12-18T22:00,28.4,72,22.8,0.00,989.5,4.2,125.0
2025-12-18T23:00,26.0,72,20.5,0.00,989.6,7.0,10.0
2025-12-19T00:00,25.9,66,19.0,0.00,990.2,7.7,0.0
2025-12-19T01:00,26.0,64,18.6,0.00,990.8,4.1,0.0
2025-12-19T02:00,25.5,63,18.0,0.00,991.1,7.8,0.0
2025-12-19T03:00,24.2,72,18.9,0.00,991.5,8.7,0.0
2025-12-19T04:00,22.5,83,19.5,0.00,991.1,6.5,0.0
2025-12-19T05:00,22.2,83,19.1,0.00,990.5,5.9,0.0
2025-12-19T06:00,22.4,78,18.5,0.00,990.3,7.6,0.0
2025-12-19T07:00,21.7,81,18.2,0.00,990.3,7.5,0.0
2025-12-19T08:00,21.0,83,18.0,0.00,990.6,6.5,0.0
2025-12-19T09:00,20.5,84,17.8,0.00,991.3,5.6,0.0
2025-12-19T10:00,22.3,82,19.1,0.00,992.1,8.8,50.0
2025-12-19T11:00,24.7,80,21.1,0.00,992.6,7.2,235.0
2025-12-19T12:00,27.1,72,21.6,0.00,992.6,8.5,451.0
2025-12-19T13:00,29.2,62,21.3,0.00,992.4,10.0,647.0
2025-12-19T14:00,30.5,50,19.1,0.00,992.1,16.7,810.0
2025-12-19T15:00,31.1,49,19.0,0.00,991.7,19.3,922.0
2025-12-19T16:00,31.3,49,19.3,0.00,991.1,19.6,965.0
2025-12-19T17:00,31.5,49,19.5,0.00,990.3,18.3,955.0
2025-12-19T18:00,32.0,49,19.8,0.00,989.3,16.8,874.0
2025-12-19T19:00,31.9,48,19.5,0.00,988.5,16.4,733.0
2025-12-19T20:00,31.3,49,19.4,0.00,987.7,16.1,546.0
2025-12-19T21:00,30.4,56,20.5,0.00,987.2,13.0,338.0
2025-12-19T22:00,28.5,60,20.1,0.00,987.3,12.8,134.0
2025-12-19T23:00,27.6,59,19.0,0.00,987.8,16.2,11.0
2025-12-20T00:00,26.7,61,18.5,0.00,988.3,13.2,0.0
2025-12-20T01:00,26.0,65,18.8,0.00,988.7,13.0,0.0
2025-12-20T02:00,25.0,69,18.9,0.00,989.2,11.0,0.0
2025-12-20T03:00,24.4,71,18.8,0.00,989.0,13.1,0.0
2025-12-20T04:00,23.7,74,18.9,0.00,988.7,14.2,0.0
2025-12-20T05:00,23.2,75,18.6,0.00,988.2,15.8,0.0
2025-12-20T06:00,22.9,79,19.0,0.00,988.0,16.0,0.0
2025-12-20T07:00,22.0,81,18.6,0.00,987.9,13.1,0.0
2025-12-20T08:00,21.4,83,18.3,0.00,988.1,14.4,0.0
2025-12-20T09:00,21.0,82,17.8,0.00,988.5,14.5,0.0
2025-12-20T10:00,22.5,77,18.4,0.00,989.0,15.7,58.0
2025-12-20T11:00,24.5,77,20.2,0.00,989.1,14.3,239.0
2025-12-20T12:00,27.5,67,20.9,0.00,989.4,16.3,447.0
2025-12-20T13:00,29.4,62,21.4,0.00,989.3,19.8,639.0
2025-12-20T14:00,30.9,60,22.2,0.00,988.6,24.6,798.0
2025-12-20T15:00,32.1,57,22.4,0.00,988.1,26.2,905.0
2025-12-20T16:00,32.8,52,21.6,0.00,987.5,25.7,885.0
2025-12-20T17:00,33.0,50,21.2,0.00,987.0,23.8,782.0
2025-12-20T18:00,33.5,49,21.5,0.00,986.3,22.4,742.0
2025-12-20T19:00,33.5,48,21.1,0.00,985.4,19.2,650.0
2025-12-20T20:00,33.3,50,21.5,0.00,984.4,18.8,477.0
2025-12-20T21:00,32.0,57,22.5,0.00,984.4,17.9,313.0
2025-12-20T22:00,30.6,63,22.9,0.00,985.4,12.9,118.0
2025-12-20T23:00,29.2,68,22.6,0.00,986.3,11.3,10.0
2025-12-21T00:00,29.6,65,22.5,0.00,985.3,18.2,0.0
2025-12-21T01:00,29.4,66,22.5,0.00,986.5,19.0,0.0
2025-12-21T02:00,28.9,68,22.4,0.00,986.7,20.0,0.0
2025-12-21T03:00,28.6,69,22.4,0.00,985.9,23.2,0.0
2025-12-21T04:00,28.2,72,22.6,0.00,986.3,16.2,0.0
2025-12-21T05:00,27.7,74,22.7,0.00,986.1,15.0,0.0
2025-12-21T06:00,27.8,75,23.0,0.00,984.6,19.8,0.0
2025-12-21T07:00,27.4,77,23.0,0.10,984.7,21.4,0.0
2025-12-21T08:00,26.8,80,23.1,0.90,984.8,20.7,0.0
2025-12-21T09:00,25.9,86,23.4,0.10,985.5,16.3,0.0
2025-12-21T10:00,25.0,91,23.5,8.70,986.7,18.7,0.0
2025-12-21T11:00,24.5,93,23.2,12.70,987.8,13.5,0.0
2025-12-21T12:00,24.0,94,23.0,2.30,987.7,16.9,0.0
2025-12-21T13:00,24.0,97,23.5,3.40,988.8,13.3,0.0
2025-12-21T14:00,23.6,97,23.2,13.10,989.4,15.9,0.0
2025-12-21T15:00,23.5,98,23.1,15.00,990.0,14.7,0.0
2025-12-21T16:00,23.5,99,23.4,9.60,989.5,6.8,0.0
2025-12-21T17:00,24.7,93,23.5,0.60,988.6,6.9,14.0
2025-12-21T18:00,24.2,93,23.0,0.10,988.5,7.3,77.0
2025-12-21T19:00,24.9,88,22.8,0.00,987.8,8.8,40.0
2025-12-21T20:00,25.1,86,22.5,0.20,987.9,5.5,21.0
2025-12-21T21:00,24.5,89,22.5,0.60,987.2,0.9,0.0
2025-12-21T22:00,24.2,93,23.1,0.00,987.3,6.1,0.0
2025-12-21T23:00,23.8,95,22.9,0.30,988.0,8.8,0.0
2025-12-22T00:00,24.6,89,22.8,0.20,988.2,8.4,0.0
2025-12-22T01:00,24.1,92,22.8,0.00,988.6,9.3,0.0
2025-12-22T02:00,23.6,95,22.8,0.00,989.1,7.3,0.0
2025-12-22T03:00,23.4,96,22.7,0.00,987.9,8.7,0.0
2025-12-22T04:00,23.1,96,22.4,0.00,987.9,8.2,0.0
2025-12-22T05:00,22.9,95,22.0,0.00,987.8,8.1,0.0
2025-12-22T06:00,22.9,91,21.4,0.00,985.4,9.7,0.0
2025-12-22T07:00,22.5,92,21.2,0.00,986.1,8.9,0.0
2025-12-22T08:00,22.5,92,21.2,1.00,986.6,7.3,0.0
2025-12-22T09:00,22.1,97,21.5,11.30,987.8,9.0,0.0
2025-12-22T10:00,22.6,96,22.0,0.10,988.6,3.6,0.0
2025-12-22T11:00,22.7,98,22.5,4.80,990.2,6.0,0.0
2025-12-22T12:00,23.5,94,22.5,1.10,988.7,13.8,0.0
2025-12-22T13:00,23.5,95,22.6,8.30,989.9,1.3,1.0
2025-12-22T14:00,24.1,94,23.1,0.10,989.9,5.3,1.0
2025-12-22T15:00,25.8,88,23.6,0.20,989.2,5.0,52.0
2025-12-22T16:00,27.4,81,24.0,0.30,989.2,7.3,287.0
2025-12-22T17:00,27.8,78,23.5,0.20,988.5,7.0,76.0
2025-12-22T18:00,26.2,88,24.1,0.20,988.2,2.5,116.0
2025-12-22T19:00,26.1,90,24.3,4.60,987.8,1.7,14.0
2025-12-22T20:00,25.9,92,24.5,0.20,987.0,6.0,8.0
2025-12-22T21:00,25.7,91,24.1,0.20,987.1,11.7,12.0
2025-12-22T22:00,24.9,96,24.2,0.10,987.0,11.2,0.0
2025-12-22T23:00,24.2,96,23.6,0.10,987.1,10.0,1.0
2025-12-23T00:00,24.0,96,23.5,0.00,988.8,3.4,0.0
2025-12-23T01:00,24.1,96,23.5,0.00,989.0,5.2,0.0
2025-12-23T02:00,24.0,96,23.2,0.00,989.1,7.3,0.0
2025-12-23T03:00,23.9,95,23.1,0.20,989.1,9.6,0.0
2025-12-23T04:00,23.6,96,23.0,0.20,988.5,11.4,0.0
2025-12-23T05:00,23.2,97,22.8,0.10,987.7,12.2,0.0
2025-12-23T06:00,23.4,98,23.0,0.20,987.5,13.2,0.0
2025-12-23T07:00,23.1,99,23.0,0.10,987.6,11.1,0.0
2025-12-23T08:00,23.0,99,22.8,0.10,988.2,7.6,0.0
2025-12-23T09:00,22.9,99,22.8,0.10,988.6,6.9,0.0
2025-12-23T10:00,23.6,99,23.4,0.20,989.3,5.6,14.0
2025-12-23T11:00,23.9,97,23.4,0.30,989.8,6.6,16.0
2025-12-23T12:00,24.0,96,23.2,0.00,990.4,1.0,1.0
2025-12-23T13:00,25.2,89,23.3,0.00,990.7,6.7,32.0
2025-12-23T14:00,25.3,90,23.5,0.00,990.8,6.7,2.0
2025-12-23T15:00,26.0,86,23.5,0.10,990.5,5.8,36.0
2025-12-23T16:00,27.4,81,23.8,0.20,990.1,4.1,207.0
2025-12-23T17:00,28.4,79,24.4,0.10,989.3,2.2,348.0
2025-12-23T18:00,24.5,93,23.3,0.10,989.6,9.8,497.0
2025-12-23T19:00,25.5,86,22.9,1.20,988.9,4.4,156.0
2025-12-23T20:00,25.0,90,23.4,1.30,988.8,7.2,63.0
2025-12-23T21:00,25.2,90,23.4,0.10,988.2,8.3,197.0
2025-12-23T22:00,24.6,91,23.1,0.00,988.7,8.9,75.0
2025-12-23T23:00,23.6,97,23.1,0.00,989.2,10.0,9.0
2025-12-24T00:00,24.2,98,23.8,0.00,989.1,9.4,0.0
2025-12-24T01:00,24.0,97,23.6,0.00,989.5,12.7,0.0
2025-12-24T02:00,24.0,97,23.5,0.00,989.9,11.9,0.0
2025-12-24T03:00,23.9,98,23.5,0.00,990.0,11.1,0.0
2025-12-24T04:00,23.7,99,23.5,0.00,989.6,10.9,0.0
2025-12-24T05:00,23.5,99,23.3,0.00,989.0,10.3,0.0
2025-12-24T06:00,23.8,99,23.5,0.00,988.9,10.2,0.0
2025-12-24T07:00,23.5,99,23.3,0.00,988.8,9.2,0.0
2025-12-24T08:00,23.4,96,22.8,0.50,989.3,10.2,0.0
2025-12-24T09:00,23.4,99,23.1,0.20,989.7,9.0,0.0
2025-12-24T10:00,22.9,97,22.3,0.30,990.4,8.5,1.0
2025-12-24T11:00,23.5,93,22.3,0.10,990.5,12.4,35.0
2025-12-24T12:00,25.1,91,23.5,4.00,990.8,11.4,24.0
2025-12-24T13:00,26.1,90,24.4,0.20,990.8,8.8,64.0
2025-12-24T14:00,27.2,84,24.4,0.20,990.5,13.4,99.0
2025-12-24T15:00,28.6,79,24.6,0.20,990.1,15.2,251.0
2025-12-24T16:00,29.7,75,24.8,0.20,989.8,15.6,708.0
2025-12-24T17:00,29.9,74,24.8,0.20,988.7,15.2,464.0
2025-12-24T18:00,24.9,94,23.8,6.20,989.7,6.7,49.0
2025-12-24T19:00,27.4,83,24.1,0.20,989.1,6.6,109.0
2025-12-24T20:00,28.0,80,24.2,0.10,988.0,7.7,137.0
2025-12-24T21:00,27.5,83,24.4,0.00,987.6,10.7,66.0
2025-12-24T22:00,26.9,86,24.5,0.00,988.2,10.5,101.0
2025-12-24T23:00,25.8,91,24.2,0.00,989.0,8.4,7.0
2025-12-25T00:00,25.6,88,23.6,0.00,988.9,8.5,0.0
2025-12-25T01:00,25.4,90,23.5,0.00,989.5,8.6,0.0
2025-12-25T02:00,25.2,91,23.7,0.00,990.1,9.0,0.0
2025-12-25T03:00,25.1,93,23.9,0.00,990.3,10.3,0.0
2025-12-25T04:00,25.2,92,23.9,0.00,989.9,11.6,0.0
2025-12-25T05:00,24.9,94,23.8,0.00,989.0,13.4,0.0
2025-12-25T06:00,23.5,99,23.3,0.60,990.2,11.3,0.0
2025-12-25T07:00,23.4,99,23.1,1.40,988.2,15.9,0.0
2025-12-25T08:00,23.5,98,23.1,0.90,988.6,13.0,0.0
2025-12-25T09:00,23.3,99,23.0,2.20,989.2,7.6,0.0
2025-12-25T10:00,23.6,98,23.4,2.30,989.5,10.1,0.0
2025-12-25T11:00,23.5,99,23.4,4.90,990.5,10.2,0.0
2025-12-25T12:00,25.4,94,24.3,1.20,990.3,9.9,1.0
2025-12-25T13:00,27.6,86,25.1,0.60,991.2,13.6,483.0
2025-12-25T14:00,26.4,88,24.2,1.20,991.9,11.1,161.0
2025-12-25T15:00,24.6,92,23.2,8.50,992.4,4.9,3.0
2025-12-25T16:00,24.7,94,23.6,0.10,991.3,10.7,0.0
2025-12-25T17:00,26.1,88,24.0,0.10,991.4,10.8,30.0
2025-12-25T18:00,25.4,88,23.1,0.50,991.3,9.3,14.0
2025-12-25T19:00,25.9,85,23.1,0.30,990.6,10.3,122.0
2025-12-25T20:00,26.1,83,23.1,0.40,990.3,7.4,143.0
2025-12-25T21:00,24.5,94,23.5,1.10,990.1,6.2,10.0
2025-12-25T22:00,24.1,97,23.5,0.60,990.3,3.7,0.0
2025-12-25T23:00,24.0,98,23.6,0.40,990.6,3.4,0.0
2025-12-26T00:00,22.6,95,21.7,0.00,990.6,2.7,0.0
2025-12-26T01:00,22.0,96,21.3,0.00,991.2,1.0,0.0
2025-12-26T02:00,21.8,97,21.2,0.00,991.9,0.4,0.0
2025-12-26T03:00,21.5,98,21.0,0.00,992.3,1.6,0.0
2025-12-26T04:00,21.6,98,21.2,0.00,992.0,4.8,0.0
2025-12-26T05:00,21.5,96,20.9,0.00,991.6,6.3,0.0
2025-12-26T06:00,21.7,97,21.1,0.00,991.0,5.6,0.0
2025-12-26T07:00,21.8,97,21.2,0.00,990.7,9.0,0.0
2025-12-26T08:00,22.0,97,21.5,0.00,990.8,10.0,0.0
2025-12-26T09:00,22.0,98,21.7,0.00,991.0,10.0,0.0
2025-12-26T10:00,22.5,96,22.0,0.00,991.8,9.7,13.0
2025-12-26T11:00,23.5,94,22.5,0.00,992.4,8.2,101.0
2025-12-26T12:00,25.1,90,23.4,0.00,992.6,9.9,168.0
2025-12-26T13:00,27.0,83,23.9,0.00,992.6,10.1,586.0
2025-12-26T14:00,28.7,76,24.0,0.00,992.2,10.7,725.0
2025-12-26T15:00,28.5,71,22.8,2.50,992.2,16.8,686.0
2025-12-26T16:00,27.8,77,23.5,3.50,991.5,10.9,362.0
2025-12-26T17:00,29.5,76,24.8,0.60,990.7,13.9,589.0
2025-12-26T18:00,29.8,74,24.6,0.00,990.2,9.1,506.0
2025-12-26T19:00,26.2,88,24.1,0.60,989.7,10.3,36.0
2025-12-26T20:00,26.6,88,24.4,0.00,989.0,4.5,0.0
2025-12-26T21:00,27.2,87,24.8,0.00,988.7,5.5,98.0
2025-12-26T22:00,26.8,88,24.5,0.00,988.7,8.0,69.0
2025-12-26T23:00,25.8,91,24.1,0.00,989.2,7.8,4.0
2025-12-27T00:00,25.2,94,24.2,0.00,989.9,12.6,0.0
2025-12-27T01:00,24.8,94,23.8,0.00,990.2,12.2,0.0
2025-12-27T02:00,24.5,95,23.6,0.00,990.4,13.1,0.0
2025-12-27T03:00,24.4,95,23.5,0.00,990.1,13.3,0.0
2025-12-27T04:00,24.2,95,23.5,0.00,989.8,13.8,0.0
2025-12-27T05:00,24.3,94,23.2,0.00,989.3,13.9,0.0
2025-12-27T06:00,24.1,91,22.5,0.00,989.1,15.2,0.0
2025-12-27T07:00,23.9,91,22.4,0.00,989.2,15.0,0.0
2025-12-27T08:00,24.0,90,22.3,0.00,989.9,14.2,0.0
2025-12-27T09:00,23.9,90,22.1,0.00,990.4,13.5,0.0
2025-12-27T10:00,24.7,88,22.6,0.00,990.9,15.3,43.0
2025-12-27T11:00,26.2,85,23.5,0.00,991.3,13.1,207.0
2025-12-27T12:00,28.6,77,24.1,0.00,992.4,14.9,412.0
2025-12-27T13:00,30.0,72,24.2,0.00,992.4,19.0,610.0
2025-12-27T14:00,31.0,67,24.2,0.00,992.1,21.6,771.0
2025-12-27T15:00,32.0,63,24.0,0.00,991.8,21.8,887.0
2025-12-27T16:00,32.7,58,23.5,0.00,991.7,18.9,940.0
2025-12-27T17:00,33.0,58,23.5,0.00,991.4,16.6,915.0
2025-12-27T18:00,32.8,56,22.9,0.00,990.6,14.4,573.0
2025-12-27T19:00,32.6,57,23.0,0.00,989.8,13.7,544.0
2025-12-27T20:00,31.7,61,23.2,0.10,989.1,11.6,368.0
2025-12-27T21:00,30.8,68,24.3,0.00,988.9,8.1,249.0
2025-12-27T22:00,30.2,77,25.6,0.00,989.6,2.7,98.0
2025-12-27T23:00,28.5,81,25.0,0.00,990.0,1.3,12.0
2025-12-28T00:00,27.2,84,24.2,0.00,990.6,9.2,0.0
2025-12-28T01:00,27.0,80,23.1,0.00,991.1,12.8,0.0
2025-12-28T02:00,26.2,83,23.0,0.00,991.6,14.0,0.0
2025-12-28T03:00,25.6,87,23.2,0.00,991.2,11.1,0.0
2025-12-28T04:00,25.0,90,23.2,0.00,990.7,10.3,0.0
2025-12-28T05:00,24.6,92,23.2,0.00,990.0,10.2,0.0
2025-12-28T06:00,24.1,96,23.5,0.00,990.0,10.3,0.0
2025-12-28T07:00,24.0,96,23.2,0.00,989.3,13.9,0.0
2025-12-28T08:00,23.7,96,23.0,0.00,989.9,11.3,0.0
2025-12-28T09:00,23.5,95,22.6,0.00,990.1,9.6,0.0
2025-12-28T10:00,24.4,92,23.0,0.00,990.5,13.3,39.0
2025-12-28T11:00,25.9,87,23.5,0.00,990.5,12.3,202.0
2025-12-28T12:00,28.0,79,24.0,0.00,991.3,13.9,406.0
2025-12-28T13:00,29.6,73,24.4,0.00,991.8,14.6,605.0
2025-12-28T14:00,30.7,69,24.3,0.00,991.3,16.5,720.0
2025-12-28T15:00,30.0,71,24.1,1.20,991.2,18.8,660.0
2025-12-28T16:00,28.8,78,24.5,0.80,990.9,17.1,449.0
2025-12-28T17:00,30.8,72,25.1,0.10,990.3,8.5,456.0
2025-12-28T18:00,30.9,66,23.9,12.60,989.1,7.3,616.0
2025-12-28T19:00,28.5,78,24.3,1.70,989.0,16.3,513.0
2025-12-28T20:00,29.0,75,24.2,0.10,988.4,6.7,325.0
2025-12-28T21:00,28.6,78,24.4,0.00,988.4,5.7,195.0
2025-12-28T22:00,27.6,83,24.5,0.00,988.5,5.6,78.0
2025-12-28T23:00,26.4,90,24.6,0.00,989.5,2.7,9.0
2025-12-29T00:00,24.1,96,23.4,0.00,990.3,9.7,0.0
2025-12-29T01:00,23.3,98,22.9,6.40,991.0,9.6,0.0
2025-12-29T02:00,23.6,96,23.0,0.00,991.3,11.8,0.0
2025-12-29T03:00,23.4,97,22.9,0.00,990.9,6.2,0.0
2025-12-29T04:00,23.3,97,22.9,0.00,990.4,9.0,0.0
2025-12-29T05:00,23.0,98,22.6,0.00,990.2,8.0,0.0
2025-12-29T06:00,24.0,96,23.2,0.00,989.5,12.8,0.0
2025-12-29T07:00,23.6,97,23.1,0.00,989.4,13.0,0.0
2025-12-29T08:00,23.4,97,22.9,0.00,989.5,12.2,0.0
2025-12-29T09:00,23.2,96,22.6,0.00,990.0,11.4,0.0
2025-12-29T10:00,23.2,96,22.6,0.60,990.4,10.0,0.0
2025-12-29T11:00,23.6,96,23.0,0.20,990.5,8.9,9.0
2025-12-29T12:00,25.6,89,23.7,0.00,991.3,16.3,35.0
2025-12-29T13:00,25.3,93,24.0,0.90,991.1,10.6,1.0
2025-12-29T14:00,26.6,87,24.2,0.10,991.3,14.6,43.0
2025-12-29T15:00,27.2,83,24.1,0.60,990.9,15.9,52.0
2025-12-29T16:00,26.9,86,24.4,1.10,990.6,13.6,193.0
2025-12-29T17:00,27.1,89,25.2,5.10,990.4,8.8,369.0
2025-12-29T18:00,26.3,89,24.3,16.20,990.7,10.7,121.0
2025-12-29T19:00,24.6,91,23.0,7.80,990.0,9.5,10.0
2025-12-29T20:00,24.4,96,23.6,0.70,989.9,7.2,0.0
2025-12-29T21:00,24.3,96,23.6,1.20,989.1,4.4,2.0
2025-12-29T22:00,24.1,97,23.7,0.70,988.7,5.0,0.0
2025-12-29T23:00,23.7,98,23.4,0.10,989.6,8.5,1.0
2025-12-30T00:00,23.9,98,23.5,0.00,989.4,9.7,0.0
2025-12-30T01:00,23.7,98,23.3,0.00,990.0,8.7,0.0
2025-12-30T02:00,23.8,97,23.2,0.00,990.4,9.3,0.0
2025-12-30T03:00,23.6,98,23.2,0.00,991.2,8.8,0.0
2025-12-30T04:00,23.7,99,23.5,0.00,991.1,9.4,0.0
2025-12-30T05:00,23.4,99,23.2,0.00,990.3,6.6,0.0
2025-12-30T06:00,23.2,96,22.5,0.00,989.6,7.6,0.0
2025-12-30T07:00,23.0,96,22.4,0.00,989.6,7.9,0.0
2025-12-30T08:00,22.9,97,22.4,0.00,989.7,7.6,0.0
2025-12-30T09:00,23.0,97,22.5,0.00,990.2,7.9,0.0
2025-12-30T10:00,23.4,96,22.7,0.00,990.6,9.9,8.0
2025-12-30T11:00,24.7,92,23.2,1.40,992.0,6.2,141.0
2025-12-30T12:00,26.0,86,23.5,2.30,992.3,11.1,8.0
2025-12-30T13:00,27.6,79,23.6,0.00,992.6,13.6,578.0
2025-12-30T14:00,28.5,77,24.1,0.10,992.6,12.5,653.0
2025-12-30T15:00,29.0,74,24.0,0.20,992.1,10.6,589.0
2025-12-30T16:00,29.8,70,23.7,0.20,991.6,12.0,734.0
2025-12-30T17:00,24.0,94,23.0,10.40,991.6,17.4,17.0
2025-12-30T18:00,26.6,81,23.1,0.10,991.1,2.7,77.0
2025-12-30T19:00,28.4,76,23.8,0.10,990.1,1.3,538.0
2025-12-30T20:00,29.0,69,22.9,0.10,989.0,4.8,481.0
2025-12-30T21:00,28.6,70,22.6,0.10,988.9,6.2,263.0
2025-12-30T22:00,27.1,79,23.2,0.10,989.5,4.1,96.0
2025-12-30T23:00,25.6,88,23.5,0.00,990.2,8.1,6.0
2025-12-31T00:00,25.0,94,24.0,0.00,990.7,8.8,0.0
2025-12-31T01:00,24.9,94,23.8,0.00,991.1,10.9,0.0
2025-12-31T02:00,24.5,96,23.8,0.10,991.5,12.5,0.0
2025-12-31T03:00,23.9,95,23.1,0.10,991.6,12.4,0.0
2025-12-31T04:00,23.7,96,23.0,0.10,991.2,12.5,0.0
2025-12-31T05:00,23.8,97,23.2,0.00,991.1,13.3,0.0
2025-12-31T06:00,23.5,97,23.0,0.20,990.8,9.7,0.0
2025-12-31T07:00,23.1,98,22.8,0.50,990.6,10.0,0.0
2025-12-31T08:00,23.2,98,22.9,0.00,991.0,11.1,0.0
2025-12-31T09:00,23.3,98,23.0,0.00,991.4,11.4,0.0
2025-12-31T10:00,23.8,98,23.4,0.00,992.0,11.2,26.0
2025-12-31T11:00,24.7,89,22.8,0.00,992.4,15.2,111.0
2025-12-31T12:00,26.5,87,24.2,0.80,992.5,15.8,199.0
2025-12-31T13:00,27.5,82,24.2,0.30,992.4,16.3,490.0
2025-12-31T14:00,27.8,83,24.5,1.10,992.1,11.5,303.0
2025-12-31T15:00,29.1,76,24.5,0.10,991.8,11.1,740.0
2025-12-31T16:00,29.4,72,23.9,0.10,991.0,10.0,469.0
2025-12-31T17:00,29.9,71,24.0,0.20,989.9,9.0,427.0
2025-12-31T18:00,29.7,71,23.9,0.30,989.3,10.4,549.0
2025-12-31T19:00,29.9,74,24.6,0.10,988.6,7.8,565.0
2025-12-31T20:00,29.9,74,24.7,0.10,988.2,5.7,473.0
2025-12-31T21:00,28.5,80,24.7,0.90,987.7,4.4,259.0
2025-12-31T22:00,27.5,87,25.1,0.20,988.1,5.1,26.0
2025-12-31T23:00,26.4,94,25.3,0.00,988.6,6.2,8.0
